curve,x,y,threshold,dataset_split,model_name,model_version
ROC,0.0,0.0,inf,test,logistic_regression,lr-oulad-c105-s42-v4
ROC,0.0,0.0007183908045977011,0.9999908770579083,test,logistic_regression,lr-oulad-c105-s42-v4
ROC,0.0,0.2435344827586207,0.9829424384961686,test,logistic_regression,lr-oulad-c105-s42-v4
ROC,0.00045495905368516835,0.2435344827586207,0.982892722468095,test,logistic_regression,lr-oulad-c105-s42-v4
ROC,0.00045495905368516835,0.29310344827586204,0.9693035189988268,test,logistic_regression,lr-oulad-c105-s42-v4
ROC,0.0009099181073703367,0.29310344827586204,0.9686298080142056,test,logistic_regression,lr-oulad-c105-s42-v4
ROC,0.0009099181073703367,0.3139367816091954,0.9616525219929014,test,logistic_regression,lr-oulad-c105-s42-v4
ROC,0.001364877161055505,0.3139367816091954,0.961558837011209,test,logistic_regression,lr-oulad-c105-s42-v4
ROC,0.001364877161055505,0.32686781609195403,0.95636332017617,test,logistic_regression,lr-oulad-c105-s42-v4
ROC,0.0018198362147406734,0.32686781609195403,0.9563076681223185,test,logistic_regression,lr-oulad-c105-s42-v4
ROC,0.0018198362147406734,0.33045977011494254,0.9549380756561643,test,logistic_regression,lr-oulad-c105-s42-v4
ROC,0.0022747952684258415,0.33045977011494254,0.9545949876291056,test,logistic_regression,lr-oulad-c105-s42-v4
ROC,0.0022747952684258415,0.34626436781609193,0.9475552857630268,test,logistic_regression,lr-oulad-c105-s42-v4
ROC,0.0022747952684258415,0.34770114942528735,0.9470017691142959,test,logistic_regression,lr-oulad-c105-s42-v4
ROC,0.0022747952684258415,0.34913793103448276,0.9463414184561437,test,logistic_regression,lr-oulad-c105-s42-v4
ROC,0.0031847133757961785,0.34913793103448276,0.9455086357113885,test,logistic_regression,lr-oulad-c105-s42-v4
ROC,0.0031847133757961785,0.35272988505747127,0.9449182365507766,test,logistic_regression,lr-oulad-c105-s42-v4
ROC,0.003639672429481347,0.35272988505747127,0.9448666962695178,test,logistic_regression,lr-oulad-c105-s42-v4
ROC,0.003639672429481347,0.3613505747126437,0.9367351247095147,test,logistic_regression,lr-oulad-c105-s42-v4
ROC,0.004094631483166515,0.3613505747126437,0.936670467913211,test,logistic_regression,lr-oulad-c105-s42-v4
ROC,0.004094631483166515,0.3670977011494253,0.9271367406399951,test,logistic_regression,lr-oulad-c105-s42-v4
ROC,0.004549590536851683,0.3670977011494253,0.9271225652410363,test,logistic_regression,lr-oulad-c105-s42-v4
ROC,0.004549590536851683,0.37212643678160917,0.9262989755923003,test,logistic_regression,lr-oulad-c105-s42-v4
ROC,0.005004549590536852,0.37212643678160917,0.9262682444863903,test,logistic_regression,lr-oulad-c105-s42-v4
ROC,0.005004549590536852,0.3857758620689655,0.9151620575726023,test,logistic_regression,lr-oulad-c105-s42-v4
ROC,0.00545950864422202,0.3857758620689655,0.9142691122630162,test,logistic_regression,lr-oulad-c105-s42-v4
ROC,0.00545950864422202,0.3915229885057471,0.9066114725804292,test,logistic_regression,lr-oulad-c105-s42-v4
ROC,0.005914467697907188,0.3915229885057471,0.9049476588751544,test,logistic_regression,lr-oulad-c105-s42-v4
ROC,0.005914467697907188,0.4202586206896552,0.8802357375929961,test,logistic_regression,lr-oulad-c105-s42-v4
ROC,0.006824385805277525,0.4202586206896552,0.877332396843302,test,logistic_regression,lr-oulad-c105-s42-v4
ROC,0.006824385805277525,0.42169540229885055,0.8766309574093182,test,logistic_regression,lr-oulad-c105-s42-v4
ROC,0.007279344858962694,0.42169540229885055,0.8756089460847412,test,logistic_regression,lr-oulad-c105-s42-v4
ROC,0.007279344858962694,0.4260057471264368,0.8662078839174951,test,logistic_regression,lr-oulad-c105-s42-v4
ROC,0.0077343039126478615,0.4260057471264368,0.8657451912503538,test,logistic_regression,lr-oulad-c105-s42-v4
ROC,0.0077343039126478615,0.4360632183908046,0.8489644685652397,test,logistic_regression,lr-oulad-c105-s42-v4
ROC,0.00818926296633303,0.4360632183908046,0.8453016555351882,test,logistic_regression,lr-oulad-c105-s42-v4
ROC,0.00818926296633303,0.4475574712643678,0.8327405997734458,test,logistic_regression,lr-oulad-c105-s42-v4
ROC,0.009099181073703366,0.4475574712643678,0.8322248437072421,test,logistic_regression,lr-oulad-c105-s42-v4
ROC,0.009099181073703366,0.4489942528735632,0.8309328883239637,test,logistic_regression,lr-oulad-c105-s42-v4
ROC,0.009554140127388535,0.4489942528735632,0.8303021980733475,test,logistic_regression,lr-oulad-c105-s42-v4
ROC,0.009554140127388535,0.44971264367816094,0.829338742083427,test,logistic_regression,lr-oulad-c105-s42-v4
ROC,0.010009099181073703,0.44971264367816094,0.8289214153648756,test,logistic_regression,lr-oulad-c105-s42-v4
ROC,0.010009099181073703,0.4561781609195402,0.8254768705549325,test,logistic_regression,lr-oulad-c105-s42-v4
ROC,0.011373976342129208,0.4561781609195402,0.8248367335984106,test,logistic_regression,lr-oulad-c105-s42-v4
ROC,0.011373976342129208,0.45689655172413796,0.8245545282390087,test,logistic_regression,lr-oulad-c105-s42-v4
ROC,0.012283894449499545,0.45689655172413796,0.8237246363610281,test,logistic_regression,lr-oulad-c105-s42-v4
ROC,0.012283894449499545,0.45761494252873564,0.8232453519059688,test,logistic_regression,lr-oulad-c105-s42-v4
ROC,0.012738853503184714,0.45761494252873564,0.8212448734089453,test,logistic_regression,lr-oulad-c105-s42-v4
ROC,0.012738853503184714,0.4640804597701149,0.8172273232069296,test,logistic_regression,lr-oulad-c105-s42-v4
ROC,0.013193812556869881,0.4640804597701149,0.8171319457949117,test,logistic_regression,lr-oulad-c105-s42-v4
ROC,0.013193812556869881,0.46695402298850575,0.8135646008052081,test,logistic_regression,lr-oulad-c105-s42-v4
ROC,0.01364877161055505,0.46695402298850575,0.813188638216777,test,logistic_regression,lr-oulad-c105-s42-v4
ROC,0.01364877161055505,0.4676724137931034,0.813115372136524,test,logistic_regression,lr-oulad-c105-s42-v4
ROC,0.014103730664240218,0.4676724137931034,0.8120591397033535,test,logistic_regression,lr-oulad-c105-s42-v4
ROC,0.014103730664240218,0.4755747126436782,0.8043805842266933,test,logistic_regression,lr-oulad-c105-s42-v4
ROC,0.014558689717925387,0.4755747126436782,0.8033518307829518,test,logistic_regression,lr-oulad-c105-s42-v4
ROC,0.014558689717925387,0.47772988505747127,0.8014493202124737,test,logistic_regression,lr-oulad-c105-s42-v4
ROC,0.01592356687898089,0.47772988505747127,0.7967582957557747,test,logistic_regression,lr-oulad-c105-s42-v4
ROC,0.01592356687898089,0.4827586206896552,0.7883680521333589,test,logistic_regression,lr-oulad-c105-s42-v4
ROC,0.01637852593266606,0.4827586206896552,0.7880734632080207,test,logistic_regression,lr-oulad-c105-s42-v4
ROC,0.01637852593266606,0.4849137931034483,0.7868813836671,test,logistic_regression,lr-oulad-c105-s42-v4
ROC,0.01683348498635123,0.4849137931034483,0.7858254377938977,test,logistic_regression,lr-oulad-c105-s42-v4
ROC,0.01683348498635123,0.48563218390804597,0.7856202678992956,test,logistic_regression,lr-oulad-c105-s42-v4
ROC,0.017743403093721567,0.48563218390804597,0.7817318592838963,test,logistic_regression,lr-oulad-c105-s42-v4
ROC,0.017743403093721567,0.4892241379310345,0.7797739724989512,test,logistic_regression,lr-oulad-c105-s42-v4
ROC,0.018198362147406732,0.4892241379310345,0.7784786416473509,test,logistic_regression,lr-oulad-c105-s42-v4
ROC,0.018198362147406732,0.4899425287356322,0.7769942453816385,test,logistic_regression,lr-oulad-c105-s42-v4
ROC,0.0186533212010919,0.4899425287356322,0.7766368175393203,test,logistic_regression,lr-oulad-c105-s42-v4
ROC,0.0186533212010919,0.49137931034482757,0.7754575989997491,test,logistic_regression,lr-oulad-c105-s42-v4
ROC,0.01910828025477707,0.49137931034482757,0.7742872274095592,test,logistic_regression,lr-oulad-c105-s42-v4
ROC,0.01910828025477707,0.4920977011494253,0.7742354421151166,test,logistic_regression,lr-oulad-c105-s42-v4
ROC,0.019563239308462238,0.4920977011494253,0.771706922942061,test,logistic_regression,lr-oulad-c105-s42-v4
ROC,0.019563239308462238,0.4964080459770115,0.7665804987053505,test,logistic_regression,lr-oulad-c105-s42-v4
ROC,0.020473157415832575,0.4964080459770115,0.7657395659545949,test,logistic_regression,lr-oulad-c105-s42-v4
ROC,0.020473157415832575,0.5007183908045977,0.7580312024301115,test,logistic_regression,lr-oulad-c105-s42-v4
ROC,0.020928116469517744,0.5007183908045977,0.7563693458694312,test,logistic_regression,lr-oulad-c105-s42-v4
ROC,0.020928116469517744,0.5028735632183908,0.7546959302058972,test,logistic_regression,lr-oulad-c105-s42-v4
ROC,0.021383075523202913,0.5028735632183908,0.7545792854696523,test,logistic_regression,lr-oulad-c105-s42-v4
ROC,0.021383075523202913,0.5079022988505747,0.7488995098526201,test,logistic_regression,lr-oulad-c105-s42-v4
ROC,0.02183803457688808,0.5079022988505747,0.7477548620289363,test,logistic_regression,lr-oulad-c105-s42-v4
ROC,0.02183803457688808,0.5100574712643678,0.7461238922682296,test,logistic_regression,lr-oulad-c105-s42-v4
ROC,0.022292993630573247,0.5100574712643678,0.7432860262243556,test,logistic_regression,lr-oulad-c105-s42-v4
ROC,0.022292993630573247,0.5122126436781609,0.7410285993789453,test,logistic_regression,lr-oulad-c105-s42-v4
ROC,0.022747952684258416,0.5122126436781609,0.7403207828790493,test,logistic_regression,lr-oulad-c105-s42-v4
ROC,0.022747952684258416,0.5150862068965517,0.7387388880182253,test,logistic_regression,lr-oulad-c105-s42-v4
ROC,0.023202911737943584,0.5150862068965517,0.738541664697002,test,logistic_regression,lr-oulad-c105-s42-v4
ROC,0.023202911737943584,0.5158045977011494,0.7378282216410893,test,logistic_regression,lr-oulad-c105-s42-v4
ROC,0.023657870791628753,0.5158045977011494,0.7367297257983065,test,logistic_regression,lr-oulad-c105-s42-v4
ROC,0.023657870791628753,0.5222701149425287,0.7250456803213601,test,logistic_regression,lr-oulad-c105-s42-v4
ROC,0.024112829845313922,0.5222701149425287,0.7241228970237102,test,logistic_regression,lr-oulad-c105-s42-v4
ROC,0.024112829845313922,0.5272988505747126,0.7180787425019721,test,logistic_regression,lr-oulad-c105-s42-v4
ROC,0.02456778889899909,0.5272988505747126,0.7161327127450321,test,logistic_regression,lr-oulad-c105-s42-v4
ROC,0.02456778889899909,0.5280172413793104,0.7160783382696541,test,logistic_regression,lr-oulad-c105-s42-v4
ROC,0.025477707006369428,0.5280172413793104,0.7144449525166019,test,logistic_regression,lr-oulad-c105-s42-v4
ROC,0.025477707006369428,0.5287356321839081,0.7144149053295019,test,logistic_regression,lr-oulad-c105-s42-v4
ROC,0.025932666060054597,0.5287356321839081,0.7137861223229094,test,logistic_regression,lr-oulad-c105-s42-v4
ROC,0.025932666060054597,0.5344827586206896,0.7068060596930553,test,logistic_regression,lr-oulad-c105-s42-v4
ROC,0.026387625113739762,0.5344827586206896,0.7066482982239732,test,logistic_regression,lr-oulad-c105-s42-v4
ROC,0.026387625113739762,0.5352011494252874,0.7057570378387936,test,logistic_regression,lr-oulad-c105-s42-v4
ROC,0.02684258416742493,0.5352011494252874,0.7048355788096904,test,logistic_regression,lr-oulad-c105-s42-v4
ROC,0.02684258416742493,0.5359195402298851,0.7043534238098705,test,logistic_regression,lr-oulad-c105-s42-v4
ROC,0.0272975432211101,0.5359195402298851,0.7033449004319621,test,logistic_regression,lr-oulad-c105-s42-v4
ROC,0.0272975432211101,0.5373563218390804,0.7021073182547016,test,logistic_regression,lr-oulad-c105-s42-v4
ROC,0.028662420382165606,0.5373563218390804,0.6996099629223417,test,logistic_regression,lr-oulad-c105-s42-v4
ROC,0.028662420382165606,0.5445402298850575,0.6866328710545108,test,logistic_regression,lr-oulad-c105-s42-v4
ROC,0.029572338489535943,0.5445402298850575,0.6835448848172627,test,logistic_regression,lr-oulad-c105-s42-v4
ROC,0.029572338489535943,0.5452586206896551,0.6831884208330571,test,logistic_regression,lr-oulad-c105-s42-v4
ROC,0.03002729754322111,0.5452586206896551,0.6829683850649859,test,logistic_regression,lr-oulad-c105-s42-v4
ROC,0.03002729754322111,0.548132183908046,0.6772102375169319,test,logistic_regression,lr-oulad-c105-s42-v4
ROC,0.030482256596906277,0.548132183908046,0.6769545020138334,test,logistic_regression,lr-oulad-c105-s42-v4
ROC,0.030482256596906277,0.5502873563218391,0.6732075009551236,test,logistic_regression,lr-oulad-c105-s42-v4
ROC,0.030937215650591446,0.5502873563218391,0.6728035401804641,test,logistic_regression,lr-oulad-c105-s42-v4
ROC,0.030937215650591446,0.5531609195402298,0.6699793447601222,test,logistic_regression,lr-oulad-c105-s42-v4
ROC,0.03139217470427662,0.5531609195402298,0.6690757310736748,test,logistic_regression,lr-oulad-c105-s42-v4
ROC,0.03139217470427662,0.5545977011494253,0.6665940666847606,test,logistic_regression,lr-oulad-c105-s42-v4
ROC,0.03184713375796178,0.5545977011494253,0.6659736481718799,test,logistic_regression,lr-oulad-c105-s42-v4
ROC,0.03184713375796178,0.5560344827586207,0.6651338268310797,test,logistic_regression,lr-oulad-c105-s42-v4
ROC,0.033212010919017286,0.5560344827586207,0.6647335591589126,test,logistic_regression,lr-oulad-c105-s42-v4
ROC,0.033212010919017286,0.5589080459770115,0.6604826856735375,test,logistic_regression,lr-oulad-c105-s42-v4
ROC,0.034121929026387623,0.5589080459770115,0.6601464434892403,test,logistic_regression,lr-oulad-c105-s42-v4
ROC,0.034121929026387623,0.5596264367816092,0.658811793919764,test,logistic_regression,lr-oulad-c105-s42-v4
ROC,0.034576888080072796,0.5596264367816092,0.658048315498995,test,logistic_regression,lr-oulad-c105-s42-v4
ROC,0.034576888080072796,0.5603448275862069,0.6572527404028797,test,logistic_regression,lr-oulad-c105-s42-v4
ROC,0.03548680618744313,0.5603448275862069,0.6565538914125113,test,logistic_regression,lr-oulad-c105-s42-v4
ROC,0.03548680618744313,0.5668103448275862,0.6506286426512703,test,logistic_regression,lr-oulad-c105-s42-v4
ROC,0.0359417652411283,0.5668103448275862,0.6504941824983156,test,logistic_regression,lr-oulad-c105-s42-v4
ROC,0.0359417652411283,0.5711206896551724,0.6468177854458694,test,logistic_regression,lr-oulad-c105-s42-v4
ROC,0.036396724294813464,0.5711206896551724,0.6460436898267025,test,logistic_regression,lr-oulad-c105-s42-v4
ROC,0.036396724294813464,0.5761494252873564,0.6436328229638862,test,logistic_regression,lr-oulad-c105-s42-v4
ROC,0.036851683348498636,0.5761494252873564,0.6433224769258545,test,logistic_regression,lr-oulad-c105-s42-v4
ROC,0.036851683348498636,0.5783045977011494,0.6406282198870529,test,logistic_regression,lr-oulad-c105-s42-v4
ROC,0.03776160145586897,0.5783045977011494,0.6389750458226555,test,logistic_regression,lr-oulad-c105-s42-v4
ROC,0.03776160145586897,0.5804597701149425,0.6379213751347325,test,logistic_regression,lr-oulad-c105-s42-v4
ROC,0.03821656050955414,0.5804597701149425,0.6371606500962727,test,logistic_regression,lr-oulad-c105-s42-v4
ROC,0.03821656050955414,0.5811781609195402,0.6368515950942725,test,logistic_regression,lr-oulad-c105-s42-v4
ROC,0.03958143767060965,0.5811781609195402,0.6332470110241372,test,logistic_regression,lr-oulad-c105-s42-v4
ROC,0.03958143767060965,0.5833333333333334,0.6279608782287801,test,logistic_regression,lr-oulad-c105-s42-v4
ROC,0.040036396724294813,0.5833333333333334,0.6279478629436989,test,logistic_regression,lr-oulad-c105-s42-v4
ROC,0.040036396724294813,0.5854885057471264,0.6258089116194087,test,logistic_regression,lr-oulad-c105-s42-v4
ROC,0.04094631483166515,0.5854885057471264,0.6248764970039046,test,logistic_regression,lr-oulad-c105-s42-v4
ROC,0.04094631483166515,0.5869252873563219,0.6221562781187412,test,logistic_regression,lr-oulad-c105-s42-v4
ROC,0.04185623293903549,0.5869252873563219,0.6200644544172969,test,logistic_regression,lr-oulad-c105-s42-v4
ROC,0.04185623293903549,0.5883620689655172,0.6199566448142223,test,logistic_regression,lr-oulad-c105-s42-v4
ROC,0.042311191992720654,0.5883620689655172,0.6193677164160255,test,logistic_regression,lr-oulad-c105-s42-v4
ROC,0.042311191992720654,0.5890804597701149,0.6192856983052956,test,logistic_regression,lr-oulad-c105-s42-v4
ROC,0.04367606915377616,0.5890804597701149,0.6170398314811889,test,logistic_regression,lr-oulad-c105-s42-v4
ROC,0.04367606915377616,0.5905172413793104,0.6156228204002402,test,logistic_regression,lr-oulad-c105-s42-v4
ROC,0.044585987261146494,0.5905172413793104,0.6142629876641367,test,logistic_regression,lr-oulad-c105-s42-v4
ROC,0.044585987261146494,0.5933908045977011,0.6128478881201234,test,logistic_regression,lr-oulad-c105-s42-v4
ROC,0.045950864422202004,0.5933908045977011,0.610704712426674,test,logistic_regression,lr-oulad-c105-s42-v4
ROC,0.045950864422202004,0.5941091954022989,0.6103370253116798,test,logistic_regression,lr-oulad-c105-s42-v4
ROC,0.04640582347588717,0.5941091954022989,0.6101881941729199,test,logistic_regression,lr-oulad-c105-s42-v4
ROC,0.04640582347588717,0.5955459770114943,0.6094299355144656,test,logistic_regression,lr-oulad-c105-s42-v4
ROC,0.04686078252957234,0.5955459770114943,0.6079660265504412,test,logistic_regression,lr-oulad-c105-s42-v4
ROC,0.04686078252957234,0.5962643678160919,0.6057222693405084,test,logistic_regression,lr-oulad-c105-s42-v4
ROC,0.04777070063694268,0.5962643678160919,0.6053668530589316,test,logistic_regression,lr-oulad-c105-s42-v4
ROC,0.04777070063694268,0.5977011494252874,0.6046209362311621,test,logistic_regression,lr-oulad-c105-s42-v4
ROC,0.048225659690627844,0.5977011494252874,0.6041981328407893,test,logistic_regression,lr-oulad-c105-s42-v4
ROC,0.048225659690627844,0.5991379310344828,0.6026498351339418,test,logistic_regression,lr-oulad-c105-s42-v4
ROC,0.04868061874431301,0.5991379310344828,0.6025605675982104,test,logistic_regression,lr-oulad-c105-s42-v4
ROC,0.04868061874431301,0.5998563218390804,0.6021969238138318,test,logistic_regression,lr-oulad-c105-s42-v4
ROC,0.04913557779799818,0.5998563218390804,0.6016961165553307,test,logistic_regression,lr-oulad-c105-s42-v4
ROC,0.04913557779799818,0.6027298850574713,0.6000103422929258,test,logistic_regression,lr-oulad-c105-s42-v4
ROC,0.049590536851683346,0.6027298850574713,0.5997644057166354,test,logistic_regression,lr-oulad-c105-s42-v4
ROC,0.049590536851683346,0.603448275862069,0.5988761984840643,test,logistic_regression,lr-oulad-c105-s42-v4
ROC,0.05004549590536852,0.603448275862069,0.5984946593707053,test,logistic_regression,lr-oulad-c105-s42-v4
ROC,0.05004549590536852,0.6041666666666666,0.5984532850317135,test,logistic_regression,lr-oulad-c105-s42-v4
ROC,0.050500454959053684,0.6041666666666666,0.5978935856381522,test,logistic_regression,lr-oulad-c105-s42-v4
ROC,0.050500454959053684,0.6091954022988506,0.5955223380404623,test,logistic_regression,lr-oulad-c105-s42-v4
ROC,0.050955414012738856,0.6091954022988506,0.5943769039324228,test,logistic_regression,lr-oulad-c105-s42-v4
ROC,0.050955414012738856,0.610632183908046,0.5900172701596678,test,logistic_regression,lr-oulad-c105-s42-v4
ROC,0.051865332120109194,0.610632183908046,0.5898626001815005,test,logistic_regression,lr-oulad-c105-s42-v4
ROC,0.051865332120109194,0.6120689655172413,0.5892485628299562,test,logistic_regression,lr-oulad-c105-s42-v4
ROC,0.05232029117379436,0.6120689655172413,0.5891098609686759,test,logistic_regression,lr-oulad-c105-s42-v4
ROC,0.05232029117379436,0.6127873563218391,0.5881115119082344,test,logistic_regression,lr-oulad-c105-s42-v4
ROC,0.053230209281164696,0.6127873563218391,0.5857971938947876,test,logistic_regression,lr-oulad-c105-s42-v4
ROC,0.053230209281164696,0.617816091954023,0.5808954098393222,test,logistic_regression,lr-oulad-c105-s42-v4
ROC,0.0545950864422202,0.617816091954023,0.5790826998479504,test,logistic_regression,lr-oulad-c105-s42-v4
ROC,0.0545950864422202,0.6192528735632183,0.5786367204278715,test,logistic_regression,lr-oulad-c105-s42-v4
ROC,0.05505004549590537,0.6192528735632183,0.5786243943553168,test,logistic_regression,lr-oulad-c105-s42-v4
ROC,0.05505004549590537,0.6199712643678161,0.5783977697806216,test,logistic_regression,lr-oulad-c105-s42-v4
ROC,0.055505004549590536,0.6199712643678161,0.5773700367747567,test,logistic_regression,lr-oulad-c105-s42-v4
ROC,0.055505004549590536,0.6214080459770115,0.5771809621413186,test,logistic_regression,lr-oulad-c105-s42-v4
ROC,0.05595996360327571,0.6214080459770115,0.5761807664391183,test,logistic_regression,lr-oulad-c105-s42-v4
ROC,0.05595996360327571,0.6228448275862069,0.5756735502319251,test,logistic_regression,lr-oulad-c105-s42-v4
ROC,0.056414922656960874,0.6228448275862069,0.5750083274570035,test,logistic_regression,lr-oulad-c105-s42-v4
ROC,0.056414922656960874,0.625,0.5723079244434162,test,logistic_regression,lr-oulad-c105-s42-v4
ROC,0.05686988171064604,0.625,0.5722024773605222,test,logistic_regression,lr-oulad-c105-s42-v4
ROC,0.05686988171064604,0.6278735632183908,0.5679295539899201,test,logistic_regression,lr-oulad-c105-s42-v4
ROC,0.05777979981801638,0.6278735632183908,0.5667748306790464,test,logistic_regression,lr-oulad-c105-s42-v4
ROC,0.05777979981801638,0.6285919540229885,0.5663998230116575,test,logistic_regression,lr-oulad-c105-s42-v4
ROC,0.05959963603275705,0.6285919540229885,0.5644896996191802,test,logistic_regression,lr-oulad-c105-s42-v4
ROC,0.05959963603275705,0.6293103448275862,0.5643319624114528,test,logistic_regression,lr-oulad-c105-s42-v4
ROC,0.060964513193812554,0.6293103448275862,0.5637744907661755,test,logistic_regression,lr-oulad-c105-s42-v4
ROC,0.060964513193812554,0.632183908045977,0.5597175880330292,test,logistic_regression,lr-oulad-c105-s42-v4
ROC,0.061419472247497726,0.632183908045977,0.5590642544660132,test,logistic_regression,lr-oulad-c105-s42-v4
ROC,0.061419472247497726,0.6350574712643678,0.5569289461613343,test,logistic_regression,lr-oulad-c105-s42-v4
ROC,0.062329390354868064,0.6350574712643678,0.5556679148494325,test,logistic_regression,lr-oulad-c105-s42-v4
ROC,0.062329390354868064,0.6357758620689655,0.5552211545974773,test,logistic_regression,lr-oulad-c105-s42-v4
ROC,0.06278434940855324,0.6357758620689655,0.5548454718663508,test,logistic_regression,lr-oulad-c105-s42-v4
ROC,0.06278434940855324,0.6379310344827587,0.5543464862933796,test,logistic_regression,lr-oulad-c105-s42-v4
ROC,0.0632393084622384,0.6379310344827587,0.5541721482031136,test,logistic_regression,lr-oulad-c105-s42-v4
ROC,0.0632393084622384,0.6422413793103449,0.5513534815711396,test,logistic_regression,lr-oulad-c105-s42-v4
ROC,0.06369426751592357,0.6422413793103449,0.5511381083016228,test,logistic_regression,lr-oulad-c105-s42-v4
ROC,0.06369426751592357,0.6443965517241379,0.5471073917152348,test,logistic_regression,lr-oulad-c105-s42-v4
ROC,0.06414922656960874,0.6443965517241379,0.5467335897847413,test,logistic_regression,lr-oulad-c105-s42-v4
ROC,0.06414922656960874,0.6451149425287356,0.5461837516299853,test,logistic_regression,lr-oulad-c105-s42-v4
ROC,0.0646041856232939,0.6451149425287356,0.5457783939748533,test,logistic_regression,lr-oulad-c105-s42-v4
ROC,0.0646041856232939,0.6458333333333334,0.5453078332452346,test,logistic_regression,lr-oulad-c105-s42-v4
ROC,0.06505914467697907,0.6458333333333334,0.5445634817143621,test,logistic_regression,lr-oulad-c105-s42-v4
ROC,0.06505914467697907,0.6479885057471264,0.5429618965589291,test,logistic_regression,lr-oulad-c105-s42-v4
ROC,0.06596906278434941,0.6479885057471264,0.5414711394743982,test,logistic_regression,lr-oulad-c105-s42-v4
ROC,0.06596906278434941,0.6487068965517241,0.5411530564774955,test,logistic_regression,lr-oulad-c105-s42-v4
ROC,0.06642402183803457,0.6487068965517241,0.5408361495224285,test,logistic_regression,lr-oulad-c105-s42-v4
ROC,0.06642402183803457,0.6494252873563219,0.5404891378061388,test,logistic_regression,lr-oulad-c105-s42-v4
ROC,0.06687898089171974,0.6494252873563219,0.5392077317816542,test,logistic_regression,lr-oulad-c105-s42-v4
ROC,0.06687898089171974,0.6501436781609196,0.5391182420089083,test,logistic_regression,lr-oulad-c105-s42-v4
ROC,0.06915377616014559,0.6501436781609196,0.5323372987084556,test,logistic_regression,lr-oulad-c105-s42-v4
ROC,0.06915377616014559,0.6515804597701149,0.5312340210875978,test,logistic_regression,lr-oulad-c105-s42-v4
ROC,0.07006369426751592,0.6515804597701149,0.5306931450954172,test,logistic_regression,lr-oulad-c105-s42-v4
ROC,0.07006369426751592,0.6522988505747126,0.5305883907859673,test,logistic_regression,lr-oulad-c105-s42-v4
ROC,0.0705186533212011,0.6522988505747126,0.5294442363551531,test,logistic_regression,lr-oulad-c105-s42-v4
ROC,0.0705186533212011,0.6558908045977011,0.5250405614143451,test,logistic_regression,lr-oulad-c105-s42-v4
ROC,0.07142857142857142,0.6558908045977011,0.524721340912422,test,logistic_regression,lr-oulad-c105-s42-v4
ROC,0.07142857142857142,0.6566091954022989,0.5237386088961716,test,logistic_regression,lr-oulad-c105-s42-v4
ROC,0.0718835304822566,0.6566091954022989,0.5233824545094306,test,logistic_regression,lr-oulad-c105-s42-v4
ROC,0.0718835304822566,0.6573275862068966,0.5233426669563433,test,logistic_regression,lr-oulad-c105-s42-v4
ROC,0.07279344858962693,0.6573275862068966,0.5209619700459379,test,logistic_regression,lr-oulad-c105-s42-v4
ROC,0.07279344858962693,0.6609195402298851,0.5181734202042031,test,logistic_regression,lr-oulad-c105-s42-v4
ROC,0.0732484076433121,0.6609195402298851,0.5179657263434698,test,logistic_regression,lr-oulad-c105-s42-v4
ROC,0.0732484076433121,0.6616379310344828,0.517255579534161,test,logistic_regression,lr-oulad-c105-s42-v4
ROC,0.07370336669699727,0.6616379310344828,0.5170960563377324,test,logistic_regression,lr-oulad-c105-s42-v4
ROC,0.07370336669699727,0.6623563218390804,0.5159151745685305,test,logistic_regression,lr-oulad-c105-s42-v4
ROC,0.07415832575068244,0.6623563218390804,0.5145828232458258,test,logistic_regression,lr-oulad-c105-s42-v4
ROC,0.07415832575068244,0.6630747126436781,0.5141527843380206,test,logistic_regression,lr-oulad-c105-s42-v4
ROC,0.0746132848043676,0.6630747126436781,0.5139627178795624,test,logistic_regression,lr-oulad-c105-s42-v4
ROC,0.0746132848043676,0.6637931034482759,0.5123142651781695,test,logistic_regression,lr-oulad-c105-s42-v4
ROC,0.07552320291173795,0.6637931034482759,0.5116349561898592,test,logistic_regression,lr-oulad-c105-s42-v4
ROC,0.07552320291173795,0.6666666666666666,0.5096303315086802,test,logistic_regression,lr-oulad-c105-s42-v4
ROC,0.07597816196542312,0.6666666666666666,0.5093471023709282,test,logistic_regression,lr-oulad-c105-s42-v4
ROC,0.07597816196542312,0.6681034482758621,0.5072888342123156,test,logistic_regression,lr-oulad-c105-s42-v4
ROC,0.07643312101910828,0.6681034482758621,0.5064502075826071,test,logistic_regression,lr-oulad-c105-s42-v4
ROC,0.07643312101910828,0.6695402298850575,0.5052298954070629,test,logistic_regression,lr-oulad-c105-s42-v4
ROC,0.07734303912647862,0.6695402298850575,0.5049462534428325,test,logistic_regression,lr-oulad-c105-s42-v4
ROC,0.07734303912647862,0.6745689655172413,0.5023420169654368,test,logistic_regression,lr-oulad-c105-s42-v4
ROC,0.07779799818016378,0.6745689655172413,0.501817704633203,test,logistic_regression,lr-oulad-c105-s42-v4
ROC,0.07779799818016378,0.6752873563218391,0.501754531917084,test,logistic_regression,lr-oulad-c105-s42-v4
ROC,0.07825295723384895,0.6752873563218391,0.5012698739558689,test,logistic_regression,lr-oulad-c105-s42-v4
ROC,0.07825295723384895,0.6760057471264368,0.5009231681162074,test,logistic_regression,lr-oulad-c105-s42-v4
ROC,0.0791628753412193,0.6760057471264368,0.49985579003216,test,logistic_regression,lr-oulad-c105-s42-v4
ROC,0.0791628753412193,0.6781609195402298,0.49940241187453277,test,logistic_regression,lr-oulad-c105-s42-v4
ROC,0.08007279344858963,0.6781609195402298,0.4980657517948905,test,logistic_regression,lr-oulad-c105-s42-v4
ROC,0.08007279344858963,0.6795977011494253,0.496878300025907,test,logistic_regression,lr-oulad-c105-s42-v4
ROC,0.08143767060964513,0.6795977011494253,0.4953316866629781,test,logistic_regression,lr-oulad-c105-s42-v4
ROC,0.08143767060964513,0.6824712643678161,0.49506318252132253,test,logistic_regression,lr-oulad-c105-s42-v4
ROC,0.0818926296633303,0.6824712643678161,0.49479621065878304,test,logistic_regression,lr-oulad-c105-s42-v4
ROC,0.0818926296633303,0.6831896551724138,0.49430433866840995,test,logistic_regression,lr-oulad-c105-s42-v4
ROC,0.08234758871701547,0.6831896551724138,0.49402955396445203,test,logistic_regression,lr-oulad-c105-s42-v4
ROC,0.08234758871701547,0.6875,0.48978177122424776,test,logistic_regression,lr-oulad-c105-s42-v4
ROC,0.08371246587807098,0.6875,0.4890268734003908,test,logistic_regression,lr-oulad-c105-s42-v4
ROC,0.08371246587807098,0.6889367816091954,0.4884877184856265,test,logistic_regression,lr-oulad-c105-s42-v4
ROC,0.08416742493175614,0.6889367816091954,0.48744678039971934,test,logistic_regression,lr-oulad-c105-s42-v4
ROC,0.08416742493175614,0.6910919540229885,0.48656744136656727,test,logistic_regression,lr-oulad-c105-s42-v4
ROC,0.08553230209281165,0.6910919540229885,0.48441610441441185,test,logistic_regression,lr-oulad-c105-s42-v4
ROC,0.08553230209281165,0.6918103448275862,0.4808383461548186,test,logistic_regression,lr-oulad-c105-s42-v4
ROC,0.08598726114649681,0.6918103448275862,0.4807756069007868,test,logistic_regression,lr-oulad-c105-s42-v4
ROC,0.08598726114649681,0.6925287356321839,0.4807302970669726,test,logistic_regression,lr-oulad-c105-s42-v4
ROC,0.08689717925386715,0.6925287356321839,0.4804274222378397,test,logistic_regression,lr-oulad-c105-s42-v4
ROC,0.08689717925386715,0.6932471264367817,0.47981199320900464,test,logistic_regression,lr-oulad-c105-s42-v4
ROC,0.08735213830755233,0.6932471264367817,0.4797864260098857,test,logistic_regression,lr-oulad-c105-s42-v4
ROC,0.08735213830755233,0.6939655172413793,0.4795800895707542,test,logistic_regression,lr-oulad-c105-s42-v4
ROC,0.08871701546860783,0.6939655172413793,0.47760157358355576,test,logistic_regression,lr-oulad-c105-s42-v4
ROC,0.08871701546860783,0.694683908045977,0.4771675517099498,test,logistic_regression,lr-oulad-c105-s42-v4
ROC,0.08917197452229299,0.694683908045977,0.47713246550381394,test,logistic_regression,lr-oulad-c105-s42-v4
ROC,0.08917197452229299,0.6961206896551724,0.47526935541835086,test,logistic_regression,lr-oulad-c105-s42-v4
ROC,0.09008189262966333,0.6961206896551724,0.4750111116605778,test,logistic_regression,lr-oulad-c105-s42-v4
ROC,0.09008189262966333,0.6968390804597702,0.47493849887048434,test,logistic_regression,lr-oulad-c105-s42-v4
ROC,0.09099181073703366,0.6968390804597702,0.4747109557916027,test,logistic_regression,lr-oulad-c105-s42-v4
ROC,0.09099181073703366,0.6982758620689655,0.47409764417056577,test,logistic_regression,lr-oulad-c105-s42-v4
ROC,0.09190172884440401,0.6982758620689655,0.47242737335107426,test,logistic_regression,lr-oulad-c105-s42-v4
ROC,0.09190172884440401,0.7004310344827587,0.4720130732093686,test,logistic_regression,lr-oulad-c105-s42-v4
ROC,0.09281164695177434,0.7004310344827587,0.4697331229519557,test,logistic_regression,lr-oulad-c105-s42-v4
ROC,0.09281164695177434,0.701867816091954,0.46857170020542477,test,logistic_regression,lr-oulad-c105-s42-v4
ROC,0.09463148316651501,0.701867816091954,0.464937130707031,test,logistic_regression,lr-oulad-c105-s42-v4
ROC,0.09463148316651501,0.7040229885057471,0.46289755383016246,test,logistic_regression,lr-oulad-c105-s42-v4
ROC,0.09599636032757052,0.7040229885057471,0.46256643332018116,test,logistic_regression,lr-oulad-c105-s42-v4
ROC,0.09599636032757052,0.7047413793103449,0.4624322726866338,test,logistic_regression,lr-oulad-c105-s42-v4
ROC,0.09690627843494086,0.7047413793103449,0.46135218462705785,test,logistic_regression,lr-oulad-c105-s42-v4
ROC,0.09690627843494086,0.709051724137931,0.45677630690653903,test,logistic_regression,lr-oulad-c105-s42-v4
ROC,0.09872611464968153,0.709051724137931,0.4538104546269292,test,logistic_regression,lr-oulad-c105-s42-v4
ROC,0.09872611464968153,0.7097701149425287,0.4536132892628897,test,logistic_regression,lr-oulad-c105-s42-v4
ROC,0.09918107370336669,0.7097701149425287,0.4530691246786129,test,logistic_regression,lr-oulad-c105-s42-v4
ROC,0.09918107370336669,0.7104885057471264,0.4525569647519734,test,logistic_regression,lr-oulad-c105-s42-v4
ROC,0.10009099181073704,0.7104885057471264,0.4514314455263142,test,logistic_regression,lr-oulad-c105-s42-v4
ROC,0.10009099181073704,0.7112068965517241,0.4511663405178703,test,logistic_regression,lr-oulad-c105-s42-v4
ROC,0.10100090991810737,0.7112068965517241,0.45074611192622066,test,logistic_regression,lr-oulad-c105-s42-v4
ROC,0.10100090991810737,0.7126436781609196,0.4499481603108891,test,logistic_regression,lr-oulad-c105-s42-v4
ROC,0.10145586897179254,0.7126436781609196,0.44971178155532066,test,logistic_regression,lr-oulad-c105-s42-v4
ROC,0.10145586897179254,0.7133620689655172,0.4494909505417632,test,logistic_regression,lr-oulad-c105-s42-v4
ROC,0.10191082802547771,0.7133620689655172,0.44722042744479534,test,logistic_regression,lr-oulad-c105-s42-v4
ROC,0.10191082802547771,0.7147988505747126,0.4451081448905715,test,logistic_regression,lr-oulad-c105-s42-v4
ROC,0.10236578707916287,0.7147988505747126,0.4445292014813472,test,logistic_regression,lr-oulad-c105-s42-v4
ROC,0.10236578707916287,0.7155172413793104,0.4441069209491107,test,logistic_regression,lr-oulad-c105-s42-v4
ROC,0.10509554140127389,0.7155172413793104,0.441674894211078,test,logistic_regression,lr-oulad-c105-s42-v4
ROC,0.10509554140127389,0.7162356321839081,0.4415882559369355,test,logistic_regression,lr-oulad-c105-s42-v4
ROC,0.10555050045495905,0.7162356321839081,0.4409389075598953,test,logistic_regression,lr-oulad-c105-s42-v4
ROC,0.10555050045495905,0.7176724137931034,0.43936636006052515,test,logistic_regression,lr-oulad-c105-s42-v4
ROC,0.10600545950864422,0.7176724137931034,0.43916613427739687,test,logistic_regression,lr-oulad-c105-s42-v4
ROC,0.10600545950864422,0.7183908045977011,0.4374786269454933,test,logistic_regression,lr-oulad-c105-s42-v4
ROC,0.10646041856232939,0.7183908045977011,0.4351829246641106,test,logistic_regression,lr-oulad-c105-s42-v4
ROC,0.10646041856232939,0.7198275862068966,0.43466257066534564,test,logistic_regression,lr-oulad-c105-s42-v4
ROC,0.10828025477707007,0.7198275862068966,0.4328753789055835,test,logistic_regression,lr-oulad-c105-s42-v4
ROC,0.10828025477707007,0.7205459770114943,0.43229615122251996,test,logistic_regression,lr-oulad-c105-s42-v4
ROC,0.10873521383075523,0.7205459770114943,0.43223522202684905,test,logistic_regression,lr-oulad-c105-s42-v4
ROC,0.10873521383075523,0.7234195402298851,0.42965014847808175,test,logistic_regression,lr-oulad-c105-s42-v4
ROC,0.1091901728844404,0.7234195402298851,0.4296256315098904,test,logistic_regression,lr-oulad-c105-s42-v4
ROC,0.1091901728844404,0.7241379310344828,0.4286764317704742,test,logistic_regression,lr-oulad-c105-s42-v4
ROC,0.11010009099181074,0.7241379310344828,0.42728706161993096,test,logistic_regression,lr-oulad-c105-s42-v4
ROC,0.11010009099181074,0.7270114942528736,0.4256915945151162,test,logistic_regression,lr-oulad-c105-s42-v4
ROC,0.1105550500454959,0.7270114942528736,0.4252753828739421,test,logistic_regression,lr-oulad-c105-s42-v4
ROC,0.1105550500454959,0.7277298850574713,0.4249847120665833,test,logistic_regression,lr-oulad-c105-s42-v4
ROC,0.11328480436760692,0.7277298850574713,0.4226255678071717,test,logistic_regression,lr-oulad-c105-s42-v4
ROC,0.11328480436760692,0.728448275862069,0.4224974612902402,test,logistic_regression,lr-oulad-c105-s42-v4
ROC,0.11373976342129208,0.728448275862069,0.42244753653851513,test,logistic_regression,lr-oulad-c105-s42-v4
ROC,0.11373976342129208,0.7298850574712644,0.4203756053733901,test,logistic_regression,lr-oulad-c105-s42-v4
ROC,0.11464968152866242,0.7298850574712644,0.4194941206009181,test,logistic_regression,lr-oulad-c105-s42-v4
ROC,0.11464968152866242,0.7370689655172413,0.4138645367340845,test,logistic_regression,lr-oulad-c105-s42-v4
ROC,0.11555959963603275,0.7370689655172413,0.412625262870779,test,logistic_regression,lr-oulad-c105-s42-v4
ROC,0.11555959963603275,0.7377873563218391,0.4124234939439577,test,logistic_regression,lr-oulad-c105-s42-v4
ROC,0.1178343949044586,0.7377873563218391,0.4100346404696024,test,logistic_regression,lr-oulad-c105-s42-v4
ROC,0.1178343949044586,0.7392241379310345,0.40984380454626806,test,logistic_regression,lr-oulad-c105-s42-v4
ROC,0.11828935395814377,0.7392241379310345,0.40929290280623626,test,logistic_regression,lr-oulad-c105-s42-v4
ROC,0.11828935395814377,0.7399425287356322,0.40902201764158475,test,logistic_regression,lr-oulad-c105-s42-v4
ROC,0.11874431301182893,0.7399425287356322,0.4074452488504242,test,logistic_regression,lr-oulad-c105-s42-v4
ROC,0.11874431301182893,0.7413793103448276,0.4072436300169254,test,logistic_regression,lr-oulad-c105-s42-v4
ROC,0.1191992720655141,0.7413793103448276,0.4070826755068762,test,logistic_regression,lr-oulad-c105-s42-v4
ROC,0.1191992720655141,0.742816091954023,0.4070518028507857,test,logistic_regression,lr-oulad-c105-s42-v4
ROC,0.12010919017288443,0.742816091954023,0.4061723860496322,test,logistic_regression,lr-oulad-c105-s42-v4
ROC,0.12010919017288443,0.7449712643678161,0.40446362151746434,test,logistic_regression,lr-oulad-c105-s42-v4
ROC,0.12101910828025478,0.7449712643678161,0.403857981537836,test,logistic_regression,lr-oulad-c105-s42-v4
ROC,0.12101910828025478,0.7456896551724138,0.403855394013564,test,logistic_regression,lr-oulad-c105-s42-v4
ROC,0.12283894449499545,0.7456896551724138,0.4028892604218083,test,logistic_regression,lr-oulad-c105-s42-v4
ROC,0.12283894449499545,0.7471264367816092,0.4019908017782041,test,logistic_regression,lr-oulad-c105-s42-v4
ROC,0.1251137397634213,0.7471264367816092,0.4004288648547151,test,logistic_regression,lr-oulad-c105-s42-v4
ROC,0.1251137397634213,0.7478448275862069,0.39939188134355,test,logistic_regression,lr-oulad-c105-s42-v4
ROC,0.12602365787079162,0.7478448275862069,0.39910490699689843,test,logistic_regression,lr-oulad-c105-s42-v4
ROC,0.12602365787079162,0.7514367816091954,0.3966351715587182,test,logistic_regression,lr-oulad-c105-s42-v4
ROC,0.1264786169244768,0.7514367816091954,0.3959868269157494,test,logistic_regression,lr-oulad-c105-s42-v4
ROC,0.1264786169244768,0.7521551724137931,0.3959569128043333,test,logistic_regression,lr-oulad-c105-s42-v4
ROC,0.12829845313921748,0.7521551724137931,0.39386867528646236,test,logistic_regression,lr-oulad-c105-s42-v4
ROC,0.12829845313921748,0.7535919540229885,0.39314885396246235,test,logistic_regression,lr-oulad-c105-s42-v4
ROC,0.1292083712465878,0.7535919540229885,0.39232236566609263,test,logistic_regression,lr-oulad-c105-s42-v4
ROC,0.1292083712465878,0.7543103448275862,0.39222182372460584,test,logistic_regression,lr-oulad-c105-s42-v4
ROC,0.12966333030027297,0.7543103448275862,0.39188060041752737,test,logistic_regression,lr-oulad-c105-s42-v4
ROC,0.12966333030027297,0.7550287356321839,0.39160203141920685,test,logistic_regression,lr-oulad-c105-s42-v4
ROC,0.13148316651501366,0.7550287356321839,0.390854288165743,test,logistic_regression,lr-oulad-c105-s42-v4
ROC,0.13148316651501366,0.7564655172413793,0.389686218168792,test,logistic_regression,lr-oulad-c105-s42-v4
ROC,0.13284804367606914,0.7564655172413793,0.3874820630668796,test,logistic_regression,lr-oulad-c105-s42-v4
ROC,0.13284804367606914,0.7579022988505747,0.38723372058661903,test,logistic_regression,lr-oulad-c105-s42-v4
ROC,0.13421292083712466,0.7579022988505747,0.3868765877941423,test,logistic_regression,lr-oulad-c105-s42-v4
ROC,0.13421292083712466,0.7586206896551724,0.3860071098156264,test,logistic_regression,lr-oulad-c105-s42-v4
ROC,0.13466787989080983,0.7586206896551724,0.38588434931076987,test,logistic_regression,lr-oulad-c105-s42-v4
ROC,0.13466787989080983,0.7600574712643678,0.38527728993111354,test,logistic_regression,lr-oulad-c105-s42-v4
ROC,0.13557779799818018,0.7600574712643678,0.3850747412579539,test,logistic_regression,lr-oulad-c105-s42-v4
ROC,0.13557779799818018,0.7614942528735632,0.3836396901679248,test,logistic_regression,lr-oulad-c105-s42-v4
ROC,0.13603275705186532,0.7614942528735632,0.3825649590927729,test,logistic_regression,lr-oulad-c105-s42-v4
ROC,0.13603275705186532,0.7629310344827587,0.3817189931814448,test,logistic_regression,lr-oulad-c105-s42-v4
ROC,0.137852593266606,0.7629310344827587,0.38110735325486045,test,logistic_regression,lr-oulad-c105-s42-v4
ROC,0.137852593266606,0.7636494252873564,0.38102757775740226,test,logistic_regression,lr-oulad-c105-s42-v4
ROC,0.14012738853503184,0.7636494252873564,0.3782150436953458,test,logistic_regression,lr-oulad-c105-s42-v4
ROC,0.14012738853503184,0.764367816091954,0.37812907297033865,test,logistic_regression,lr-oulad-c105-s42-v4
ROC,0.14058234758871702,0.764367816091954,0.37743751416254656,test,logistic_regression,lr-oulad-c105-s42-v4
ROC,0.14058234758871702,0.7650862068965517,0.3772938257323463,test,logistic_regression,lr-oulad-c105-s42-v4
ROC,0.14285714285714285,0.7650862068965517,0.3761411917083954,test,logistic_regression,lr-oulad-c105-s42-v4
ROC,0.14285714285714285,0.7658045977011494,0.3753650374814644,test,logistic_regression,lr-oulad-c105-s42-v4
ROC,0.14422202001819837,0.7658045977011494,0.37382879107262057,test,logistic_regression,lr-oulad-c105-s42-v4
ROC,0.14422202001819837,0.7672413793103449,0.3727999279334559,test,logistic_regression,lr-oulad-c105-s42-v4
ROC,0.1451319381255687,0.7672413793103449,0.372150633172816,test,logistic_regression,lr-oulad-c105-s42-v4
ROC,0.1451319381255687,0.7686781609195402,0.37209690244662463,test,logistic_regression,lr-oulad-c105-s42-v4
ROC,0.14558689717925385,0.7686781609195402,0.37111925464950934,test,logistic_regression,lr-oulad-c105-s42-v4
ROC,0.14558689717925385,0.7693965517241379,0.37003420580896235,test,logistic_regression,lr-oulad-c105-s42-v4
ROC,0.14604185623293903,0.7693965517241379,0.36956280346958903,test,logistic_regression,lr-oulad-c105-s42-v4
ROC,0.14604185623293903,0.7701149425287356,0.3686279632545237,test,logistic_regression,lr-oulad-c105-s42-v4
ROC,0.1464968152866242,0.7701149425287356,0.36820436721851835,test,logistic_regression,lr-oulad-c105-s42-v4
ROC,0.1464968152866242,0.7708333333333334,0.36808080582042524,test,logistic_regression,lr-oulad-c105-s42-v4
ROC,0.14786169244767972,0.7708333333333334,0.36716427418928255,test,logistic_regression,lr-oulad-c105-s42-v4
ROC,0.14786169244767972,0.7722701149425287,0.3655277482276928,test,logistic_regression,lr-oulad-c105-s42-v4
ROC,0.1492265696087352,0.7722701149425287,0.36353640805374376,test,logistic_regression,lr-oulad-c105-s42-v4
ROC,0.1492265696087352,0.7729885057471264,0.3632927601641524,test,logistic_regression,lr-oulad-c105-s42-v4
ROC,0.15150136487716107,0.7729885057471264,0.36239999669116013,test,logistic_regression,lr-oulad-c105-s42-v4
ROC,0.15150136487716107,0.7744252873563219,0.36161882984900817,test,logistic_regression,lr-oulad-c105-s42-v4
ROC,0.15286624203821655,0.7744252873563219,0.36083859021974757,test,logistic_regression,lr-oulad-c105-s42-v4
ROC,0.15286624203821655,0.7758620689655172,0.3589325027629654,test,logistic_regression,lr-oulad-c105-s42-v4
ROC,0.1537761601455869,0.7758620689655172,0.35844753993327044,test,logistic_regression,lr-oulad-c105-s42-v4
ROC,0.1537761601455869,0.7772988505747126,0.35786464513038996,test,logistic_regression,lr-oulad-c105-s42-v4
ROC,0.15423111919927207,0.7772988505747126,0.3577069873395001,test,logistic_regression,lr-oulad-c105-s42-v4
ROC,0.15423111919927207,0.7780172413793104,0.35659828451105946,test,logistic_regression,lr-oulad-c105-s42-v4
ROC,0.15468607825295724,0.7780172413793104,0.35655425516400696,test,logistic_regression,lr-oulad-c105-s42-v4
ROC,0.15468607825295724,0.7787356321839081,0.3563028483220524,test,logistic_regression,lr-oulad-c105-s42-v4
ROC,0.15514103730664242,0.7787356321839081,0.3562142015656741,test,logistic_regression,lr-oulad-c105-s42-v4
ROC,0.15514103730664242,0.7801724137931034,0.3559394344960762,test,logistic_regression,lr-oulad-c105-s42-v4
ROC,0.1583257506824386,0.7801724137931034,0.3538432960223869,test,logistic_regression,lr-oulad-c105-s42-v4
ROC,0.1583257506824386,0.7823275862068966,0.3532934276387734,test,logistic_regression,lr-oulad-c105-s42-v4
ROC,0.15878070973612374,0.7823275862068966,0.35291242460342065,test,logistic_regression,lr-oulad-c105-s42-v4
ROC,0.15878070973612374,0.7830459770114943,0.35256142593939765,test,logistic_regression,lr-oulad-c105-s42-v4
ROC,0.15969062784349408,0.7830459770114943,0.35128029771615377,test,logistic_regression,lr-oulad-c105-s42-v4
ROC,0.15969062784349408,0.7844827586206896,0.35073649532634815,test,logistic_regression,lr-oulad-c105-s42-v4
ROC,0.16014558689717925,0.7844827586206896,0.3499677188671862,test,logistic_regression,lr-oulad-c105-s42-v4
ROC,0.16014558689717925,0.7859195402298851,0.34974975226791294,test,logistic_regression,lr-oulad-c105-s42-v4
ROC,0.16060054595086443,0.7859195402298851,0.3492683070203667,test,logistic_regression,lr-oulad-c105-s42-v4
ROC,0.16060054595086443,0.7880747126436781,0.3489446271301114,test,logistic_regression,lr-oulad-c105-s42-v4
ROC,0.16196542311191992,0.7880747126436781,0.3485401162951557,test,logistic_regression,lr-oulad-c105-s42-v4
ROC,0.16196542311191992,0.7887931034482759,0.3480185222681265,test,logistic_regression,lr-oulad-c105-s42-v4
ROC,0.1624203821656051,0.7887931034482759,0.34796790865063276,test,logistic_regression,lr-oulad-c105-s42-v4
ROC,0.1624203821656051,0.7902298850574713,0.3473289755871295,test,logistic_regression,lr-oulad-c105-s42-v4
ROC,0.16333030027297543,0.7902298850574713,0.34627840951418276,test,logistic_regression,lr-oulad-c105-s42-v4
ROC,0.16333030027297543,0.790948275862069,0.34602329581585184,test,logistic_regression,lr-oulad-c105-s42-v4
ROC,0.16560509554140126,0.790948275862069,0.34386883463725937,test,logistic_regression,lr-oulad-c105-s42-v4
ROC,0.16560509554140126,0.7916666666666666,0.34367384402863943,test,logistic_regression,lr-oulad-c105-s42-v4
ROC,0.1696997270245678,0.7916666666666666,0.34086730608869764,test,logistic_regression,lr-oulad-c105-s42-v4
ROC,0.1696997270245678,0.7923850574712644,0.340172108545417,test,logistic_regression,lr-oulad-c105-s42-v4
ROC,0.17060964513193813,0.7923850574712644,0.3387716546719474,test,logistic_regression,lr-oulad-c105-s42-v4
ROC,0.17060964513193813,0.7938218390804598,0.3384264955831801,test,logistic_regression,lr-oulad-c105-s42-v4
ROC,0.17151956323930848,0.7938218390804598,0.3380638170563374,test,logistic_regression,lr-oulad-c105-s42-v4
ROC,0.17151956323930848,0.7945402298850575,0.33717595669218214,test,logistic_regression,lr-oulad-c105-s42-v4
ROC,0.17197452229299362,0.7945402298850575,0.3357947486934831,test,logistic_regression,lr-oulad-c105-s42-v4
ROC,0.17197452229299362,0.7959770114942529,0.33545538054782775,test,logistic_regression,lr-oulad-c105-s42-v4
ROC,0.1751592356687898,0.7959770114942529,0.3341804764947421,test,logistic_regression,lr-oulad-c105-s42-v4
ROC,0.1751592356687898,0.7966954022988506,0.33406895446061524,test,logistic_regression,lr-oulad-c105-s42-v4
ROC,0.18016378525932666,0.7966954022988506,0.33018438563808333,test,logistic_regression,lr-oulad-c105-s42-v4
ROC,0.18016378525932666,0.7974137931034483,0.3301170964773058,test,logistic_regression,lr-oulad-c105-s42-v4
ROC,0.181073703366697,0.7974137931034483,0.3297452522774297,test,logistic_regression,lr-oulad-c105-s42-v4
ROC,0.181073703366697,0.8010057471264368,0.3269838060988221,test,logistic_regression,lr-oulad-c105-s42-v4
ROC,0.18334849863512284,0.8010057471264368,0.32596144291150075,test,logistic_regression,lr-oulad-c105-s42-v4
ROC,0.18334849863512284,0.8017241379310345,0.3258507209326408,test,logistic_regression,lr-oulad-c105-s42-v4
ROC,0.1842584167424932,0.8017241379310345,0.32554380040919384,test,logistic_regression,lr-oulad-c105-s42-v4
ROC,0.1842584167424932,0.8031609195402298,0.32459513015219016,test,logistic_regression,lr-oulad-c105-s42-v4
ROC,0.18471337579617833,0.8031609195402298,0.32440296248789413,test,logistic_regression,lr-oulad-c105-s42-v4
ROC,0.18471337579617833,0.8038793103448276,0.3239150989682479,test,logistic_regression,lr-oulad-c105-s42-v4
ROC,0.18653321201091902,0.8038793103448276,0.32329033216785036,test,logistic_regression,lr-oulad-c105-s42-v4
ROC,0.18653321201091902,0.8045977011494253,0.323254989611628,test,logistic_regression,lr-oulad-c105-s42-v4
ROC,0.18789808917197454,0.8045977011494253,0.32242035806569963,test,logistic_regression,lr-oulad-c105-s42-v4
ROC,0.18789808917197454,0.805316091954023,0.3223832866272558,test,logistic_regression,lr-oulad-c105-s42-v4
ROC,0.18880800727934485,0.805316091954023,0.32186948626318107,test,logistic_regression,lr-oulad-c105-s42-v4
ROC,0.18880800727934485,0.8060344827586207,0.32182237647949336,test,logistic_regression,lr-oulad-c105-s42-v4
ROC,0.1910828025477707,0.8060344827586207,0.32074384801005773,test,logistic_regression,lr-oulad-c105-s42-v4
ROC,0.1910828025477707,0.8081896551724138,0.32052131334316386,test,logistic_regression,lr-oulad-c105-s42-v4
ROC,0.19153776160145586,0.8081896551724138,0.32007706161919136,test,logistic_regression,lr-oulad-c105-s42-v4
ROC,0.19153776160145586,0.8089080459770115,0.3191159882232002,test,logistic_regression,lr-oulad-c105-s42-v4
ROC,0.1924476797088262,0.8089080459770115,0.31868632221031606,test,logistic_regression,lr-oulad-c105-s42-v4
ROC,0.1924476797088262,0.8096264367816092,0.3186785307410188,test,logistic_regression,lr-oulad-c105-s42-v4
ROC,0.19290263876251137,0.8096264367816092,0.318593561752752,test,logistic_regression,lr-oulad-c105-s42-v4
ROC,0.19290263876251137,0.8103448275862069,0.31844690553568866,test,logistic_regression,lr-oulad-c105-s42-v4
ROC,0.19335759781619655,0.8103448275862069,0.3179758032914631,test,logistic_regression,lr-oulad-c105-s42-v4
ROC,0.19335759781619655,0.8117816091954023,0.3173002764577896,test,logistic_regression,lr-oulad-c105-s42-v4
ROC,0.1942675159235669,0.8117816091954023,0.3165184717388287,test,logistic_regression,lr-oulad-c105-s42-v4
ROC,0.1942675159235669,0.8125,0.31636558955809063,test,logistic_regression,lr-oulad-c105-s42-v4
ROC,0.19472247497725204,0.8125,0.3162994623576991,test,logistic_regression,lr-oulad-c105-s42-v4
ROC,0.19472247497725204,0.8132183908045977,0.31629715385823365,test,logistic_regression,lr-oulad-c105-s42-v4
ROC,0.19608735213830755,0.8132183908045977,0.3158879438454918,test,logistic_regression,lr-oulad-c105-s42-v4
ROC,0.19608735213830755,0.8146551724137931,0.3150436561667942,test,logistic_regression,lr-oulad-c105-s42-v4
ROC,0.1969972702456779,0.8146551724137931,0.3144790020151935,test,logistic_regression,lr-oulad-c105-s42-v4
ROC,0.1969972702456779,0.8153735632183908,0.31445516598654266,test,logistic_regression,lr-oulad-c105-s42-v4
ROC,0.19927206551410373,0.8153735632183908,0.31337556843321335,test,logistic_regression,lr-oulad-c105-s42-v4
ROC,0.19927206551410373,0.8160919540229885,0.31300249717566603,test,logistic_regression,lr-oulad-c105-s42-v4
ROC,0.1997270245677889,0.8160919540229885,0.31287003957414267,test,logistic_regression,lr-oulad-c105-s42-v4
ROC,0.1997270245677889,0.8168103448275862,0.3125093535553677,test,logistic_regression,lr-oulad-c105-s42-v4
ROC,0.20291173794358508,0.8168103448275862,0.3102547499013621,test,logistic_regression,lr-oulad-c105-s42-v4
ROC,0.20291173794358508,0.8189655172413793,0.3081450397427055,test,logistic_regression,lr-oulad-c105-s42-v4
ROC,0.20473157415832574,0.8189655172413793,0.30665439844733544,test,logistic_regression,lr-oulad-c105-s42-v4
ROC,0.20473157415832574,0.819683908045977,0.30623330623617007,test,logistic_regression,lr-oulad-c105-s42-v4
ROC,0.21019108280254778,0.819683908045977,0.3040699842033535,test,logistic_regression,lr-oulad-c105-s42-v4
ROC,0.21019108280254778,0.8218390804597702,0.3031975688384508,test,logistic_regression,lr-oulad-c105-s42-v4
ROC,0.21155595996360327,0.8218390804597702,0.3025121769153857,test,logistic_regression,lr-oulad-c105-s42-v4
ROC,0.21155595996360327,0.8225574712643678,0.302318226038354,test,logistic_regression,lr-oulad-c105-s42-v4
ROC,0.21201091901728844,0.8225574712643678,0.3022605507032461,test,logistic_regression,lr-oulad-c105-s42-v4
ROC,0.21201091901728844,0.8232758620689655,0.30209966759388895,test,logistic_regression,lr-oulad-c105-s42-v4
ROC,0.2156505914467698,0.8232758620689655,0.29916819466898903,test,logistic_regression,lr-oulad-c105-s42-v4
ROC,0.2156505914467698,0.8239942528735632,0.2989952980308221,test,logistic_regression,lr-oulad-c105-s42-v4
ROC,0.21792538671519562,0.8239942528735632,0.2979479982139336,test,logistic_regression,lr-oulad-c105-s42-v4
ROC,0.21792538671519562,0.8247126436781609,0.297895140218943,test,logistic_regression,lr-oulad-c105-s42-v4
ROC,0.2183803457688808,0.8247126436781609,0.2968357611793893,test,logistic_regression,lr-oulad-c105-s42-v4
ROC,0.2183803457688808,0.826867816091954,0.2963666546097044,test,logistic_regression,lr-oulad-c105-s42-v4
ROC,0.21929026387625114,0.826867816091954,0.29635512568593475,test,logistic_regression,lr-oulad-c105-s42-v4
ROC,0.21929026387625114,0.8275862068965517,0.29634238132212787,test,logistic_regression,lr-oulad-c105-s42-v4
ROC,0.2211101000909918,0.8275862068965517,0.29540688285066663,test,logistic_regression,lr-oulad-c105-s42-v4
ROC,0.2211101000909918,0.8283045977011494,0.29515673450699903,test,logistic_regression,lr-oulad-c105-s42-v4
ROC,0.22429481346678798,0.8283045977011494,0.2927512736000099,test,logistic_regression,lr-oulad-c105-s42-v4
ROC,0.22429481346678798,0.8297413793103449,0.2925183626878613,test,logistic_regression,lr-oulad-c105-s42-v4
ROC,0.22656960873521384,0.8297413793103449,0.29052775577502743,test,logistic_regression,lr-oulad-c105-s42-v4
ROC,0.22656960873521384,0.8304597701149425,0.2898509941473976,test,logistic_regression,lr-oulad-c105-s42-v4
ROC,0.2283894449499545,0.8304597701149425,0.2888333631064926,test,logistic_regression,lr-oulad-c105-s42-v4
ROC,0.2283894449499545,0.8311781609195402,0.2887201537605978,test,logistic_regression,lr-oulad-c105-s42-v4
ROC,0.22929936305732485,0.8311781609195402,0.28812429547718754,test,logistic_regression,lr-oulad-c105-s42-v4
ROC,0.22929936305732485,0.8333333333333334,0.287260394865346,test,logistic_regression,lr-oulad-c105-s42-v4
ROC,0.23066424021838033,0.8333333333333334,0.28668460564695747,test,logistic_regression,lr-oulad-c105-s42-v4
ROC,0.23066424021838033,0.834051724137931,0.2861781921255324,test,logistic_regression,lr-oulad-c105-s42-v4
ROC,0.23157415832575068,0.834051724137931,0.28574717913090475,test,logistic_regression,lr-oulad-c105-s42-v4
ROC,0.23157415832575068,0.8354885057471264,0.28553609983447636,test,logistic_regression,lr-oulad-c105-s42-v4
ROC,0.2356687898089172,0.8354885057471264,0.2820908095220315,test,logistic_regression,lr-oulad-c105-s42-v4
ROC,0.2356687898089172,0.8362068965517241,0.28197376954144493,test,logistic_regression,lr-oulad-c105-s42-v4
ROC,0.2370336669699727,0.8362068965517241,0.281724917209025,test,logistic_regression,lr-oulad-c105-s42-v4
ROC,0.2370336669699727,0.8369252873563219,0.28160808722102093,test,logistic_regression,lr-oulad-c105-s42-v4
ROC,0.23748862602365786,0.8369252873563219,0.28140286411655757,test,logistic_regression,lr-oulad-c105-s42-v4
ROC,0.23748862602365786,0.8383620689655172,0.28074502535931545,test,logistic_regression,lr-oulad-c105-s42-v4
ROC,0.23794358507734303,0.8383620689655172,0.2804798234457577,test,logistic_regression,lr-oulad-c105-s42-v4
ROC,0.23794358507734303,0.8390804597701149,0.2803098535360915,test,logistic_regression,lr-oulad-c105-s42-v4
ROC,0.24067333939945404,0.8390804597701149,0.2774179294015369,test,logistic_regression,lr-oulad-c105-s42-v4
ROC,0.24067333939945404,0.8397988505747126,0.277395263471684,test,logistic_regression,lr-oulad-c105-s42-v4
ROC,0.2456778889899909,0.8397988505747126,0.2741227009512556,test,logistic_regression,lr-oulad-c105-s42-v4
ROC,0.2456778889899909,0.8405172413793104,0.2741151149346441,test,logistic_regression,lr-oulad-c105-s42-v4
ROC,0.24795268425841674,0.8405172413793104,0.2720183410896589,test,logistic_regression,lr-oulad-c105-s42-v4
ROC,0.24795268425841674,0.8412356321839081,0.27152190697166567,test,logistic_regression,lr-oulad-c105-s42-v4
ROC,0.24931756141947226,0.8412356321839081,0.2705841014874125,test,logistic_regression,lr-oulad-c105-s42-v4
ROC,0.24931756141947226,0.8419540229885057,0.2705170438420141,test,logistic_regression,lr-oulad-c105-s42-v4
ROC,0.2502274795268426,0.8419540229885057,0.2699585386938594,test,logistic_regression,lr-oulad-c105-s42-v4
ROC,0.2502274795268426,0.8426724137931034,0.2696899813610788,test,logistic_regression,lr-oulad-c105-s42-v4
ROC,0.2556869881710646,0.8426724137931034,0.2663217209854699,test,logistic_regression,lr-oulad-c105-s42-v4
ROC,0.2556869881710646,0.8433908045977011,0.2662252617684107,test,logistic_regression,lr-oulad-c105-s42-v4
ROC,0.25614194722474976,0.8433908045977011,0.26620199247858917,test,logistic_regression,lr-oulad-c105-s42-v4
ROC,0.25614194722474976,0.8441091954022989,0.26610540727572957,test,logistic_regression,lr-oulad-c105-s42-v4
ROC,0.2588717015468608,0.8441091954022989,0.2641746828206495,test,logistic_regression,lr-oulad-c105-s42-v4
ROC,0.2588717015468608,0.8448275862068966,0.2637878838804697,test,logistic_regression,lr-oulad-c105-s42-v4
ROC,0.2611464968152866,0.8448275862068966,0.26236602865356423,test,logistic_regression,lr-oulad-c105-s42-v4
ROC,0.2611464968152866,0.8462643678160919,0.26231570004614535,test,logistic_regression,lr-oulad-c105-s42-v4
ROC,0.26342129208371245,0.8462643678160919,0.26151005556322476,test,logistic_regression,lr-oulad-c105-s42-v4
ROC,0.26342129208371245,0.8469827586206896,0.261436985981158,test,logistic_regression,lr-oulad-c105-s42-v4
ROC,0.2661510464058235,0.8469827586206896,0.2596379444698093,test,logistic_regression,lr-oulad-c105-s42-v4
ROC,0.2661510464058235,0.8477011494252874,0.2590746455441545,test,logistic_regression,lr-oulad-c105-s42-v4
ROC,0.26706096451319383,0.8477011494252874,0.25873583734993333,test,logistic_regression,lr-oulad-c105-s42-v4
ROC,0.26706096451319383,0.8484195402298851,0.25868038711722446,test,logistic_regression,lr-oulad-c105-s42-v4
ROC,0.2697907188353048,0.8484195402298851,0.2578271548547742,test,logistic_regression,lr-oulad-c105-s42-v4
ROC,0.2697907188353048,0.8498563218390804,0.2575967677446461,test,logistic_regression,lr-oulad-c105-s42-v4
ROC,0.27024567788899,0.8498563218390804,0.25759346022880014,test,logistic_regression,lr-oulad-c105-s42-v4
ROC,0.27024567788899,0.8505747126436781,0.2575709038281748,test,logistic_regression,lr-oulad-c105-s42-v4
ROC,0.27206551410373064,0.8505747126436781,0.25627384205830345,test,logistic_regression,lr-oulad-c105-s42-v4
ROC,0.27206551410373064,0.8512931034482759,0.2562554245865602,test,logistic_regression,lr-oulad-c105-s42-v4
ROC,0.27252047315741584,0.8512931034482759,0.25624351201586504,test,logistic_regression,lr-oulad-c105-s42-v4
ROC,0.27252047315741584,0.8520114942528736,0.2559528532587833,test,logistic_regression,lr-oulad-c105-s42-v4
ROC,0.272975432211101,0.8520114942528736,0.25593733211185254,test,logistic_regression,lr-oulad-c105-s42-v4
ROC,0.272975432211101,0.8527298850574713,0.2557975421040559,test,logistic_regression,lr-oulad-c105-s42-v4
ROC,0.275705186533212,0.8527298850574713,0.2540799033105725,test,logistic_regression,lr-oulad-c105-s42-v4
ROC,0.275705186533212,0.853448275862069,0.2540536888685494,test,logistic_regression,lr-oulad-c105-s42-v4
ROC,0.27661510464058237,0.853448275862069,0.2535830616299995,test,logistic_regression,lr-oulad-c105-s42-v4
ROC,0.27661510464058237,0.8541666666666666,0.2533701036236905,test,logistic_regression,lr-oulad-c105-s42-v4
ROC,0.27797998180163785,0.8541666666666666,0.25263520049492605,test,logistic_regression,lr-oulad-c105-s42-v4
ROC,0.27797998180163785,0.8548850574712644,0.25237037584795435,test,logistic_regression,lr-oulad-c105-s42-v4
ROC,0.278434940855323,0.8548850574712644,0.25226516594484955,test,logistic_regression,lr-oulad-c105-s42-v4
ROC,0.278434940855323,0.8556034482758621,0.2521637460876845,test,logistic_regression,lr-oulad-c105-s42-v4
ROC,0.2788898999090082,0.8556034482758621,0.2518596395982829,test,logistic_regression,lr-oulad-c105-s42-v4
ROC,0.2788898999090082,0.8563218390804598,0.25164621924701447,test,logistic_regression,lr-oulad-c105-s42-v4
ROC,0.2802547770700637,0.8563218390804598,0.25083972443473745,test,logistic_regression,lr-oulad-c105-s42-v4
ROC,0.2802547770700637,0.8570402298850575,0.2507617910951167,test,logistic_regression,lr-oulad-c105-s42-v4
ROC,0.28480436760691535,0.8570402298850575,0.2486539645512851,test,logistic_regression,lr-oulad-c105-s42-v4
ROC,0.28480436760691535,0.8577586206896551,0.2485975143625344,test,logistic_regression,lr-oulad-c105-s42-v4
ROC,0.2857142857142857,0.8577586206896551,0.24761955801661087,test,logistic_regression,lr-oulad-c105-s42-v4
ROC,0.2857142857142857,0.860632183908046,0.24698123783917786,test,logistic_regression,lr-oulad-c105-s42-v4
ROC,0.2861692447679709,0.860632183908046,0.24693611051399236,test,logistic_regression,lr-oulad-c105-s42-v4
ROC,0.2861692447679709,0.8613505747126436,0.24503012311547123,test,logistic_regression,lr-oulad-c105-s42-v4
ROC,0.28662420382165604,0.8613505747126436,0.24481311415425536,test,logistic_regression,lr-oulad-c105-s42-v4
ROC,0.28662420382165604,0.8620689655172413,0.24457901329151527,test,logistic_regression,lr-oulad-c105-s42-v4
ROC,0.28798908098271153,0.8620689655172413,0.2442002486652497,test,logistic_regression,lr-oulad-c105-s42-v4
ROC,0.28798908098271153,0.8649425287356322,0.24324215498375504,test,logistic_regression,lr-oulad-c105-s42-v4
ROC,0.28844404003639673,0.8649425287356322,0.2428970645076593,test,logistic_regression,lr-oulad-c105-s42-v4
ROC,0.28844404003639673,0.8656609195402298,0.242693005133838,test,logistic_regression,lr-oulad-c105-s42-v4
ROC,0.2902638762511374,0.8656609195402298,0.24211653308209205,test,logistic_regression,lr-oulad-c105-s42-v4
ROC,0.2902638762511374,0.8663793103448276,0.24196140707245478,test,logistic_regression,lr-oulad-c105-s42-v4
ROC,0.29253867151956325,0.8663793103448276,0.24101605948101107,test,logistic_regression,lr-oulad-c105-s42-v4
ROC,0.29253867151956325,0.8670977011494253,0.24091429002310555,test,logistic_regression,lr-oulad-c105-s42-v4
ROC,0.29390354868061874,0.8670977011494253,0.23968357996011094,test,logistic_regression,lr-oulad-c105-s42-v4
ROC,0.29390354868061874,0.867816091954023,0.23961378395272745,test,logistic_regression,lr-oulad-c105-s42-v4
ROC,0.2948134667879891,0.867816091954023,0.23931036121648686,test,logistic_regression,lr-oulad-c105-s42-v4
ROC,0.2948134667879891,0.8685344827586207,0.23887135887733624,test,logistic_regression,lr-oulad-c105-s42-v4
ROC,0.29799818016378526,0.8685344827586207,0.23832895506516766,test,logistic_regression,lr-oulad-c105-s42-v4
ROC,0.29799818016378526,0.8692528735632183,0.238050540102805,test,logistic_regression,lr-oulad-c105-s42-v4
ROC,0.30072793448589624,0.8692528735632183,0.23739437488862908,test,logistic_regression,lr-oulad-c105-s42-v4
ROC,0.30072793448589624,0.8699712643678161,0.23736714414846516,test,logistic_regression,lr-oulad-c105-s42-v4
ROC,0.30254777070063693,0.8699712643678161,0.23575461385468569,test,logistic_regression,lr-oulad-c105-s42-v4
ROC,0.30254777070063693,0.8706896551724138,0.2356002850001512,test,logistic_regression,lr-oulad-c105-s42-v4
ROC,0.30300272975432213,0.8706896551724138,0.23555743601142434,test,logistic_regression,lr-oulad-c105-s42-v4
ROC,0.30300272975432213,0.8714080459770115,0.23539595937674143,test,logistic_regression,lr-oulad-c105-s42-v4
ROC,0.3034576888080073,0.8714080459770115,0.2347097630947058,test,logistic_regression,lr-oulad-c105-s42-v4
ROC,0.3034576888080073,0.8728448275862069,0.23364879821194964,test,logistic_regression,lr-oulad-c105-s42-v4
ROC,0.3039126478616925,0.8728448275862069,0.2331664870486587,test,logistic_regression,lr-oulad-c105-s42-v4
ROC,0.3039126478616925,0.8735632183908046,0.23306215443478714,test,logistic_regression,lr-oulad-c105-s42-v4
ROC,0.3057324840764331,0.8735632183908046,0.2319014421081613,test,logistic_regression,lr-oulad-c105-s42-v4
ROC,0.3057324840764331,0.8742816091954023,0.23129767109257954,test,logistic_regression,lr-oulad-c105-s42-v4
ROC,0.30709736123748865,0.8742816091954023,0.23047087446069714,test,logistic_regression,lr-oulad-c105-s42-v4
ROC,0.30709736123748865,0.875,0.23042188280714626,test,logistic_regression,lr-oulad-c105-s42-v4
ROC,0.3089171974522293,0.875,0.22939845818866902,test,logistic_regression,lr-oulad-c105-s42-v4
ROC,0.3089171974522293,0.8757183908045977,0.22931853476312053,test,logistic_regression,lr-oulad-c105-s42-v4
ROC,0.31028207461328483,0.8757183908045977,0.22915372480225396,test,logistic_regression,lr-oulad-c105-s42-v4
ROC,0.31028207461328483,0.8764367816091954,0.2288454896487596,test,logistic_regression,lr-oulad-c105-s42-v4
ROC,0.31210191082802546,0.8764367816091954,0.2280296790119084,test,logistic_regression,lr-oulad-c105-s42-v4
ROC,0.31210191082802546,0.8778735632183908,0.22674824158177903,test,logistic_regression,lr-oulad-c105-s42-v4
ROC,0.31392174704276615,0.8778735632183908,0.2262674442503623,test,logistic_regression,lr-oulad-c105-s42-v4
ROC,0.31392174704276615,0.8785919540229885,0.2262612290277105,test,logistic_regression,lr-oulad-c105-s42-v4
ROC,0.3202911737943585,0.8785919540229885,0.2236387664419694,test,logistic_regression,lr-oulad-c105-s42-v4
ROC,0.3202911737943585,0.8793103448275862,0.22354723524498352,test,logistic_regression,lr-oulad-c105-s42-v4
ROC,0.32074613284804365,0.8793103448275862,0.22354235477177484,test,logistic_regression,lr-oulad-c105-s42-v4
ROC,0.32074613284804365,0.8800287356321839,0.22338125063113326,test,logistic_regression,lr-oulad-c105-s42-v4
ROC,0.32438580527752503,0.8800287356321839,0.22201397641930135,test,logistic_regression,lr-oulad-c105-s42-v4
ROC,0.32438580527752503,0.8807471264367817,0.22175798228611804,test,logistic_regression,lr-oulad-c105-s42-v4
ROC,0.3257506824385805,0.8807471264367817,0.22162893293799935,test,logistic_regression,lr-oulad-c105-s42-v4
ROC,0.3257506824385805,0.8814655172413793,0.221202377302717,test,logistic_regression,lr-oulad-c105-s42-v4
ROC,0.3262056414922657,0.8814655172413793,0.22112727797656329,test,logistic_regression,lr-oulad-c105-s42-v4
ROC,0.3262056414922657,0.882183908045977,0.220949874647843,test,logistic_regression,lr-oulad-c105-s42-v4
ROC,0.32802547770700635,0.882183908045977,0.21877050955497715,test,logistic_regression,lr-oulad-c105-s42-v4
ROC,0.32802547770700635,0.8829022988505747,0.21868728520265424,test,logistic_regression,lr-oulad-c105-s42-v4
ROC,0.3325750682438581,0.8829022988505747,0.21654217609724516,test,logistic_regression,lr-oulad-c105-s42-v4
ROC,0.3325750682438581,0.8836206896551724,0.21651097739278932,test,logistic_regression,lr-oulad-c105-s42-v4
ROC,0.33666969972702454,0.8836206896551724,0.2149624613245407,test,logistic_regression,lr-oulad-c105-s42-v4
ROC,0.33666969972702454,0.8843390804597702,0.2149219204658215,test,logistic_regression,lr-oulad-c105-s42-v4
ROC,0.3380345768880801,0.8843390804597702,0.21433947626674205,test,logistic_regression,lr-oulad-c105-s42-v4
ROC,0.3380345768880801,0.8857758620689655,0.21376303526753002,test,logistic_regression,lr-oulad-c105-s42-v4
ROC,0.3421292083712466,0.8857758620689655,0.2123626521295764,test,logistic_regression,lr-oulad-c105-s42-v4
ROC,0.3421292083712466,0.8872126436781609,0.21191856645297627,test,logistic_regression,lr-oulad-c105-s42-v4
ROC,0.3453139217470428,0.8872126436781609,0.20969775370717894,test,logistic_regression,lr-oulad-c105-s42-v4
ROC,0.3453139217470428,0.8879310344827587,0.20965642832896839,test,logistic_regression,lr-oulad-c105-s42-v4
ROC,0.34622383985441313,0.8879310344827587,0.20944963622518903,test,logistic_regression,lr-oulad-c105-s42-v4
ROC,0.34622383985441313,0.8886494252873564,0.20943863450296832,test,logistic_regression,lr-oulad-c105-s42-v4
ROC,0.3475887170154686,0.8886494252873564,0.20910792055582333,test,logistic_regression,lr-oulad-c105-s42-v4
ROC,0.3475887170154686,0.8922413793103449,0.20846535643766914,test,logistic_regression,lr-oulad-c105-s42-v4
ROC,0.35168334849863514,0.8922413793103449,0.2058732358262286,test,logistic_regression,lr-oulad-c105-s42-v4
ROC,0.35168334849863514,0.8929597701149425,0.20560421820766522,test,logistic_regression,lr-oulad-c105-s42-v4
ROC,0.35668789808917195,0.8929597701149425,0.201890922570204,test,logistic_regression,lr-oulad-c105-s42-v4
ROC,0.35668789808917195,0.8943965517241379,0.20171981825254118,test,logistic_regression,lr-oulad-c105-s42-v4
ROC,0.35850773430391264,0.8943965517241379,0.20084057238572922,test,logistic_regression,lr-oulad-c105-s42-v4
ROC,0.35850773430391264,0.8951149425287356,0.20069245056064186,test,logistic_regression,lr-oulad-c105-s42-v4
ROC,0.359417652411283,0.8951149425287356,0.20057837594444144,test,logistic_regression,lr-oulad-c105-s42-v4
ROC,0.359417652411283,0.896551724137931,0.2000508706445107,test,logistic_regression,lr-oulad-c105-s42-v4
ROC,0.36715195632393083,0.896551724137931,0.19787921392503038,test,logistic_regression,lr-oulad-c105-s42-v4
ROC,0.36715195632393083,0.8972701149425287,0.19764632959453016,test,logistic_regression,lr-oulad-c105-s42-v4
ROC,0.3685168334849864,0.8972701149425287,0.1974299485467377,test,logistic_regression,lr-oulad-c105-s42-v4
ROC,0.3685168334849864,0.8979885057471264,0.19740576169691706,test,logistic_regression,lr-oulad-c105-s42-v4
ROC,0.37261146496815284,0.8979885057471264,0.19679634394753662,test,logistic_regression,lr-oulad-c105-s42-v4
ROC,0.37261146496815284,0.8987068965517241,0.19676970293333126,test,logistic_regression,lr-oulad-c105-s42-v4
ROC,0.37306642402183804,0.8987068965517241,0.19672302658122484,test,logistic_regression,lr-oulad-c105-s42-v4
ROC,0.37306642402183804,0.9008620689655172,0.19635808123200987,test,logistic_regression,lr-oulad-c105-s42-v4
ROC,0.3739763421292084,0.9008620689655172,0.19618979109387763,test,logistic_regression,lr-oulad-c105-s42-v4
ROC,0.3739763421292084,0.9015804597701149,0.196143874740135,test,logistic_regression,lr-oulad-c105-s42-v4
ROC,0.37579617834394907,0.9015804597701149,0.1953640174237512,test,logistic_regression,lr-oulad-c105-s42-v4
ROC,0.37579617834394907,0.9022988505747126,0.19512308587372368,test,logistic_regression,lr-oulad-c105-s42-v4
ROC,0.3776160145586897,0.9022988505747126,0.19446224736844409,test,logistic_regression,lr-oulad-c105-s42-v4
ROC,0.3776160145586897,0.9030172413793104,0.19445342508213795,test,logistic_regression,lr-oulad-c105-s42-v4
ROC,0.37989080982711554,0.9030172413793104,0.1932393238754791,test,logistic_regression,lr-oulad-c105-s42-v4
ROC,0.37989080982711554,0.9037356321839081,0.19226130311526296,test,logistic_regression,lr-oulad-c105-s42-v4
ROC,0.3821656050955414,0.9037356321839081,0.19196565531427057,test,logistic_regression,lr-oulad-c105-s42-v4
ROC,0.3821656050955414,0.9044540229885057,0.191770974243661,test,logistic_regression,lr-oulad-c105-s42-v4
ROC,0.38398544131028206,0.9044540229885057,0.19116667455222572,test,logistic_regression,lr-oulad-c105-s42-v4
ROC,0.38398544131028206,0.9051724137931034,0.19108452948915275,test,logistic_regression,lr-oulad-c105-s42-v4
ROC,0.3853503184713376,0.9051724137931034,0.19084898340587847,test,logistic_regression,lr-oulad-c105-s42-v4
ROC,0.3853503184713376,0.9058908045977011,0.19077001156798412,test,logistic_regression,lr-oulad-c105-s42-v4
ROC,0.3908098271155596,0.9058908045977011,0.18784685405028873,test,logistic_regression,lr-oulad-c105-s42-v4
ROC,0.3908098271155596,0.9073275862068966,0.18608287470208099,test,logistic_regression,lr-oulad-c105-s42-v4
ROC,0.3921747042766151,0.9073275862068966,0.18556061335752053,test,logistic_regression,lr-oulad-c105-s42-v4
ROC,0.3921747042766151,0.9080459770114943,0.18550617917149714,test,logistic_regression,lr-oulad-c105-s42-v4
ROC,0.39444949954504094,0.9080459770114943,0.18481904831443718,test,logistic_regression,lr-oulad-c105-s42-v4
ROC,0.39444949954504094,0.9094827586206896,0.1845539357825267,test,logistic_regression,lr-oulad-c105-s42-v4
ROC,0.39490445859872614,0.9094827586206896,0.18437271624666218,test,logistic_regression,lr-oulad-c105-s42-v4
ROC,0.39490445859872614,0.9109195402298851,0.1843420478361261,test,logistic_regression,lr-oulad-c105-s42-v4
ROC,0.4012738853503185,0.9109195402298851,0.18251807474090703,test,logistic_regression,lr-oulad-c105-s42-v4
ROC,0.4012738853503185,0.9116379310344828,0.18221124511222817,test,logistic_regression,lr-oulad-c105-s42-v4
ROC,0.40172884440400364,0.9116379310344828,0.1821383199241971,test,logistic_regression,lr-oulad-c105-s42-v4
ROC,0.40172884440400364,0.9123563218390804,0.18187380087400834,test,logistic_regression,lr-oulad-c105-s42-v4
ROC,0.40764331210191085,0.9123563218390804,0.17975231853643248,test,logistic_regression,lr-oulad-c105-s42-v4
ROC,0.40764331210191085,0.9130747126436781,0.1790010531736987,test,logistic_regression,lr-oulad-c105-s42-v4
ROC,0.4099181073703367,0.9130747126436781,0.17860770510907406,test,logistic_regression,lr-oulad-c105-s42-v4
ROC,0.4099181073703367,0.9137931034482759,0.17840117459302451,test,logistic_regression,lr-oulad-c105-s42-v4
ROC,0.41310282074613286,0.9137931034482759,0.17728453460291527,test,logistic_regression,lr-oulad-c105-s42-v4
ROC,0.41310282074613286,0.9152298850574713,0.17702518478335194,test,logistic_regression,lr-oulad-c105-s42-v4
ROC,0.41901728844404,0.9152298850574713,0.1747905396938544,test,logistic_regression,lr-oulad-c105-s42-v4
ROC,0.41901728844404,0.915948275862069,0.17474662594365292,test,logistic_regression,lr-oulad-c105-s42-v4
ROC,0.42584167424931757,0.915948275862069,0.1726724230421464,test,logistic_regression,lr-oulad-c105-s42-v4
ROC,0.42584167424931757,0.9173850574712644,0.1716985626085344,test,logistic_regression,lr-oulad-c105-s42-v4
ROC,0.42766151046405826,0.9173850574712644,0.17148765294915252,test,logistic_regression,lr-oulad-c105-s42-v4
ROC,0.42766151046405826,0.9181034482758621,0.17139117638926002,test,logistic_regression,lr-oulad-c105-s42-v4
ROC,0.4299363057324841,0.9181034482758621,0.17050563079250938,test,logistic_regression,lr-oulad-c105-s42-v4
ROC,0.4299363057324841,0.9188218390804598,0.17025169621541564,test,logistic_regression,lr-oulad-c105-s42-v4
ROC,0.43084622383985444,0.9188218390804598,0.17010835230406546,test,logistic_regression,lr-oulad-c105-s42-v4
ROC,0.43084622383985444,0.9195402298850575,0.16982849132851047,test,logistic_regression,lr-oulad-c105-s42-v4
ROC,0.4353958143767061,0.9195402298850575,0.16878188317986909,test,logistic_regression,lr-oulad-c105-s42-v4
ROC,0.4353958143767061,0.9209770114942529,0.1684167686608772,test,logistic_regression,lr-oulad-c105-s42-v4
ROC,0.43630573248407645,0.9209770114942529,0.1679335371598641,test,logistic_regression,lr-oulad-c105-s42-v4
ROC,0.43630573248407645,0.9224137931034483,0.1671582836118067,test,logistic_regression,lr-oulad-c105-s42-v4
ROC,0.4372156505914468,0.9224137931034483,0.16700473167237573,test,logistic_regression,lr-oulad-c105-s42-v4
ROC,0.4372156505914468,0.923132183908046,0.1667180346971047,test,logistic_regression,lr-oulad-c105-s42-v4
ROC,0.44131028207461326,0.923132183908046,0.1653270430385282,test,logistic_regression,lr-oulad-c105-s42-v4
ROC,0.44131028207461326,0.9252873563218391,0.164872888788999,test,logistic_regression,lr-oulad-c105-s42-v4
ROC,0.44449499545040944,0.9252873563218391,0.163811132107077,test,logistic_regression,lr-oulad-c105-s42-v4
ROC,0.44449499545040944,0.9260057471264368,0.16380949874381928,test,logistic_regression,lr-oulad-c105-s42-v4
ROC,0.445859872611465,0.9260057471264368,0.16300985359569828,test,logistic_regression,lr-oulad-c105-s42-v4
ROC,0.445859872611465,0.9267241379310345,0.16299736244358753,test,logistic_regression,lr-oulad-c105-s42-v4
ROC,0.44722474977252047,0.9267241379310345,0.16247383248262798,test,logistic_regression,lr-oulad-c105-s42-v4
ROC,0.44722474977252047,0.9274425287356322,0.16213097465884851,test,logistic_regression,lr-oulad-c105-s42-v4
ROC,0.45040946314831665,0.9274425287356322,0.1610036084488769,test,logistic_regression,lr-oulad-c105-s42-v4
ROC,0.45040946314831665,0.9281609195402298,0.1609171524901219,test,logistic_regression,lr-oulad-c105-s42-v4
ROC,0.4535941765241128,0.9281609195402298,0.15981234248729898,test,logistic_regression,lr-oulad-c105-s42-v4
ROC,0.4535941765241128,0.9288793103448276,0.15979420103511105,test,logistic_regression,lr-oulad-c105-s42-v4
ROC,0.45768880800727935,0.9288793103448276,0.1578542500549008,test,logistic_regression,lr-oulad-c105-s42-v4
ROC,0.45768880800727935,0.9295977011494253,0.15761687232714905,test,logistic_regression,lr-oulad-c105-s42-v4
ROC,0.4604185623293904,0.9295977011494253,0.15690760757661312,test,logistic_regression,lr-oulad-c105-s42-v4
ROC,0.4604185623293904,0.9310344827586207,0.15681262304851074,test,logistic_regression,lr-oulad-c105-s42-v4
ROC,0.46496815286624205,0.9310344827586207,0.1541707123174874,test,logistic_regression,lr-oulad-c105-s42-v4
ROC,0.46496815286624205,0.9317528735632183,0.15402557241552867,test,logistic_regression,lr-oulad-c105-s42-v4
ROC,0.46633303002729753,0.9317528735632183,0.15345521512808874,test,logistic_regression,lr-oulad-c105-s42-v4
ROC,0.46633303002729753,0.9324712643678161,0.15344713531112666,test,logistic_regression,lr-oulad-c105-s42-v4
ROC,0.4699727024567789,0.9324712643678161,0.15262426665532344,test,logistic_regression,lr-oulad-c105-s42-v4
ROC,0.4699727024567789,0.9346264367816092,0.15244852139399617,test,logistic_regression,lr-oulad-c105-s42-v4
ROC,0.47952684258416745,0.9346264367816092,0.14864040055247832,test,logistic_regression,lr-oulad-c105-s42-v4
ROC,0.47952684258416745,0.9353448275862069,0.14860805517695772,test,logistic_regression,lr-oulad-c105-s42-v4
ROC,0.4813466787989081,0.9353448275862069,0.1481988931102823,test,logistic_regression,lr-oulad-c105-s42-v4
ROC,0.4813466787989081,0.9360632183908046,0.14807775210369525,test,logistic_regression,lr-oulad-c105-s42-v4
ROC,0.4854413102820746,0.9360632183908046,0.1472353553999914,test,logistic_regression,lr-oulad-c105-s42-v4
ROC,0.4854413102820746,0.9367816091954023,0.14696698873878736,test,logistic_regression,lr-oulad-c105-s42-v4
ROC,0.4872611464968153,0.9367816091954023,0.14625275859838305,test,logistic_regression,lr-oulad-c105-s42-v4
ROC,0.4872611464968153,0.9375,0.14618780521410868,test,logistic_regression,lr-oulad-c105-s42-v4
ROC,0.48817106460418563,0.9375,0.14611344375623583,test,logistic_regression,lr-oulad-c105-s42-v4
ROC,0.48817106460418563,0.9382183908045977,0.14608051193402244,test,logistic_regression,lr-oulad-c105-s42-v4
ROC,0.49226569608735216,0.9382183908045977,0.14503092737299178,test,logistic_regression,lr-oulad-c105-s42-v4
ROC,0.49226569608735216,0.9389367816091954,0.14502929577860924,test,logistic_regression,lr-oulad-c105-s42-v4
ROC,0.49363057324840764,0.9389367816091954,0.1446749311257028,test,logistic_regression,lr-oulad-c105-s42-v4
ROC,0.49363057324840764,0.9396551724137931,0.14464192056778552,test,logistic_regression,lr-oulad-c105-s42-v4
ROC,0.4963603275705187,0.9396551724137931,0.1441549688421904,test,logistic_regression,lr-oulad-c105-s42-v4
ROC,0.4963603275705187,0.9403735632183908,0.14394057197227256,test,logistic_regression,lr-oulad-c105-s42-v4
ROC,0.5095541401273885,0.9403735632183908,0.14019454585096386,test,logistic_regression,lr-oulad-c105-s42-v4
ROC,0.5095541401273885,0.9410919540229885,0.1399902210772108,test,logistic_regression,lr-oulad-c105-s42-v4
ROC,0.5122838944494995,0.9410919540229885,0.13925627726046114,test,logistic_regression,lr-oulad-c105-s42-v4
ROC,0.5122838944494995,0.9425287356321839,0.13915898938463925,test,logistic_regression,lr-oulad-c105-s42-v4
ROC,0.5145586897179254,0.9425287356321839,0.13836411535213242,test,logistic_regression,lr-oulad-c105-s42-v4
ROC,0.5145586897179254,0.9432471264367817,0.13834095503415203,test,logistic_regression,lr-oulad-c105-s42-v4
ROC,0.5168334849863512,0.9432471264367817,0.13808424511683456,test,logistic_regression,lr-oulad-c105-s42-v4
ROC,0.5168334849863512,0.9439655172413793,0.13794593243772912,test,logistic_regression,lr-oulad-c105-s42-v4
ROC,0.5172884440400364,0.9439655172413793,0.13757891973619946,test,logistic_regression,lr-oulad-c105-s42-v4
ROC,0.5172884440400364,0.9454022988505747,0.13747018514516765,test,logistic_regression,lr-oulad-c105-s42-v4
ROC,0.5177434030937216,0.9454022988505747,0.13746693341874155,test,logistic_regression,lr-oulad-c105-s42-v4
ROC,0.5177434030937216,0.9461206896551724,0.13720598101707254,test,logistic_regression,lr-oulad-c105-s42-v4
ROC,0.5181983621474068,0.9461206896551724,0.1371172091274127,test,logistic_regression,lr-oulad-c105-s42-v4
ROC,0.5181983621474068,0.9482758620689655,0.13692800063475677,test,logistic_regression,lr-oulad-c105-s42-v4
ROC,0.5186533212010919,0.9482758620689655,0.13674274002965228,test,logistic_regression,lr-oulad-c105-s42-v4
ROC,0.5186533212010919,0.9489942528735632,0.13663119800123494,test,logistic_regression,lr-oulad-c105-s42-v4
ROC,0.5232029117379435,0.9489942528735632,0.13499061329228637,test,logistic_regression,lr-oulad-c105-s42-v4
ROC,0.5232029117379435,0.9504310344827587,0.13443433269582172,test,logistic_regression,lr-oulad-c105-s42-v4
ROC,0.532302092811647,0.9504310344827587,0.13185130908536802,test,logistic_regression,lr-oulad-c105-s42-v4
ROC,0.532302092811647,0.9511494252873564,0.13167922732473566,test,logistic_regression,lr-oulad-c105-s42-v4
ROC,0.5427661510464058,0.9511494252873564,0.12914845035303146,test,logistic_regression,lr-oulad-c105-s42-v4
ROC,0.5427661510464058,0.951867816091954,0.12913916580322168,test,logistic_regression,lr-oulad-c105-s42-v4
ROC,0.5450409463148317,0.951867816091954,0.12846851337521384,test,logistic_regression,lr-oulad-c105-s42-v4
ROC,0.5450409463148317,0.9525862068965517,0.12844513228900728,test,logistic_regression,lr-oulad-c105-s42-v4
ROC,0.551410373066424,0.9525862068965517,0.12669543756972898,test,logistic_regression,lr-oulad-c105-s42-v4
ROC,0.551410373066424,0.9533045977011494,0.12645193859264608,test,logistic_regression,lr-oulad-c105-s42-v4
ROC,0.5545950864422202,0.9533045977011494,0.12538611637861763,test,logistic_regression,lr-oulad-c105-s42-v4
ROC,0.5545950864422202,0.9540229885057471,0.12519286588805967,test,logistic_regression,lr-oulad-c105-s42-v4
ROC,0.5577797998180164,0.9540229885057471,0.12465054658835227,test,logistic_regression,lr-oulad-c105-s42-v4
ROC,0.5577797998180164,0.9547413793103449,0.12460182741519266,test,logistic_regression,lr-oulad-c105-s42-v4
ROC,0.5605095541401274,0.9547413793103449,0.12351363663967976,test,logistic_regression,lr-oulad-c105-s42-v4
ROC,0.5605095541401274,0.9554597701149425,0.12332838492900441,test,logistic_regression,lr-oulad-c105-s42-v4
ROC,0.5632393084622384,0.9554597701149425,0.12239458798961261,test,logistic_regression,lr-oulad-c105-s42-v4
ROC,0.5632393084622384,0.9568965517241379,0.12181052929380769,test,logistic_regression,lr-oulad-c105-s42-v4
ROC,0.565059144676979,0.9568965517241379,0.12173414352565748,test,logistic_regression,lr-oulad-c105-s42-v4
ROC,0.565059144676979,0.9576149425287356,0.12171884883444509,test,logistic_regression,lr-oulad-c105-s42-v4
ROC,0.5773430391264787,0.9576149425287356,0.11890479410098269,test,logistic_regression,lr-oulad-c105-s42-v4
ROC,0.5773430391264787,0.9583333333333334,0.11887366271224026,test,logistic_regression,lr-oulad-c105-s42-v4
ROC,0.5818926296633303,0.9583333333333334,0.1176543058100887,test,logistic_regression,lr-oulad-c105-s42-v4
ROC,0.5818926296633303,0.959051724137931,0.11762736458337249,test,logistic_regression,lr-oulad-c105-s42-v4
ROC,0.5873521383075523,0.959051724137931,0.1154246461671182,test,logistic_regression,lr-oulad-c105-s42-v4
ROC,0.5873521383075523,0.9597701149425287,0.11540086704651419,test,logistic_regression,lr-oulad-c105-s42-v4
ROC,0.6028207461328481,0.9597701149425287,0.11056788479863008,test,logistic_regression,lr-oulad-c105-s42-v4
ROC,0.6028207461328481,0.9604885057471264,0.11038087124868305,test,logistic_regression,lr-oulad-c105-s42-v4
ROC,0.6046405823475887,0.9604885057471264,0.10956121810661168,test,logistic_regression,lr-oulad-c105-s42-v4
ROC,0.6046405823475887,0.9619252873563219,0.10937106191683917,test,logistic_regression,lr-oulad-c105-s42-v4
ROC,0.6050955414012739,0.9619252873563219,0.1092951945248427,test,logistic_regression,lr-oulad-c105-s42-v4
ROC,0.6050955414012739,0.9626436781609196,0.10925163690082729,test,logistic_regression,lr-oulad-c105-s42-v4
ROC,0.6096451319381255,0.9626436781609196,0.10876324949559349,test,logistic_regression,lr-oulad-c105-s42-v4
ROC,0.6096451319381255,0.9633620689655172,0.10871346403599542,test,logistic_regression,lr-oulad-c105-s42-v4
ROC,0.6151046405823476,0.9633620689655172,0.10734812279844501,test,logistic_regression,lr-oulad-c105-s42-v4
ROC,0.6151046405823476,0.9640804597701149,0.1071131181444082,test,logistic_regression,lr-oulad-c105-s42-v4
ROC,0.6155595996360328,0.9640804597701149,0.10707807323739316,test,logistic_regression,lr-oulad-c105-s42-v4
ROC,0.6155595996360328,0.9647988505747126,0.10695948368472964,test,logistic_regression,lr-oulad-c105-s42-v4
ROC,0.6164695177434031,0.9647988505747126,0.10682338467806964,test,logistic_regression,lr-oulad-c105-s42-v4
ROC,0.6164695177434031,0.9655172413793104,0.10652288796683515,test,logistic_regression,lr-oulad-c105-s42-v4
ROC,0.6328480436760692,0.9655172413793104,0.1027146543215002,test,logistic_regression,lr-oulad-c105-s42-v4
ROC,0.6328480436760692,0.9662356321839081,0.10269830681215765,test,logistic_regression,lr-oulad-c105-s42-v4
ROC,0.640582347588717,0.9662356321839081,0.10109316111503414,test,logistic_regression,lr-oulad-c105-s42-v4
ROC,0.640582347588717,0.9669540229885057,0.10093220451141308,test,logistic_regression,lr-oulad-c105-s42-v4
ROC,0.6414922656960873,0.9669540229885057,0.10066475439546718,test,logistic_regression,lr-oulad-c105-s42-v4
ROC,0.6414922656960873,0.9683908045977011,0.10035608965920549,test,logistic_regression,lr-oulad-c105-s42-v4
ROC,0.6442220200181984,0.9683908045977011,0.09974963976782389,test,logistic_regression,lr-oulad-c105-s42-v4
ROC,0.6442220200181984,0.9691091954022989,0.0988304881694903,test,logistic_regression,lr-oulad-c105-s42-v4
ROC,0.6492265696087353,0.9691091954022989,0.09736750555913105,test,logistic_regression,lr-oulad-c105-s42-v4
ROC,0.6492265696087353,0.9698275862068966,0.09736200114010794,test,logistic_regression,lr-oulad-c105-s42-v4
ROC,0.66196542311192,0.9698275862068966,0.09440415758676735,test,logistic_regression,lr-oulad-c105-s42-v4
ROC,0.66196542311192,0.9705459770114943,0.09426255808899306,test,logistic_regression,lr-oulad-c105-s42-v4
ROC,0.6724294813466788,0.9705459770114943,0.0917774920401737,test,logistic_regression,lr-oulad-c105-s42-v4
ROC,0.6724294813466788,0.9712643678160919,0.09169126106999373,test,logistic_regression,lr-oulad-c105-s42-v4
ROC,0.6792538671519563,0.9712643678160919,0.08975343475228256,test,logistic_regression,lr-oulad-c105-s42-v4
ROC,0.6792538671519563,0.9719827586206896,0.08972077713732983,test,logistic_regression,lr-oulad-c105-s42-v4
ROC,0.683803457688808,0.9719827586206896,0.08828306377991291,test,logistic_regression,lr-oulad-c105-s42-v4
ROC,0.683803457688808,0.9727011494252874,0.08819511556203308,test,logistic_regression,lr-oulad-c105-s42-v4
ROC,0.6919927206551411,0.9727011494252874,0.08586028023008002,test,logistic_regression,lr-oulad-c105-s42-v4
ROC,0.6919927206551411,0.9741379310344828,0.08546739215860769,test,logistic_regression,lr-oulad-c105-s42-v4
ROC,0.6951774340309372,0.9741379310344828,0.08461934427246164,test,logistic_regression,lr-oulad-c105-s42-v4
ROC,0.6951774340309372,0.9748563218390804,0.08444995591801685,test,logistic_regression,lr-oulad-c105-s42-v4
ROC,0.7001819836214741,0.9748563218390804,0.08356962418149001,test,logistic_regression,lr-oulad-c105-s42-v4
ROC,0.7001819836214741,0.9755747126436781,0.08351656484747205,test,logistic_regression,lr-oulad-c105-s42-v4
ROC,0.7020018198362148,0.9755747126436781,0.08313147117675385,test,logistic_regression,lr-oulad-c105-s42-v4
ROC,0.7020018198362148,0.9762931034482759,0.08302390999826108,test,logistic_regression,lr-oulad-c105-s42-v4
ROC,0.7261146496815286,0.9762931034482759,0.07700052953238859,test,logistic_regression,lr-oulad-c105-s42-v4
ROC,0.7261146496815286,0.9770114942528736,0.07696022728444507,test,logistic_regression,lr-oulad-c105-s42-v4
ROC,0.7279344858962693,0.9770114942528736,0.07679753317881524,test,logistic_regression,lr-oulad-c105-s42-v4
ROC,0.7279344858962693,0.9777298850574713,0.07679697792187834,test,logistic_regression,lr-oulad-c105-s42-v4
ROC,0.72975432211101,0.9777298850574713,0.07633769447837982,test,logistic_regression,lr-oulad-c105-s42-v4
ROC,0.72975432211101,0.978448275862069,0.07628092773899094,test,logistic_regression,lr-oulad-c105-s42-v4
ROC,0.7356687898089171,0.978448275862069,0.07502194514484839,test,logistic_regression,lr-oulad-c105-s42-v4
ROC,0.7356687898089171,0.9798850574712644,0.07496946255998917,test,logistic_regression,lr-oulad-c105-s42-v4
ROC,0.7484076433121019,0.9798850574712644,0.07116423036716701,test,logistic_regression,lr-oulad-c105-s42-v4
ROC,0.7484076433121019,0.9806034482758621,0.07115230999961557,test,logistic_regression,lr-oulad-c105-s42-v4
ROC,0.7634212920837125,0.9806034482758621,0.06844784174465483,test,logistic_regression,lr-oulad-c105-s42-v4
ROC,0.7634212920837125,0.9813218390804598,0.06842519788735234,test,logistic_regression,lr-oulad-c105-s42-v4
ROC,0.772975432211101,0.9813218390804598,0.06722402628973159,test,logistic_regression,lr-oulad-c105-s42-v4
ROC,0.772975432211101,0.9820402298850575,0.06720291954983097,test,logistic_regression,lr-oulad-c105-s42-v4
ROC,0.7766151046405824,0.9820402298850575,0.06597371253807541,test,logistic_regression,lr-oulad-c105-s42-v4
ROC,0.7766151046405824,0.9827586206896551,0.06585108041731685,test,logistic_regression,lr-oulad-c105-s42-v4
ROC,0.781164695177434,0.9827586206896551,0.06482653260154256,test,logistic_regression,lr-oulad-c105-s42-v4
ROC,0.781164695177434,0.9834770114942529,0.06479154338472676,test,logistic_regression,lr-oulad-c105-s42-v4
ROC,0.7966333030027297,0.9834770114942529,0.062324264300742754,test,logistic_regression,lr-oulad-c105-s42-v4
ROC,0.7966333030027297,0.9841954022988506,0.062232662351205795,test,logistic_regression,lr-oulad-c105-s42-v4
ROC,0.8075523202911737,0.9841954022988506,0.05980182448730728,test,logistic_regression,lr-oulad-c105-s42-v4
ROC,0.8075523202911737,0.9849137931034483,0.059432611463508124,test,logistic_regression,lr-oulad-c105-s42-v4
ROC,0.813466787989081,0.9849137931034483,0.05792940737018733,test,logistic_regression,lr-oulad-c105-s42-v4
ROC,0.813466787989081,0.985632183908046,0.0577441708303149,test,logistic_regression,lr-oulad-c105-s42-v4
ROC,0.821656050955414,0.985632183908046,0.05601660030982476,test,logistic_regression,lr-oulad-c105-s42-v4
ROC,0.821656050955414,0.9863505747126436,0.055986360378475146,test,logistic_regression,lr-oulad-c105-s42-v4
ROC,0.8284804367606915,0.9863505747126436,0.054960112154404106,test,logistic_regression,lr-oulad-c105-s42-v4
ROC,0.8284804367606915,0.9870689655172413,0.05481669319992054,test,logistic_regression,lr-oulad-c105-s42-v4
ROC,0.8303002729754322,0.9870689655172413,0.05454746523072414,test,logistic_regression,lr-oulad-c105-s42-v4
ROC,0.8303002729754322,0.9877873563218391,0.05441317955136494,test,logistic_regression,lr-oulad-c105-s42-v4
ROC,0.8375796178343949,0.9877873563218391,0.05193808512173744,test,logistic_regression,lr-oulad-c105-s42-v4
ROC,0.8375796178343949,0.9885057471264368,0.05187532261285303,test,logistic_regression,lr-oulad-c105-s42-v4
ROC,0.8403093721565059,0.9885057471264368,0.0512514179132088,test,logistic_regression,lr-oulad-c105-s42-v4
ROC,0.8403093721565059,0.9892241379310345,0.05118651901158214,test,logistic_regression,lr-oulad-c105-s42-v4
ROC,0.8462238398544131,0.9892241379310345,0.0497552137761278,test,logistic_regression,lr-oulad-c105-s42-v4
ROC,0.8462238398544131,0.9899425287356322,0.04974687197012522,test,logistic_regression,lr-oulad-c105-s42-v4
ROC,0.8471337579617835,0.9899425287356322,0.049716314333904846,test,logistic_regression,lr-oulad-c105-s42-v4
ROC,0.8471337579617835,0.9906609195402298,0.04967703061700782,test,logistic_regression,lr-oulad-c105-s42-v4
ROC,0.8553230209281165,0.9906609195402298,0.04794945127699113,test,logistic_regression,lr-oulad-c105-s42-v4
ROC,0.8553230209281165,0.9913793103448276,0.047815871194928423,test,logistic_regression,lr-oulad-c105-s42-v4
ROC,0.8557779799818016,0.9913793103448276,0.047696727349823324,test,logistic_regression,lr-oulad-c105-s42-v4
ROC,0.8557779799818016,0.9920977011494253,0.047667131011714506,test,logistic_regression,lr-oulad-c105-s42-v4
ROC,0.8639672429481347,0.9920977011494253,0.04640817870224563,test,logistic_regression,lr-oulad-c105-s42-v4
ROC,0.8639672429481347,0.992816091954023,0.04632776883113967,test,logistic_regression,lr-oulad-c105-s42-v4
ROC,0.8717015468607825,0.992816091954023,0.04457362117548957,test,logistic_regression,lr-oulad-c105-s42-v4
ROC,0.8717015468607825,0.9942528735632183,0.04430548777994806,test,logistic_regression,lr-oulad-c105-s42-v4
ROC,0.8721565059144677,0.9942528735632183,0.044155445846152636,test,logistic_regression,lr-oulad-c105-s42-v4
ROC,0.8721565059144677,0.9949712643678161,0.044147012502337844,test,logistic_regression,lr-oulad-c105-s42-v4
ROC,0.8817106460418562,0.9949712643678161,0.04121874048933956,test,logistic_regression,lr-oulad-c105-s42-v4
ROC,0.8817106460418562,0.9956896551724138,0.04102492704910149,test,logistic_regression,lr-oulad-c105-s42-v4
ROC,0.8898999090081893,0.9956896551724138,0.039588857668255,test,logistic_regression,lr-oulad-c105-s42-v4
ROC,0.8898999090081893,0.9964080459770115,0.03934984291456281,test,logistic_regression,lr-oulad-c105-s42-v4
ROC,0.902638762511374,0.9964080459770115,0.03762894894917528,test,logistic_regression,lr-oulad-c105-s42-v4
ROC,0.902638762511374,0.9971264367816092,0.03761580812102416,test,logistic_regression,lr-oulad-c105-s42-v4
ROC,0.9167424931756142,0.9971264367816092,0.03458652014979365,test,logistic_regression,lr-oulad-c105-s42-v4
ROC,0.9167424931756142,0.9978448275862069,0.03452766102331693,test,logistic_regression,lr-oulad-c105-s42-v4
ROC,0.9472247497725205,0.9978448275862069,0.026257779234038495,test,logistic_regression,lr-oulad-c105-s42-v4
ROC,0.9472247497725205,0.9985632183908046,0.026205271497219913,test,logistic_regression,lr-oulad-c105-s42-v4
ROC,0.9490445859872612,0.9985632183908046,0.02555379011655042,test,logistic_regression,lr-oulad-c105-s42-v4
ROC,0.9490445859872612,0.9992816091954023,0.025425334304130773,test,logistic_regression,lr-oulad-c105-s42-v4
ROC,0.9672429481346679,0.9992816091954023,0.020068691129407772,test,logistic_regression,lr-oulad-c105-s42-v4
ROC,0.9672429481346679,1.0,0.01983441343885328,test,logistic_regression,lr-oulad-c105-s42-v4
ROC,1.0,1.0,0.0053175107390633115,test,logistic_regression,lr-oulad-c105-s42-v4
Precision-Recall,1.0,0.38774373259052924,0.0053175107390633115,test,logistic_regression,lr-oulad-c105-s42-v4
Precision-Recall,1.0,0.38785176929506826,0.00575666562500223,test,logistic_regression,lr-oulad-c105-s42-v4
Precision-Recall,1.0,0.3879598662207358,0.005948902035490248,test,logistic_regression,lr-oulad-c105-s42-v4
Precision-Recall,1.0,0.388068023417898,0.006213772688443408,test,logistic_regression,lr-oulad-c105-s42-v4
Precision-Recall,1.0,0.3881762409369771,0.007032053050038652,test,logistic_regression,lr-oulad-c105-s42-v4
Precision-Recall,1.0,0.3882845188284519,0.007259475074320864,test,logistic_regression,lr-oulad-c105-s42-v4
Precision-Recall,1.0,0.38839285714285715,0.007338951764337736,test,logistic_regression,lr-oulad-c105-s42-v4
Precision-Recall,1.0,0.3885012559307843,0.008010299779711513,test,logistic_regression,lr-oulad-c105-s42-v4
Precision-Recall,1.0,0.38860971524288107,0.008498060153023098,test,logistic_regression,lr-oulad-c105-s42-v4
Precision-Recall,1.0,0.388718235129852,0.008643387935280692,test,logistic_regression,lr-oulad-c105-s42-v4
Precision-Recall,1.0,0.3888268156424581,0.00877851579247863,test,logistic_regression,lr-oulad-c105-s42-v4
Precision-Recall,1.0,0.3889354568315172,0.010016288245982097,test,logistic_regression,lr-oulad-c105-s42-v4
Precision-Recall,1.0,0.3890441587479039,0.010278854375073473,test,logistic_regression,lr-oulad-c105-s42-v4
Precision-Recall,1.0,0.38915292144254965,0.010987770274911325,test,logistic_regression,lr-oulad-c105-s42-v4
Precision-Recall,1.0,0.38926174496644295,0.011029113412718988,test,logistic_regression,lr-oulad-c105-s42-v4
Precision-Recall,1.0,0.3893706293706294,0.011076712938477111,test,logistic_regression,lr-oulad-c105-s42-v4
Precision-Recall,1.0,0.38947957470621153,0.011366007178805386,test,logistic_regression,lr-oulad-c105-s42-v4
Precision-Recall,1.0,0.3895885810243493,0.011565659430135442,test,logistic_regression,lr-oulad-c105-s42-v4
Precision-Recall,1.0,0.3896976483762598,0.011669154284578917,test,logistic_regression,lr-oulad-c105-s42-v4
Precision-Recall,1.0,0.38980677681321757,0.01181174597315217,test,logistic_regression,lr-oulad-c105-s42-v4
Precision-Recall,1.0,0.3899159663865546,0.011918834744114124,test,logistic_regression,lr-oulad-c105-s42-v4
Precision-Recall,1.0,0.3900252171476604,0.011924824614592091,test,logistic_regression,lr-oulad-c105-s42-v4
Precision-Recall,1.0,0.3901345291479821,0.012244872554670789,test,logistic_regression,lr-oulad-c105-s42-v4
Precision-Recall,1.0,0.3902439024390244,0.012263812837110475,test,logistic_regression,lr-oulad-c105-s42-v4
Precision-Recall,1.0,0.39035333707235,0.012490488079739561,test,logistic_regression,lr-oulad-c105-s42-v4
Precision-Recall,1.0,0.39046283309957924,0.012746344152995519,test,logistic_regression,lr-oulad-c105-s42-v4
Precision-Recall,1.0,0.39057239057239057,0.013580184731319899,test,logistic_regression,lr-oulad-c105-s42-v4
Precision-Recall,1.0,0.39068200954252036,0.013711347141971466,test,logistic_regression,lr-oulad-c105-s42-v4
Precision-Recall,1.0,0.39079169006176306,0.01428808138443306,test,logistic_regression,lr-oulad-c105-s42-v4
Precision-Recall,1.0,0.3909014321819714,0.014348228989453862,test,logistic_regression,lr-oulad-c105-s42-v4
Precision-Recall,1.0,0.39101123595505616,0.01445448140356551,test,logistic_regression,lr-oulad-c105-s42-v4
Precision-Recall,1.0,0.3911211014329868,0.01461906717934133,test,logistic_regression,lr-oulad-c105-s42-v4
Precision-Recall,1.0,0.3912310286677909,0.014655610916945555,test,logistic_regression,lr-oulad-c105-s42-v4
Precision-Recall,1.0,0.39134101771155466,0.01485683419048996,test,logistic_regression,lr-oulad-c105-s42-v4
Precision-Recall,1.0,0.3914510686164229,0.014880379990131141,test,logistic_regression,lr-oulad-c105-s42-v4
Precision-Recall,1.0,0.39156118143459917,0.014895557500129688,test,logistic_regression,lr-oulad-c105-s42-v4
Precision-Recall,1.0,0.39167135621834553,0.015266583894964759,test,logistic_regression,lr-oulad-c105-s42-v4
Precision-Recall,1.0,0.3917815930199831,0.015364150793422016,test,logistic_regression,lr-oulad-c105-s42-v4
Precision-Recall,1.0,0.3918918918918919,0.015539556512437713,test,logistic_regression,lr-oulad-c105-s42-v4
Precision-Recall,1.0,0.39200225288651086,0.015592207828667257,test,logistic_regression,lr-oulad-c105-s42-v4
Precision-Recall,1.0,0.39211267605633804,0.015607075589641004,test,logistic_regression,lr-oulad-c105-s42-v4
Precision-Recall,1.0,0.39222316145393066,0.015680679483264296,test,logistic_regression,lr-oulad-c105-s42-v4
Precision-Recall,1.0,0.3923337091319053,0.015823476009327944,test,logistic_regression,lr-oulad-c105-s42-v4
Precision-Recall,1.0,0.3924443191429377,0.015840918061502816,test,logistic_regression,lr-oulad-c105-s42-v4
Precision-Recall,1.0,0.3925549915397631,0.01613043704315644,test,logistic_regression,lr-oulad-c105-s42-v4
Precision-Recall,1.0,0.3926657263751763,0.016344790304242924,test,logistic_regression,lr-oulad-c105-s42-v4
Precision-Recall,1.0,0.3927765237020316,0.01634699154786298,test,logistic_regression,lr-oulad-c105-s42-v4
Precision-Recall,1.0,0.392887383573243,0.01646074049602261,test,logistic_regression,lr-oulad-c105-s42-v4
Precision-Recall,1.0,0.3929983060417843,0.016503065917468134,test,logistic_regression,lr-oulad-c105-s42-v4
Precision-Recall,1.0,0.39310929116068904,0.01655935938533511,test,logistic_regression,lr-oulad-c105-s42-v4
Precision-Recall,1.0,0.39322033898305087,0.016748445388782535,test,logistic_regression,lr-oulad-c105-s42-v4
Precision-Recall,1.0,0.39333144956202315,0.017043251579698805,test,logistic_regression,lr-oulad-c105-s42-v4
Precision-Recall,1.0,0.39344262295081966,0.017218192206771704,test,logistic_regression,lr-oulad-c105-s42-v4
Precision-Recall,1.0,0.3935538592027142,0.0174101659285173,test,logistic_regression,lr-oulad-c105-s42-v4
Precision-Recall,1.0,0.3936651583710407,0.017471268120002766,test,logistic_regression,lr-oulad-c105-s42-v4
Precision-Recall,1.0,0.39377652050919376,0.017529141782324793,test,logistic_regression,lr-oulad-c105-s42-v4
Precision-Recall,1.0,0.3938879456706282,0.0175337365327202,test,logistic_regression,lr-oulad-c105-s42-v4
Precision-Recall,1.0,0.39399943390885933,0.017679213920181628,test,logistic_regression,lr-oulad-c105-s42-v4
Precision-Recall,1.0,0.3941109852774632,0.017727249060928495,test,logistic_regression,lr-oulad-c105-s42-v4
Precision-Recall,1.0,0.39422259983007646,0.017838061212861543,test,logistic_regression,lr-oulad-c105-s42-v4
Precision-Recall,1.0,0.3943342776203966,0.018178547117358647,test,logistic_regression,lr-oulad-c105-s42-v4
Precision-Recall,1.0,0.39444601870218193,0.01824257393124427,test,logistic_regression,lr-oulad-c105-s42-v4
Precision-Recall,1.0,0.3945578231292517,0.018473741416458925,test,logistic_regression,lr-oulad-c105-s42-v4
Precision-Recall,1.0,0.39466969095548626,0.018496291706158602,test,logistic_regression,lr-oulad-c105-s42-v4
Precision-Recall,1.0,0.394781622234827,0.01855888228478663,test,logistic_regression,lr-oulad-c105-s42-v4
Precision-Recall,1.0,0.3948936170212766,0.01856863233717034,test,logistic_regression,lr-oulad-c105-s42-v4
Precision-Recall,1.0,0.39500567536889897,0.01899156297161411,test,logistic_regression,lr-oulad-c105-s42-v4
Precision-Recall,1.0,0.39511779733181945,0.019226894332223344,test,logistic_regression,lr-oulad-c105-s42-v4
Precision-Recall,1.0,0.39522998296422485,0.019361823765910297,test,logistic_regression,lr-oulad-c105-s42-v4
Precision-Recall,1.0,0.39534223232036353,0.019596406932626174,test,logistic_regression,lr-oulad-c105-s42-v4
Precision-Recall,1.0,0.39545454545454545,0.01962163751810284,test,logistic_regression,lr-oulad-c105-s42-v4
Precision-Recall,1.0,0.3955669224211424,0.019752800473101878,test,logistic_regression,lr-oulad-c105-s42-v4
Precision-Recall,1.0,0.39567936327458786,0.01983441343885328,test,logistic_regression,lr-oulad-c105-s42-v4
Precision-Recall,0.9992816091954023,0.39550753483082174,0.020068691129407772,test,logistic_regression,lr-oulad-c105-s42-v4
Precision-Recall,0.9992816091954023,0.3956200227531286,0.02065143492931974,test,logistic_regression,lr-oulad-c105-s42-v4
Precision-Recall,0.9992816091954023,0.3957325746799431,0.02072302325961375,test,logistic_regression,lr-oulad-c105-s42-v4
Precision-Recall,0.9992816091954023,0.3958451906659078,0.020880687302267983,test,logistic_regression,lr-oulad-c105-s42-v4
Precision-Recall,0.9992816091954023,0.3959578707657273,0.02093761436557665,test,logistic_regression,lr-oulad-c105-s42-v4
Precision-Recall,0.9992816091954023,0.39607061503416857,0.02099532218810447,test,logistic_regression,lr-oulad-c105-s42-v4
Precision-Recall,0.9992816091954023,0.39618342352606095,0.021137440973477306,test,logistic_regression,lr-oulad-c105-s42-v4
Precision-Recall,0.9992816091954023,0.3962962962962963,0.021153228153510884,test,logistic_regression,lr-oulad-c105-s42-v4
Precision-Recall,0.9992816091954023,0.39640923339982903,0.021282118429126265,test,logistic_regression,lr-oulad-c105-s42-v4
Precision-Recall,0.9992816091954023,0.39652223489167615,0.021292714063440278,test,logistic_regression,lr-oulad-c105-s42-v4
Precision-Recall,0.9992816091954023,0.3966353008269176,0.02134247142964834,test,logistic_regression,lr-oulad-c105-s42-v4
Precision-Recall,0.9992816091954023,0.396748431260696,0.02138930482730876,test,logistic_regression,lr-oulad-c105-s42-v4
Precision-Recall,0.9992816091954023,0.39686162624821686,0.021490333190051208,test,logistic_regression,lr-oulad-c105-s42-v4
Precision-Recall,0.9992816091954023,0.3969748858447489,0.02167947345027989,test,logistic_regression,lr-oulad-c105-s42-v4
Precision-Recall,0.9992816091954023,0.39708821010562373,0.02178798539175734,test,logistic_regression,lr-oulad-c105-s42-v4
Precision-Recall,0.9992816091954023,0.3972015990862364,0.021794036318514298,test,logistic_regression,lr-oulad-c105-s42-v4
Precision-Recall,0.9992816091954023,0.39731505284204516,0.02188341407516166,test,logistic_regression,lr-oulad-c105-s42-v4
Precision-Recall,0.9992816091954023,0.3974285714285714,0.022036531835719873,test,logistic_regression,lr-oulad-c105-s42-v4
Precision-Recall,0.9992816091954023,0.3975421549014004,0.022049920647241837,test,logistic_regression,lr-oulad-c105-s42-v4
Precision-Recall,0.9992816091954023,0.39765580331618067,0.022342377393200864,test,logistic_regression,lr-oulad-c105-s42-v4
Precision-Recall,0.9992816091954023,0.39776951672862454,0.02237518286120107,test,logistic_regression,lr-oulad-c105-s42-v4
Precision-Recall,0.9992816091954023,0.397883295194508,0.022442165878470168,test,logistic_regression,lr-oulad-c105-s42-v4
Precision-Recall,0.9992816091954023,0.39799713876967097,0.02267442862267454,test,logistic_regression,lr-oulad-c105-s42-v4
Precision-Recall,0.9992816091954023,0.3981110475100172,0.022718116593303247,test,logistic_regression,lr-oulad-c105-s42-v4
Precision-Recall,0.9992816091954023,0.39822502147151445,0.02298760902752614,test,logistic_regression,lr-oulad-c105-s42-v4
Precision-Recall,0.9992816091954023,0.3983390607101947,0.023188832426176975,test,logistic_regression,lr-oulad-c105-s42-v4
Precision-Recall,0.9992816091954023,0.39845316528215413,0.02330777105126037,test,logistic_regression,lr-oulad-c105-s42-v4
Precision-Recall,0.9992816091954023,0.39856733524355303,0.02361373221833385,test,logistic_regression,lr-oulad-c105-s42-v4
Precision-Recall,0.9992816091954023,0.3986815706506162,0.023744513937931262,test,logistic_regression,lr-oulad-c105-s42-v4
Precision-Recall,0.9992816091954023,0.39879587155963303,0.023783495670520394,test,logistic_regression,lr-oulad-c105-s42-v4
Precision-Recall,0.9992816091954023,0.39891023802695724,0.023875258358973892,test,logistic_regression,lr-oulad-c105-s42-v4
Precision-Recall,0.9992816091954023,0.39902467010900744,0.023902712949758247,test,logistic_regression,lr-oulad-c105-s42-v4
Precision-Recall,0.9992816091954023,0.39913916786226683,0.024090254771552983,test,logistic_regression,lr-oulad-c105-s42-v4
Precision-Recall,0.9992816091954023,0.39925373134328357,0.02424520248222394,test,logistic_regression,lr-oulad-c105-s42-v4
Precision-Recall,0.9992816091954023,0.3993683606086707,0.024336323066599472,test,logistic_regression,lr-oulad-c105-s42-v4
Precision-Recall,0.9992816091954023,0.3994830557151063,0.024386250881209014,test,logistic_regression,lr-oulad-c105-s42-v4
Precision-Recall,0.9992816091954023,0.39959781671933353,0.024614930685013848,test,logistic_regression,lr-oulad-c105-s42-v4
Precision-Recall,0.9992816091954023,0.3997126436781609,0.024885176200031122,test,logistic_regression,lr-oulad-c105-s42-v4
Precision-Recall,0.9992816091954023,0.3998275366484622,0.024919491542677127,test,logistic_regression,lr-oulad-c105-s42-v4
Precision-Recall,0.9992816091954023,0.39994249568717655,0.02513681132090195,test,logistic_regression,lr-oulad-c105-s42-v4
Precision-Recall,0.9992816091954023,0.4000575208513086,0.025425334304130773,test,logistic_regression,lr-oulad-c105-s42-v4
Precision-Recall,0.9985632183908046,0.3998849252013809,0.02555379011655042,test,logistic_regression,lr-oulad-c105-s42-v4
Precision-Recall,0.9985632183908046,0.4,0.025731495924017512,test,logistic_regression,lr-oulad-c105-s42-v4
Precision-Recall,0.9985632183908046,0.40011514104778356,0.02587811119621549,test,logistic_regression,lr-oulad-c105-s42-v4
Precision-Recall,0.9985632183908046,0.400230348401958,0.02597725785700779,test,logistic_regression,lr-oulad-c105-s42-v4
Precision-Recall,0.9985632183908046,0.40034562211981567,0.026205271497219913,test,logistic_regression,lr-oulad-c105-s42-v4
Precision-Recall,0.9978448275862069,0.40017286084701814,0.026257779234038495,test,logistic_regression,lr-oulad-c105-s42-v4
Precision-Recall,0.9978448275862069,0.4002881844380404,0.02642012963947472,test,logistic_regression,lr-oulad-c105-s42-v4
Precision-Recall,0.9978448275862069,0.4004035745171519,0.02658705170342399,test,logistic_regression,lr-oulad-c105-s42-v4
Precision-Recall,0.9978448275862069,0.4005190311418685,0.02662994705448614,test,logistic_regression,lr-oulad-c105-s42-v4
Precision-Recall,0.9978448275862069,0.40063455436977213,0.026687743157417527,test,logistic_regression,lr-oulad-c105-s42-v4
Precision-Recall,0.9978448275862069,0.40075014425851124,0.026715777408257032,test,logistic_regression,lr-oulad-c105-s42-v4
Precision-Recall,0.9978448275862069,0.40086580086580087,0.026772340853549962,test,logistic_regression,lr-oulad-c105-s42-v4
Precision-Recall,0.9978448275862069,0.4009815242494226,0.02701754886443467,test,logistic_regression,lr-oulad-c105-s42-v4
Precision-Recall,0.9978448275862069,0.40109731446722496,0.02707478435076945,test,logistic_regression,lr-oulad-c105-s42-v4
Precision-Recall,0.9978448275862069,0.40121317157712305,0.027449041903035223,test,logistic_regression,lr-oulad-c105-s42-v4
Precision-Recall,0.9978448275862069,0.4013290956370991,0.027644438115604093,test,logistic_regression,lr-oulad-c105-s42-v4
Precision-Recall,0.9978448275862069,0.4014450867052023,0.027810295275756437,test,logistic_regression,lr-oulad-c105-s42-v4
Precision-Recall,0.9978448275862069,0.401561144839549,0.027878843993560574,test,logistic_regression,lr-oulad-c105-s42-v4
Precision-Recall,0.9978448275862069,0.4016772700983227,0.02790413605862355,test,logistic_regression,lr-oulad-c105-s42-v4
Precision-Recall,0.9978448275862069,0.4017934625397744,0.02799907862627128,test,logistic_regression,lr-oulad-c105-s42-v4
Precision-Recall,0.9978448275862069,0.4019097222222222,0.02803828635215657,test,logistic_regression,lr-oulad-c105-s42-v4
Precision-Recall,0.9978448275862069,0.4020260492040521,0.028083546536441024,test,logistic_regression,lr-oulad-c105-s42-v4
Precision-Recall,0.9978448275862069,0.4021424435437174,0.028277733939042076,test,logistic_regression,lr-oulad-c105-s42-v4
Precision-Recall,0.9978448275862069,0.40225890529973934,0.0284710915419553,test,logistic_regression,lr-oulad-c105-s42-v4
Precision-Recall,0.9978448275862069,0.40237543453070684,0.02878122341944106,test,logistic_regression,lr-oulad-c105-s42-v4
Precision-Recall,0.9978448275862069,0.4024920312952767,0.028832893027113293,test,logistic_regression,lr-oulad-c105-s42-v4
Precision-Recall,0.9978448275862069,0.4026086956521739,0.028952174933512008,test,logistic_regression,lr-oulad-c105-s42-v4
Precision-Recall,0.9978448275862069,0.40272542766019137,0.029174454179146853,test,logistic_regression,lr-oulad-c105-s42-v4
Precision-Recall,0.9978448275862069,0.40284222737819025,0.0291750370837257,test,logistic_regression,lr-oulad-c105-s42-v4
Precision-Recall,0.9978448275862069,0.40295909486510006,0.029182134465710132,test,logistic_regression,lr-oulad-c105-s42-v4
Precision-Recall,0.9978448275862069,0.4030760301799187,0.029244205447726736,test,logistic_regression,lr-oulad-c105-s42-v4
Precision-Recall,0.9978448275862069,0.40319303338171264,0.029316049821499206,test,logistic_regression,lr-oulad-c105-s42-v4
Precision-Recall,0.9978448275862069,0.40331010452961674,0.02957729392835889,test,logistic_regression,lr-oulad-c105-s42-v4
Precision-Recall,0.9978448275862069,0.4034272436828347,0.029696031301848076,test,logistic_regression,lr-oulad-c105-s42-v4
Precision-Recall,0.9978448275862069,0.4035444509006392,0.029841316111322645,test,logistic_regression,lr-oulad-c105-s42-v4
Precision-Recall,0.9978448275862069,0.4036617262423714,0.029854045602926038,test,logistic_regression,lr-oulad-c105-s42-v4
Precision-Recall,0.9978448275862069,0.4037790697674419,0.029864939284542896,test,logistic_regression,lr-oulad-c105-s42-v4
Precision-Recall,0.9978448275862069,0.40389648153533003,0.02999426817036341,test,logistic_regression,lr-oulad-c105-s42-v4
Precision-Recall,0.9978448275862069,0.4040139616055846,0.030020241548920752,test,logistic_regression,lr-oulad-c105-s42-v4
Precision-Recall,0.9978448275862069,0.40413151003782366,0.030034107489464036,test,logistic_regression,lr-oulad-c105-s42-v4
Precision-Recall,0.9978448275862069,0.4042491268917346,0.03045274019056843,test,logistic_regression,lr-oulad-c105-s42-v4
Precision-Recall,0.9978448275862069,0.4043668122270742,0.030620557493950526,test,logistic_regression,lr-oulad-c105-s42-v4
Precision-Recall,0.9978448275862069,0.4044845661036692,0.030691529871600405,test,logistic_regression,lr-oulad-c105-s42-v4
Precision-Recall,0.9978448275862069,0.4046023885814157,0.030933659028393717,test,logistic_regression,lr-oulad-c105-s42-v4
Precision-Recall,0.9978448275862069,0.40472027972027974,0.03099709844969017,test,logistic_regression,lr-oulad-c105-s42-v4
Precision-Recall,0.9978448275862069,0.4048382395802973,0.031218678683903982,test,logistic_regression,lr-oulad-c105-s42-v4
Precision-Recall,0.9978448275862069,0.4049562682215743,0.031254706965028856,test,logistic_regression,lr-oulad-c105-s42-v4
Precision-Recall,0.9978448275862069,0.40507436570428695,0.03156144392356295,test,logistic_regression,lr-oulad-c105-s42-v4
Precision-Recall,0.9978448275862069,0.40519253208868145,0.03167902503295741,test,logistic_regression,lr-oulad-c105-s42-v4
Precision-Recall,0.9978448275862069,0.4053107674350744,0.03168397147641746,test,logistic_regression,lr-oulad-c105-s42-v4
Precision-Recall,0.9978448275862069,0.4054290718038529,0.03204372028612052,test,logistic_regression,lr-oulad-c105-s42-v4
Precision-Recall,0.9978448275862069,0.4055474452554744,0.03207249883313527,test,logistic_regression,lr-oulad-c105-s42-v4
Precision-Recall,0.9978448275862069,0.4056658878504673,0.03216394294449755,test,logistic_regression,lr-oulad-c105-s42-v4
Precision-Recall,0.9978448275862069,0.4057843996494303,0.03218186825637937,test,logistic_regression,lr-oulad-c105-s42-v4
Precision-Recall,0.9978448275862069,0.4059029807130333,0.03225355365387346,test,logistic_regression,lr-oulad-c105-s42-v4
Precision-Recall,0.9978448275862069,0.40602163110201694,0.032263529123713885,test,logistic_regression,lr-oulad-c105-s42-v4
Precision-Recall,0.9978448275862069,0.40614035087719297,0.03244017188401715,test,logistic_regression,lr-oulad-c105-s42-v4
Precision-Recall,0.9978448275862069,0.4062591400994443,0.0324424293356339,test,logistic_regression,lr-oulad-c105-s42-v4
Precision-Recall,0.9978448275862069,0.406377998829725,0.032510370224707784,test,logistic_regression,lr-oulad-c105-s42-v4
Precision-Recall,0.9978448275862069,0.4064969271290606,0.03279863484545027,test,logistic_regression,lr-oulad-c105-s42-v4
Precision-Recall,0.9978448275862069,0.406615925058548,0.032962957375954505,test,logistic_regression,lr-oulad-c105-s42-v4
Precision-Recall,0.9978448275862069,0.40673499267935576,0.03314613252794505,test,logistic_regression,lr-oulad-c105-s42-v4
Precision-Recall,0.9978448275862069,0.4068541300527241,0.03346462858534823,test,logistic_regression,lr-oulad-c105-s42-v4
Precision-Recall,0.9978448275862069,0.4069733372399648,0.033609262533226,test,logistic_regression,lr-oulad-c105-s42-v4
Precision-Recall,0.9978448275862069,0.4070926143024619,0.03381972015871091,test,logistic_regression,lr-oulad-c105-s42-v4
Precision-Recall,0.9978448275862069,0.4072119613016711,0.03387240688393436,test,logistic_regression,lr-oulad-c105-s42-v4
Precision-Recall,0.9978448275862069,0.40733137829912025,0.03395893844666778,test,logistic_regression,lr-oulad-c105-s42-v4
Precision-Recall,0.9978448275862069,0.4074508653564095,0.03411754132281476,test,logistic_regression,lr-oulad-c105-s42-v4
Precision-Recall,0.9978448275862069,0.40757042253521125,0.03417713206636182,test,logistic_regression,lr-oulad-c105-s42-v4
Precision-Recall,0.9978448275862069,0.4076900498972703,0.034352808757483824,test,logistic_regression,lr-oulad-c105-s42-v4
Precision-Recall,0.9978448275862069,0.407809747504404,0.03439681830531954,test,logistic_regression,lr-oulad-c105-s42-v4
Precision-Recall,0.9978448275862069,0.4079295154185022,0.034485820712306235,test,logistic_regression,lr-oulad-c105-s42-v4
Precision-Recall,0.9978448275862069,0.4080493537015276,0.03452766102331693,test,logistic_regression,lr-oulad-c105-s42-v4
Precision-Recall,0.9971264367816092,0.40787540405524536,0.03458652014979365,test,logistic_regression,lr-oulad-c105-s42-v4
Precision-Recall,0.9971264367816092,0.4079952968841858,0.03461076244974357,test,logistic_regression,lr-oulad-c105-s42-v4
Precision-Recall,0.9971264367816092,0.40811526021758304,0.034709059469688296,test,logistic_regression,lr-oulad-c105-s42-v4
Precision-Recall,0.9971264367816092,0.4082352941176471,0.034793868898176046,test,logistic_regression,lr-oulad-c105-s42-v4
Precision-Recall,0.9971264367816092,0.40835539864666076,0.03480952247831999,test,logistic_regression,lr-oulad-c105-s42-v4
Precision-Recall,0.9971264367816092,0.4084755738669806,0.03487088224761807,test,logistic_regression,lr-oulad-c105-s42-v4
Precision-Recall,0.9971264367816092,0.4085958198410362,0.03510588142343001,test,logistic_regression,lr-oulad-c105-s42-v4
Precision-Recall,0.9971264367816092,0.408716136631331,0.03513182111226161,test,logistic_regression,lr-oulad-c105-s42-v4
Precision-Recall,0.9971264367816092,0.4088365243004418,0.0351795846813381,test,logistic_regression,lr-oulad-c105-s42-v4
Precision-Recall,0.9971264367816092,0.40895698291101945,0.03525079645954629,test,logistic_regression,lr-oulad-c105-s42-v4
Precision-Recall,0.9971264367816092,0.4090775125257884,0.03526727805731451,test,logistic_regression,lr-oulad-c105-s42-v4
Precision-Recall,0.9971264367816092,0.4091981132075472,0.03538021701086328,test,logistic_regression,lr-oulad-c105-s42-v4
Precision-Recall,0.9971264367816092,0.4093187850191684,0.035400061255388436,test,logistic_regression,lr-oulad-c105-s42-v4
Precision-Recall,0.9971264367816092,0.40943952802359884,0.035467214658819766,test,logistic_regression,lr-oulad-c105-s42-v4
Precision-Recall,0.9971264367816092,0.40956034228385957,0.03547437018857164,test,logistic_regression,lr-oulad-c105-s42-v4
Precision-Recall,0.9971264367816092,0.40968122786304606,0.03549162847281657,test,logistic_regression,lr-oulad-c105-s42-v4
Precision-Recall,0.9971264367816092,0.40980218482432834,0.03569234020781154,test,logistic_regression,lr-oulad-c105-s42-v4
Precision-Recall,0.9971264367816092,0.409923213230951,0.035922306973504965,test,logistic_regression,lr-oulad-c105-s42-v4
Precision-Recall,0.9971264367816092,0.4100443131462334,0.03609036388705626,test,logistic_regression,lr-oulad-c105-s42-v4
Precision-Recall,0.9971264367816092,0.4101654846335697,0.03614060679921838,test,logistic_regression,lr-oulad-c105-s42-v4
Precision-Recall,0.9971264367816092,0.4102867277564292,0.03637239998176206,test,logistic_regression,lr-oulad-c105-s42-v4
Precision-Recall,0.9971264367816092,0.410408042578356,0.03639994796491478,test,logistic_regression,lr-oulad-c105-s42-v4
Precision-Recall,0.9971264367816092,0.41052942916296953,0.03642048209021789,test,logistic_regression,lr-oulad-c105-s42-v4
Precision-Recall,0.9971264367816092,0.4106508875739645,0.03656047787650198,test,logistic_regression,lr-oulad-c105-s42-v4
Precision-Recall,0.9971264367816092,0.410772417875111,0.03671906583924938,test,logistic_regression,lr-oulad-c105-s42-v4
Precision-Recall,0.9971264367816092,0.4108940201302546,0.036721863641334694,test,logistic_regression,lr-oulad-c105-s42-v4
Precision-Recall,0.9971264367816092,0.41101569440331653,0.03685802990511111,test,logistic_regression,lr-oulad-c105-s42-v4
Precision-Recall,0.9971264367816092,0.41113744075829384,0.036934732165074834,test,logistic_regression,lr-oulad-c105-s42-v4
Precision-Recall,0.9971264367816092,0.41125925925925927,0.037128394005471174,test,logistic_regression,lr-oulad-c105-s42-v4
Precision-Recall,0.9971264367816092,0.41138114997036157,0.03733711543632402,test,logistic_regression,lr-oulad-c105-s42-v4
Precision-Recall,0.9971264367816092,0.4115031129558257,0.037452378151029316,test,logistic_regression,lr-oulad-c105-s42-v4
Precision-Recall,0.9971264367816092,0.41162514827995256,0.03761580812102416,test,logistic_regression,lr-oulad-c105-s42-v4
Precision-Recall,0.9964080459770115,0.4114506081281519,0.03762894894917528,test,logistic_regression,lr-oulad-c105-s42-v4
Precision-Recall,0.9964080459770115,0.4115727002967359,0.03767976623047279,test,logistic_regression,lr-oulad-c105-s42-v4
Precision-Recall,0.9964080459770115,0.41169486494508756,0.037726974105541086,test,logistic_regression,lr-oulad-c105-s42-v4
Precision-Recall,0.9964080459770115,0.41181710213776723,0.03773183035207698,test,logistic_regression,lr-oulad-c105-s42-v4
Precision-Recall,0.9964080459770115,0.4119394119394119,0.03773995869307094,test,logistic_regression,lr-oulad-c105-s42-v4
Precision-Recall,0.9964080459770115,0.4120617944147356,0.03785048661754242,test,logistic_regression,lr-oulad-c105-s42-v4
Precision-Recall,0.9964080459770115,0.41218424962852895,0.0380109522264845,test,logistic_regression,lr-oulad-c105-s42-v4
Precision-Recall,0.9964080459770115,0.4123067776456599,0.03804333445037233,test,logistic_regression,lr-oulad-c105-s42-v4
Precision-Recall,0.9964080459770115,0.4124293785310734,0.03807408273236721,test,logistic_regression,lr-oulad-c105-s42-v4
Precision-Recall,0.9964080459770115,0.4125520523497918,0.038173898930720235,test,logistic_regression,lr-oulad-c105-s42-v4
Precision-Recall,0.9964080459770115,0.41267479916691463,0.03824859194868529,test,logistic_regression,lr-oulad-c105-s42-v4
Precision-Recall,0.9964080459770115,0.412797619047619,0.03834937671476709,test,logistic_regression,lr-oulad-c105-s42-v4
Precision-Recall,0.9964080459770115,0.41292051205715985,0.038545055051515675,test,logistic_regression,lr-oulad-c105-s42-v4
Precision-Recall,0.9964080459770115,0.41304347826086957,0.038553273065003994,test,logistic_regression,lr-oulad-c105-s42-v4
Precision-Recall,0.9964080459770115,0.41316651772415847,0.03857747680713464,test,logistic_regression,lr-oulad-c105-s42-v4
Precision-Recall,0.9964080459770115,0.4132896305125149,0.0386028379684142,test,logistic_regression,lr-oulad-c105-s42-v4
Precision-Recall,0.9964080459770115,0.4134128166915052,0.0387580537193259,test,logistic_regression,lr-oulad-c105-s42-v4
Precision-Recall,0.9964080459770115,0.413536076326774,0.038775744734525615,test,logistic_regression,lr-oulad-c105-s42-v4
Precision-Recall,0.9964080459770115,0.4136594094840441,0.038808263146317544,test,logistic_regression,lr-oulad-c105-s42-v4
Precision-Recall,0.9964080459770115,0.41378281622911695,0.03883747724967876,test,logistic_regression,lr-oulad-c105-s42-v4
Precision-Recall,0.9964080459770115,0.41390629662787226,0.03885127223841783,test,logistic_regression,lr-oulad-c105-s42-v4
Precision-Recall,0.9964080459770115,0.41402985074626864,0.038964987996755504,test,logistic_regression,lr-oulad-c105-s42-v4
Precision-Recall,0.9964080459770115,0.4141534786503434,0.03897023634182413,test,logistic_regression,lr-oulad-c105-s42-v4
Precision-Recall,0.9964080459770115,0.41427718040621264,0.0389970397950454,test,logistic_regression,lr-oulad-c105-s42-v4
Precision-Recall,0.9964080459770115,0.4144009560800717,0.0390111562014282,test,logistic_regression,lr-oulad-c105-s42-v4
Precision-Recall,0.9964080459770115,0.41452480573819483,0.03903163074907794,test,logistic_regression,lr-oulad-c105-s42-v4
Precision-Recall,0.9964080459770115,0.4146487294469357,0.03923418606528941,test,logistic_regression,lr-oulad-c105-s42-v4
Precision-Recall,0.9964080459770115,0.4147727272727273,0.03928792465272502,test,logistic_regression,lr-oulad-c105-s42-v4
Precision-Recall,0.9964080459770115,0.41489679928208195,0.03934984291456281,test,logistic_regression,lr-oulad-c105-s42-v4
Precision-Recall,0.9956896551724138,0.414721723518851,0.039588857668255,test,logistic_regression,lr-oulad-c105-s42-v4
Precision-Recall,0.9956896551724138,0.4148458545345705,0.039637877019943195,test,logistic_regression,lr-oulad-c105-s42-v4
Precision-Recall,0.9956896551724138,0.4149700598802395,0.03982583305860444,test,logistic_regression,lr-oulad-c105-s42-v4
Precision-Recall,0.9956896551724138,0.41509433962264153,0.04002988134190354,test,logistic_regression,lr-oulad-c105-s42-v4
Precision-Recall,0.9956896551724138,0.4152186938286399,0.040158931066741406,test,logistic_regression,lr-oulad-c105-s42-v4
Precision-Recall,0.9956896551724138,0.4153431225651783,0.040219610416727454,test,logistic_regression,lr-oulad-c105-s42-v4
Precision-Recall,0.9956896551724138,0.4154676258992806,0.04025751564643029,test,logistic_regression,lr-oulad-c105-s42-v4
Precision-Recall,0.9956896551724138,0.41559220389805096,0.04027548713245463,test,logistic_regression,lr-oulad-c105-s42-v4
Precision-Recall,0.9956896551724138,0.41571685662867425,0.040317942334961186,test,logistic_regression,lr-oulad-c105-s42-v4
Precision-Recall,0.9956896551724138,0.4158415841584158,0.04037335503193317,test,logistic_regression,lr-oulad-c105-s42-v4
Precision-Recall,0.9956896551724138,0.41596638655462187,0.040461662506464574,test,logistic_regression,lr-oulad-c105-s42-v4
Precision-Recall,0.9956896551724138,0.4160912638847193,0.040495552905113745,test,logistic_regression,lr-oulad-c105-s42-v4
Precision-Recall,0.9956896551724138,0.41621621621621624,0.0405611815208048,test,logistic_regression,lr-oulad-c105-s42-v4
Precision-Recall,0.9956896551724138,0.4163412436167017,0.0407029696988148,test,logistic_regression,lr-oulad-c105-s42-v4
Precision-Recall,0.9956896551724138,0.41646634615384615,0.040718576291484336,test,logistic_regression,lr-oulad-c105-s42-v4
Precision-Recall,0.9956896551724138,0.4165915238954013,0.0409978204046942,test,logistic_regression,lr-oulad-c105-s42-v4
Precision-Recall,0.9956896551724138,0.4167167769092002,0.04101012256532734,test,logistic_regression,lr-oulad-c105-s42-v4
Precision-Recall,0.9956896551724138,0.4168421052631579,0.041023908428743185,test,logistic_regression,lr-oulad-c105-s42-v4
Precision-Recall,0.9956896551724138,0.41696750902527074,0.04102492704910149,test,logistic_regression,lr-oulad-c105-s42-v4
Precision-Recall,0.9949712643678161,0.41679205537165215,0.04121874048933956,test,logistic_regression,lr-oulad-c105-s42-v4
Precision-Recall,0.9949712643678161,0.4169175195665262,0.04127824746071052,test,logistic_regression,lr-oulad-c105-s42-v4
Precision-Recall,0.9949712643678161,0.4170430593194821,0.041307321137005394,test,logistic_regression,lr-oulad-c105-s42-v4
Precision-Recall,0.9949712643678161,0.4171686746987952,0.04156694894656013,test,logistic_regression,lr-oulad-c105-s42-v4
Precision-Recall,0.9949712643678161,0.41729436577282314,0.04157563047040061,test,logistic_regression,lr-oulad-c105-s42-v4
Precision-Recall,0.9949712643678161,0.41742013261000604,0.04170687157117855,test,logistic_regression,lr-oulad-c105-s42-v4
Precision-Recall,0.9949712643678161,0.41754597527886644,0.04171008399044242,test,logistic_regression,lr-oulad-c105-s42-v4
Precision-Recall,0.9949712643678161,0.4176718938480096,0.04174308068702904,test,logistic_regression,lr-oulad-c105-s42-v4
Precision-Recall,0.9949712643678161,0.4177978883861237,0.042067127361093824,test,logistic_regression,lr-oulad-c105-s42-v4
Precision-Recall,0.9949712643678161,0.4179239589619795,0.04209010291802628,test,logistic_regression,lr-oulad-c105-s42-v4
Precision-Recall,0.9949712643678161,0.418050105644431,0.04211353508027704,test,logistic_regression,lr-oulad-c105-s42-v4
Precision-Recall,0.9949712643678161,0.4181763285024155,0.04220887429072718,test,logistic_regression,lr-oulad-c105-s42-v4
Precision-Recall,0.9949712643678161,0.4183026276049532,0.042303240695877736,test,logistic_regression,lr-oulad-c105-s42-v4
Precision-Recall,0.9949712643678161,0.41842900302114805,0.042450609571571964,test,logistic_regression,lr-oulad-c105-s42-v4
Precision-Recall,0.9949712643678161,0.41855545482018736,0.042881759328454436,test,logistic_regression,lr-oulad-c105-s42-v4
Precision-Recall,0.9949712643678161,0.4186819830713422,0.04291500437537745,test,logistic_regression,lr-oulad-c105-s42-v4
Precision-Recall,0.9949712643678161,0.41880858784396735,0.04297779511394007,test,logistic_regression,lr-oulad-c105-s42-v4
Precision-Recall,0.9949712643678161,0.4189352692075015,0.04303155909285267,test,logistic_regression,lr-oulad-c105-s42-v4
Precision-Recall,0.9949712643678161,0.41906202723146746,0.04306774271161945,test,logistic_regression,lr-oulad-c105-s42-v4
Precision-Recall,0.9949712643678161,0.41918886198547217,0.043077541267996504,test,logistic_regression,lr-oulad-c105-s42-v4
Precision-Recall,0.9949712643678161,0.4193157735392068,0.04385963939201568,test,logistic_regression,lr-oulad-c105-s42-v4
Precision-Recall,0.9949712643678161,0.419442761962447,0.044147012502337844,test,logistic_regression,lr-oulad-c105-s42-v4
Precision-Recall,0.9942528735632183,0.4192668888215692,0.044155445846152636,test,logistic_regression,lr-oulad-c105-s42-v4
Precision-Recall,0.9942528735632183,0.4193939393939394,0.04430548777994806,test,logistic_regression,lr-oulad-c105-s42-v4
Precision-Recall,0.9935344827586207,0.4192179448317672,0.044354804958677344,test,logistic_regression,lr-oulad-c105-s42-v4
Precision-Recall,0.992816091954023,0.41904184354154034,0.04457362117548957,test,logistic_regression,lr-oulad-c105-s42-v4
Precision-Recall,0.992816091954023,0.4191689414619351,0.04468660351589461,test,logistic_regression,lr-oulad-c105-s42-v4
Precision-Recall,0.992816091954023,0.4192961165048544,0.044764532634813815,test,logistic_regression,lr-oulad-c105-s42-v4
Precision-Recall,0.992816091954023,0.41942336874051594,0.04489783031010979,test,logistic_regression,lr-oulad-c105-s42-v4
Precision-Recall,0.992816091954023,0.4195506982392228,0.04504910125779159,test,logistic_regression,lr-oulad-c105-s42-v4
Precision-Recall,0.992816091954023,0.4196781050713635,0.045105015489023695,test,logistic_regression,lr-oulad-c105-s42-v4
Precision-Recall,0.992816091954023,0.4198055893074119,0.04542657240068846,test,logistic_regression,lr-oulad-c105-s42-v4
Precision-Recall,0.992816091954023,0.41993315101792766,0.04544260019139475,test,logistic_regression,lr-oulad-c105-s42-v4
Precision-Recall,0.992816091954023,0.42006079027355625,0.045449226129529285,test,logistic_regression,lr-oulad-c105-s42-v4
Precision-Recall,0.992816091954023,0.42018850714502887,0.04549362051052338,test,logistic_regression,lr-oulad-c105-s42-v4
Precision-Recall,0.992816091954023,0.42031630170316303,0.0456101001012842,test,logistic_regression,lr-oulad-c105-s42-v4
Precision-Recall,0.992816091954023,0.4204441740188622,0.04564897226361738,test,logistic_regression,lr-oulad-c105-s42-v4
Precision-Recall,0.992816091954023,0.42057212416311623,0.045682297007205434,test,logistic_regression,lr-oulad-c105-s42-v4
Precision-Recall,0.992816091954023,0.4207001522070015,0.045844907830322974,test,logistic_regression,lr-oulad-c105-s42-v4
Precision-Recall,0.992816091954023,0.42082825822168085,0.045887470995582366,test,logistic_regression,lr-oulad-c105-s42-v4
Precision-Recall,0.992816091954023,0.4209564422784039,0.046017886658636986,test,logistic_regression,lr-oulad-c105-s42-v4
Precision-Recall,0.992816091954023,0.421084704448507,0.0461557214202074,test,logistic_regression,lr-oulad-c105-s42-v4
Precision-Recall,0.992816091954023,0.4212130448034136,0.04632776883113967,test,logistic_regression,lr-oulad-c105-s42-v4
Precision-Recall,0.9920977011494253,0.42103658536585364,0.04640817870224563,test,logistic_regression,lr-oulad-c105-s42-v4
Precision-Recall,0.9920977011494253,0.42116498932601404,0.04653614157347627,test,logistic_regression,lr-oulad-c105-s42-v4
Precision-Recall,0.9920977011494253,0.42129347162904207,0.04656755772195925,test,logistic_regression,lr-oulad-c105-s42-v4
Precision-Recall,0.9920977011494253,0.42142203234665854,0.04658682313151858,test,logistic_regression,lr-oulad-c105-s42-v4
Precision-Recall,0.9920977011494253,0.42155067155067155,0.04673794508211276,test,logistic_regression,lr-oulad-c105-s42-v4
Precision-Recall,0.9920977011494253,0.4216793893129771,0.046763912097208635,test,logistic_regression,lr-oulad-c105-s42-v4
Precision-Recall,0.9920977011494253,0.42180818570555895,0.04676710094979464,test,logistic_regression,lr-oulad-c105-s42-v4
Precision-Recall,0.9920977011494253,0.4219370608004889,0.046786249853179404,test,logistic_regression,lr-oulad-c105-s42-v4
Precision-Recall,0.9920977011494253,0.42206601466992666,0.04688130213699877,test,logistic_regression,lr-oulad-c105-s42-v4
Precision-Recall,0.9920977011494253,0.42219504738612046,0.046903337262962516,test,logistic_regression,lr-oulad-c105-s42-v4
Precision-Recall,0.9920977011494253,0.42232415902140674,0.046925932760150425,test,logistic_regression,lr-oulad-c105-s42-v4
Precision-Recall,0.9920977011494253,0.42245334964821046,0.04694046267595013,test,logistic_regression,lr-oulad-c105-s42-v4
Precision-Recall,0.9920977011494253,0.4225826193390453,0.04694605632083415,test,logistic_regression,lr-oulad-c105-s42-v4
Precision-Recall,0.9920977011494253,0.42271196816651363,0.047004502624229054,test,logistic_regression,lr-oulad-c105-s42-v4
Precision-Recall,0.9920977011494253,0.4228413962033068,0.04718875223328228,test,logistic_regression,lr-oulad-c105-s42-v4
Precision-Recall,0.9920977011494253,0.42297090352220523,0.04735157064969287,test,logistic_regression,lr-oulad-c105-s42-v4
Precision-Recall,0.9920977011494253,0.4231004901960784,0.047518147661511724,test,logistic_regression,lr-oulad-c105-s42-v4
Precision-Recall,0.9920977011494253,0.4232301562978854,0.047654624351388994,test,logistic_regression,lr-oulad-c105-s42-v4
Precision-Recall,0.9920977011494253,0.4233599019006744,0.047667131011714506,test,logistic_regression,lr-oulad-c105-s42-v4
Precision-Recall,0.9913793103448276,0.42318307267709293,0.047696727349823324,test,logistic_regression,lr-oulad-c105-s42-v4
Precision-Recall,0.9913793103448276,0.4233128834355828,0.047815871194928423,test,logistic_regression,lr-oulad-c105-s42-v4
Precision-Recall,0.9906609195402298,0.4231359312672599,0.04794945127699113,test,logistic_regression,lr-oulad-c105-s42-v4
Precision-Recall,0.9906609195402298,0.42326580724370777,0.04800108551354855,test,logistic_regression,lr-oulad-c105-s42-v4
Precision-Recall,0.9906609195402298,0.42339576297206016,0.04815000158447049,test,logistic_regression,lr-oulad-c105-s42-v4
Precision-Recall,0.9906609195402298,0.4235257985257985,0.048382840847766846,test,logistic_regression,lr-oulad-c105-s42-v4
Precision-Recall,0.9906609195402298,0.4236559139784946,0.04840543129114574,test,logistic_regression,lr-oulad-c105-s42-v4
Precision-Recall,0.9906609195402298,0.4237861094038107,0.04845119645431152,test,logistic_regression,lr-oulad-c105-s42-v4
Precision-Recall,0.9906609195402298,0.42391638487549954,0.0484544855119489,test,logistic_regression,lr-oulad-c105-s42-v4
Precision-Recall,0.9906609195402298,0.42404674046740465,0.04847542144032013,test,logistic_regression,lr-oulad-c105-s42-v4
Precision-Recall,0.9906609195402298,0.42417717625346046,0.048526889019097054,test,logistic_regression,lr-oulad-c105-s42-v4
Precision-Recall,0.9906609195402298,0.42430769230769233,0.0486886674523854,test,logistic_regression,lr-oulad-c105-s42-v4
Precision-Recall,0.9906609195402298,0.4244382887042167,0.04880559680324619,test,logistic_regression,lr-oulad-c105-s42-v4
Precision-Recall,0.9906609195402298,0.4245689655172414,0.04889282635648197,test,logistic_regression,lr-oulad-c105-s42-v4
Precision-Recall,0.9906609195402298,0.4246997228210656,0.04893410819505266,test,logistic_regression,lr-oulad-c105-s42-v4
Precision-Recall,0.9906609195402298,0.4248305606900801,0.04899935660725876,test,logistic_regression,lr-oulad-c105-s42-v4
Precision-Recall,0.9906609195402298,0.4249614791987673,0.04921527319273795,test,logistic_regression,lr-oulad-c105-s42-v4
Precision-Recall,0.9906609195402298,0.4250924784217016,0.04923828394846946,test,logistic_regression,lr-oulad-c105-s42-v4
Precision-Recall,0.9906609195402298,0.4252235584335492,0.04944679585177943,test,logistic_regression,lr-oulad-c105-s42-v4
Precision-Recall,0.9906609195402298,0.4253547193090685,0.04958402064431104,test,logistic_regression,lr-oulad-c105-s42-v4
Precision-Recall,0.9906609195402298,0.42548596112311016,0.04967703061700782,test,logistic_regression,lr-oulad-c105-s42-v4
Precision-Recall,0.9899425287356322,0.42530864197530865,0.049716314333904846,test,logistic_regression,lr-oulad-c105-s42-v4
Precision-Recall,0.9899425287356322,0.42543995060203765,0.0497247505972491,test,logistic_regression,lr-oulad-c105-s42-v4
Precision-Recall,0.9899425287356322,0.4255713403335392,0.04974687197012522,test,logistic_regression,lr-oulad-c105-s42-v4
Precision-Recall,0.9892241379310345,0.42539388322520855,0.0497552137761278,test,logistic_regression,lr-oulad-c105-s42-v4
Precision-Recall,0.9892241379310345,0.42552533992583436,0.049821282452513035,test,logistic_regression,lr-oulad-c105-s42-v4
Precision-Recall,0.9892241379310345,0.4256568778979907,0.04988371376745299,test,logistic_regression,lr-oulad-c105-s42-v4
Precision-Recall,0.9892241379310345,0.42578849721706863,0.04992092693332571,test,logistic_regression,lr-oulad-c105-s42-v4
Precision-Recall,0.9892241379310345,0.4259201979585524,0.050054880264787806,test,logistic_regression,lr-oulad-c105-s42-v4
Precision-Recall,0.9892241379310345,0.4260519801980198,0.050131656133363005,test,logistic_regression,lr-oulad-c105-s42-v4
Precision-Recall,0.9892241379310345,0.42618384401114207,0.050245393839125574,test,logistic_regression,lr-oulad-c105-s42-v4
Precision-Recall,0.9892241379310345,0.4263157894736842,0.05028319425037885,test,logistic_regression,lr-oulad-c105-s42-v4
Precision-Recall,0.9892241379310345,0.4264478166615051,0.05037607261539062,test,logistic_regression,lr-oulad-c105-s42-v4
Precision-Recall,0.9892241379310345,0.42657992565055763,0.05042395880380467,test,logistic_regression,lr-oulad-c105-s42-v4
Precision-Recall,0.9892241379310345,0.42671211651688873,0.050655637563123405,test,logistic_regression,lr-oulad-c105-s42-v4
Precision-Recall,0.9892241379310345,0.4268443893366398,0.051098404670709426,test,logistic_regression,lr-oulad-c105-s42-v4
Precision-Recall,0.9892241379310345,0.42697674418604653,0.051152005015686404,test,logistic_regression,lr-oulad-c105-s42-v4
Precision-Recall,0.9892241379310345,0.4271091811414392,0.05118651901158214,test,logistic_regression,lr-oulad-c105-s42-v4
Precision-Recall,0.9885057471264368,0.4269314303443996,0.0512514179132088,test,logistic_regression,lr-oulad-c105-s42-v4
Precision-Recall,0.9885057471264368,0.4270639354438237,0.05130544712464202,test,logistic_regression,lr-oulad-c105-s42-v4
Precision-Recall,0.9885057471264368,0.42719652281900033,0.05135149039572542,test,logistic_regression,lr-oulad-c105-s42-v4
Precision-Recall,0.9885057471264368,0.42732919254658386,0.05146473126028081,test,logistic_regression,lr-oulad-c105-s42-v4
Precision-Recall,0.9885057471264368,0.427461944703324,0.05146818264971639,test,logistic_regression,lr-oulad-c105-s42-v4
Precision-Recall,0.9885057471264368,0.4275947793660659,0.05185798511278341,test,logistic_regression,lr-oulad-c105-s42-v4
Precision-Recall,0.9885057471264368,0.4277276966117501,0.05187532261285303,test,logistic_regression,lr-oulad-c105-s42-v4
Precision-Recall,0.9877873563218391,0.4275497512437811,0.05193808512173744,test,logistic_regression,lr-oulad-c105-s42-v4
Precision-Recall,0.9877873563218391,0.4276827371695179,0.05194545439916476,test,logistic_regression,lr-oulad-c105-s42-v4
Precision-Recall,0.9877873563218391,0.4278158058494088,0.052148024590976574,test,logistic_regression,lr-oulad-c105-s42-v4
Precision-Recall,0.9877873563218391,0.4279489573607221,0.05224312785554844,test,logistic_regression,lr-oulad-c105-s42-v4
Precision-Recall,0.9877873563218391,0.4280821917808219,0.05231629342144919,test,logistic_regression,lr-oulad-c105-s42-v4
Precision-Recall,0.9877873563218391,0.4282155091871691,0.05261164448015393,test,logistic_regression,lr-oulad-c105-s42-v4
Precision-Recall,0.9877873563218391,0.42834890965732086,0.052723980798057346,test,logistic_regression,lr-oulad-c105-s42-v4
Precision-Recall,0.9877873563218391,0.4284823932689311,0.053064798344954874,test,logistic_regression,lr-oulad-c105-s42-v4
Precision-Recall,0.9877873563218391,0.4286159600997506,0.05308550149270714,test,logistic_regression,lr-oulad-c105-s42-v4
Precision-Recall,0.9877873563218391,0.4287496102276271,0.053485334221648084,test,logistic_regression,lr-oulad-c105-s42-v4
Precision-Recall,0.9877873563218391,0.4288833437305053,0.05363292918647558,test,logistic_regression,lr-oulad-c105-s42-v4
Precision-Recall,0.9877873563218391,0.4290171606864275,0.05384606003122359,test,logistic_regression,lr-oulad-c105-s42-v4
Precision-Recall,0.9877873563218391,0.4291510611735331,0.05390396368722569,test,logistic_regression,lr-oulad-c105-s42-v4
Precision-Recall,0.9877873563218391,0.42928504527005934,0.05413373024761079,test,logistic_regression,lr-oulad-c105-s42-v4
Precision-Recall,0.9877873563218391,0.42941911305434105,0.05417644308767653,test,logistic_regression,lr-oulad-c105-s42-v4
Precision-Recall,0.9877873563218391,0.42955326460481097,0.05436292057738192,test,logistic_regression,lr-oulad-c105-s42-v4
Precision-Recall,0.9877873563218391,0.4296875,0.05441317955136494,test,logistic_regression,lr-oulad-c105-s42-v4
Precision-Recall,0.9870689655172413,0.4295092216317599,0.05454746523072414,test,logistic_regression,lr-oulad-c105-s42-v4
Precision-Recall,0.9870689655172413,0.42964352720450283,0.05457646267832038,test,logistic_regression,lr-oulad-c105-s42-v4
Precision-Recall,0.9870689655172413,0.4297779167969972,0.0547169841461764,test,logistic_regression,lr-oulad-c105-s42-v4
Precision-Recall,0.9870689655172413,0.42991239048811014,0.054793789136026505,test,logistic_regression,lr-oulad-c105-s42-v4
Precision-Recall,0.9870689655172413,0.4300469483568075,0.05481669319992054,test,logistic_regression,lr-oulad-c105-s42-v4
Precision-Recall,0.9863505747126436,0.42986850344395744,0.054960112154404106,test,logistic_regression,lr-oulad-c105-s42-v4
Precision-Recall,0.9863505747126436,0.43000313185092387,0.05497371715969266,test,logistic_regression,lr-oulad-c105-s42-v4
Precision-Recall,0.9863505747126436,0.4301378446115288,0.054982874977150466,test,logistic_regression,lr-oulad-c105-s42-v4
Precision-Recall,0.9863505747126436,0.4302726418050768,0.05524106229924267,test,logistic_regression,lr-oulad-c105-s42-v4
Precision-Recall,0.9863505747126436,0.4304075235109718,0.05524812093602903,test,logistic_regression,lr-oulad-c105-s42-v4
Precision-Recall,0.9863505747126436,0.43054248980871745,0.055258115489918054,test,logistic_regression,lr-oulad-c105-s42-v4
Precision-Recall,0.9863505747126436,0.4306775407779172,0.0554363745951189,test,logistic_regression,lr-oulad-c105-s42-v4
Precision-Recall,0.9863505747126436,0.43081267649827426,0.05546717695760673,test,logistic_regression,lr-oulad-c105-s42-v4
Precision-Recall,0.9863505747126436,0.43094789704959197,0.055505125448975755,test,logistic_regression,lr-oulad-c105-s42-v4
Precision-Recall,0.9863505747126436,0.43108320251177396,0.05564336776858794,test,logistic_regression,lr-oulad-c105-s42-v4
Precision-Recall,0.9863505747126436,0.4312185929648241,0.0557521532705934,test,logistic_regression,lr-oulad-c105-s42-v4
Precision-Recall,0.9863505747126436,0.431354068488847,0.055758533874380706,test,logistic_regression,lr-oulad-c105-s42-v4
Precision-Recall,0.9863505747126436,0.43148962916404776,0.05577533805101026,test,logistic_regression,lr-oulad-c105-s42-v4
Precision-Recall,0.9863505747126436,0.43162527507073245,0.05579538189115266,test,logistic_regression,lr-oulad-c105-s42-v4
Precision-Recall,0.9863505747126436,0.4317610062893082,0.05596993748695793,test,logistic_regression,lr-oulad-c105-s42-v4
Precision-Recall,0.9863505747126436,0.4318968229002831,0.055986360378475146,test,logistic_regression,lr-oulad-c105-s42-v4
Precision-Recall,0.985632183908046,0.43171806167400884,0.05601660030982476,test,logistic_regression,lr-oulad-c105-s42-v4
Precision-Recall,0.985632183908046,0.431853950267548,0.056093322233411985,test,logistic_regression,lr-oulad-c105-s42-v4
Precision-Recall,0.985632183908046,0.43198992443324935,0.056168804467239535,test,logistic_regression,lr-oulad-c105-s42-v4
Precision-Recall,0.985632183908046,0.4321259842519685,0.05623178761105983,test,logistic_regression,lr-oulad-c105-s42-v4
Precision-Recall,0.985632183908046,0.4322621298046629,0.05623583488879184,test,logistic_regression,lr-oulad-c105-s42-v4
Precision-Recall,0.985632183908046,0.43239836117239205,0.056241202372577195,test,logistic_regression,lr-oulad-c105-s42-v4
Precision-Recall,0.985632183908046,0.43253467843631777,0.056493531988521674,test,logistic_regression,lr-oulad-c105-s42-v4
Precision-Recall,0.985632183908046,0.4326710816777042,0.05657794437804532,test,logistic_regression,lr-oulad-c105-s42-v4
Precision-Recall,0.985632183908046,0.432807570977918,0.05658177167041094,test,logistic_regression,lr-oulad-c105-s42-v4
Precision-Recall,0.985632183908046,0.43294414641842854,0.05659251908025601,test,logistic_regression,lr-oulad-c105-s42-v4
Precision-Recall,0.985632183908046,0.43308080808080807,0.056609373525893916,test,logistic_regression,lr-oulad-c105-s42-v4
Precision-Recall,0.985632183908046,0.4332175560467319,0.056678353978317546,test,logistic_regression,lr-oulad-c105-s42-v4
Precision-Recall,0.985632183908046,0.4333543903979785,0.056797774120194114,test,logistic_regression,lr-oulad-c105-s42-v4
Precision-Recall,0.985632183908046,0.4334913112164297,0.05695818198773741,test,logistic_regression,lr-oulad-c105-s42-v4
Precision-Recall,0.985632183908046,0.4336283185840708,0.05697486893319147,test,logistic_regression,lr-oulad-c105-s42-v4
Precision-Recall,0.985632183908046,0.43376541258299084,0.05735950364026042,test,logistic_regression,lr-oulad-c105-s42-v4
Precision-Recall,0.985632183908046,0.43390259329538267,0.0573603598465242,test,logistic_regression,lr-oulad-c105-s42-v4
Precision-Recall,0.985632183908046,0.4340398608035432,0.057508259591776,test,logistic_regression,lr-oulad-c105-s42-v4
Precision-Recall,0.985632183908046,0.4341772151898734,0.0577441708303149,test,logistic_regression,lr-oulad-c105-s42-v4
Precision-Recall,0.9849137931034483,0.43399810066476735,0.05792940737018733,test,logistic_regression,lr-oulad-c105-s42-v4
Precision-Recall,0.9849137931034483,0.43413552881570616,0.05815347836077044,test,logistic_regression,lr-oulad-c105-s42-v4
Precision-Recall,0.9849137931034483,0.4342730440291416,0.05829793344969106,test,logistic_regression,lr-oulad-c105-s42-v4
Precision-Recall,0.9849137931034483,0.4344106463878327,0.05831983266087924,test,logistic_regression,lr-oulad-c105-s42-v4
Precision-Recall,0.9849137931034483,0.43454833597464343,0.058360183089067125,test,logistic_regression,lr-oulad-c105-s42-v4
Precision-Recall,0.9849137931034483,0.43468611287254283,0.05845087631082254,test,logistic_regression,lr-oulad-c105-s42-v4
Precision-Recall,0.9849137931034483,0.43482397716460514,0.05859733755393975,test,logistic_regression,lr-oulad-c105-s42-v4
Precision-Recall,0.9849137931034483,0.43496192893401014,0.05885729956045866,test,logistic_regression,lr-oulad-c105-s42-v4
Precision-Recall,0.9849137931034483,0.4350999682640432,0.05889332929721432,test,logistic_regression,lr-oulad-c105-s42-v4
Precision-Recall,0.9849137931034483,0.43523809523809526,0.05896976840289624,test,logistic_regression,lr-oulad-c105-s42-v4
Precision-Recall,0.9849137931034483,0.43537630993966336,0.05907549120248036,test,logistic_regression,lr-oulad-c105-s42-v4
Precision-Recall,0.9849137931034483,0.4355146124523507,0.059110483528821575,test,logistic_regression,lr-oulad-c105-s42-v4
Precision-Recall,0.9849137931034483,0.4356530028598665,0.05921696219819161,test,logistic_regression,lr-oulad-c105-s42-v4
Precision-Recall,0.9849137931034483,0.4357914812460267,0.059432611463508124,test,logistic_regression,lr-oulad-c105-s42-v4
Precision-Recall,0.9841954022988506,0.4356120826709062,0.05980182448730728,test,logistic_regression,lr-oulad-c105-s42-v4
Precision-Recall,0.9841954022988506,0.4357506361323155,0.05985637339910473,test,logistic_regression,lr-oulad-c105-s42-v4
Precision-Recall,0.9841954022988506,0.43588927776010183,0.059884385751043726,test,logistic_regression,lr-oulad-c105-s42-v4
Precision-Recall,0.9841954022988506,0.43602800763844685,0.059921975106308346,test,logistic_regression,lr-oulad-c105-s42-v4
Precision-Recall,0.9841954022988506,0.43616682585163963,0.05992466252669574,test,logistic_regression,lr-oulad-c105-s42-v4
Precision-Recall,0.9841954022988506,0.43630573248407645,0.05995013408386707,test,logistic_regression,lr-oulad-c105-s42-v4
Precision-Recall,0.9841954022988506,0.4364447276202612,0.06003419854817471,test,logistic_regression,lr-oulad-c105-s42-v4
Precision-Recall,0.9841954022988506,0.4365838113448056,0.060131389798605495,test,logistic_regression,lr-oulad-c105-s42-v4
Precision-Recall,0.9841954022988506,0.43672298374242907,0.06037003341733976,test,logistic_regression,lr-oulad-c105-s42-v4
Precision-Recall,0.9841954022988506,0.43686224489795916,0.060394792726420655,test,logistic_regression,lr-oulad-c105-s42-v4
Precision-Recall,0.9841954022988506,0.4370015948963317,0.060535201369852375,test,logistic_regression,lr-oulad-c105-s42-v4
Precision-Recall,0.9841954022988506,0.43714103382259095,0.06067209859958303,test,logistic_regression,lr-oulad-c105-s42-v4
Precision-Recall,0.9841954022988506,0.43728056176188956,0.06085462521591297,test,logistic_regression,lr-oulad-c105-s42-v4
Precision-Recall,0.9841954022988506,0.43742017879948913,0.06109632646095778,test,logistic_regression,lr-oulad-c105-s42-v4
Precision-Recall,0.9841954022988506,0.43755988502076015,0.06112345149700217,test,logistic_regression,lr-oulad-c105-s42-v4
Precision-Recall,0.9841954022988506,0.43769968051118213,0.06132364795053292,test,logistic_regression,lr-oulad-c105-s42-v4
Precision-Recall,0.9841954022988506,0.4378395653563439,0.06145947409664114,test,logistic_regression,lr-oulad-c105-s42-v4
Precision-Recall,0.9841954022988506,0.43797953964194375,0.061593861668786776,test,logistic_regression,lr-oulad-c105-s42-v4
Precision-Recall,0.9841954022988506,0.4381196034537896,0.061726015271705716,test,logistic_regression,lr-oulad-c105-s42-v4
Precision-Recall,0.9841954022988506,0.4382597568777991,0.06172907866934268,test,logistic_regression,lr-oulad-c105-s42-v4
Precision-Recall,0.9841954022988506,0.4384,0.061854900468601585,test,logistic_regression,lr-oulad-c105-s42-v4
Precision-Recall,0.9841954022988506,0.4385403329065301,0.06195715692224616,test,logistic_regression,lr-oulad-c105-s42-v4
Precision-Recall,0.9841954022988506,0.4386807556836375,0.06200830003211965,test,logistic_regression,lr-oulad-c105-s42-v4
Precision-Recall,0.9841954022988506,0.438821268417681,0.06221040441617676,test,logistic_regression,lr-oulad-c105-s42-v4
Precision-Recall,0.9841954022988506,0.43896187119512975,0.062232662351205795,test,logistic_regression,lr-oulad-c105-s42-v4
Precision-Recall,0.9834770114942529,0.4387820512820513,0.062324264300742754,test,logistic_regression,lr-oulad-c105-s42-v4
Precision-Recall,0.9834770114942529,0.4389227316447579,0.06242830000113918,test,logistic_regression,lr-oulad-c105-s42-v4
Precision-Recall,0.9834770114942529,0.4390635022450289,0.06246917633659866,test,logistic_regression,lr-oulad-c105-s42-v4
Precision-Recall,0.9834770114942529,0.43920436316971445,0.06249466848299854,test,logistic_regression,lr-oulad-c105-s42-v4
Precision-Recall,0.9834770114942529,0.43934531450577663,0.062498362280594015,test,logistic_regression,lr-oulad-c105-s42-v4
Precision-Recall,0.9834770114942529,0.43948635634028893,0.0625014398710003,test,logistic_regression,lr-oulad-c105-s42-v4
Precision-Recall,0.9834770114942529,0.4396274887604367,0.0626071588759577,test,logistic_regression,lr-oulad-c105-s42-v4
Precision-Recall,0.9834770114942529,0.4397687118535175,0.0626223271458876,test,logistic_regression,lr-oulad-c105-s42-v4
Precision-Recall,0.9834770114942529,0.4399100257069409,0.06263231920749358,test,logistic_regression,lr-oulad-c105-s42-v4
Precision-Recall,0.9834770114942529,0.44005143040822886,0.06278572082635141,test,logistic_regression,lr-oulad-c105-s42-v4
Precision-Recall,0.9834770114942529,0.4401929260450161,0.062793786659502,test,logistic_regression,lr-oulad-c105-s42-v4
Precision-Recall,0.9834770114942529,0.44033451270504986,0.06291263514534175,test,logistic_regression,lr-oulad-c105-s42-v4
Precision-Recall,0.9834770114942529,0.44047619047619047,0.06296536148807402,test,logistic_regression,lr-oulad-c105-s42-v4
Precision-Recall,0.9834770114942529,0.44061795944641136,0.0631040096428427,test,logistic_regression,lr-oulad-c105-s42-v4
Precision-Recall,0.9834770114942529,0.44075981970379907,0.06329286237608092,test,logistic_regression,lr-oulad-c105-s42-v4
Precision-Recall,0.9834770114942529,0.44090177133655395,0.06342128242382551,test,logistic_regression,lr-oulad-c105-s42-v4
Precision-Recall,0.9834770114942529,0.4410438144329897,0.06352227884506984,test,logistic_regression,lr-oulad-c105-s42-v4
Precision-Recall,0.9834770114942529,0.441185949081534,0.0635851929354975,test,logistic_regression,lr-oulad-c105-s42-v4
Precision-Recall,0.9834770114942529,0.44132817537072855,0.06359633561757691,test,logistic_regression,lr-oulad-c105-s42-v4
Precision-Recall,0.9834770114942529,0.4414704933892293,0.06377879992199122,test,logistic_regression,lr-oulad-c105-s42-v4
Precision-Recall,0.9834770114942529,0.44161290322580643,0.0639005466825544,test,logistic_regression,lr-oulad-c105-s42-v4
Precision-Recall,0.9834770114942529,0.44175540496934496,0.06408069693803851,test,logistic_regression,lr-oulad-c105-s42-v4
Precision-Recall,0.9834770114942529,0.44189799870884444,0.0641042197690772,test,logistic_regression,lr-oulad-c105-s42-v4
Precision-Recall,0.9834770114942529,0.44204068453341944,0.06414873694880287,test,logistic_regression,lr-oulad-c105-s42-v4
Precision-Recall,0.9834770114942529,0.44218346253229973,0.06423058583435957,test,logistic_regression,lr-oulad-c105-s42-v4
Precision-Recall,0.9834770114942529,0.44232633279483036,0.0642852672488432,test,logistic_regression,lr-oulad-c105-s42-v4
Precision-Recall,0.9834770114942529,0.44246929541047186,0.06437304429538276,test,logistic_regression,lr-oulad-c105-s42-v4
Precision-Recall,0.9834770114942529,0.44261235046880054,0.0643782813348005,test,logistic_regression,lr-oulad-c105-s42-v4
Precision-Recall,0.9834770114942529,0.4427554980595084,0.06461564564529561,test,logistic_regression,lr-oulad-c105-s42-v4
Precision-Recall,0.9834770114942529,0.4428987382724038,0.06469246715214771,test,logistic_regression,lr-oulad-c105-s42-v4
Precision-Recall,0.9834770114942529,0.443042071197411,0.06469573677956479,test,logistic_regression,lr-oulad-c105-s42-v4
Precision-Recall,0.9834770114942529,0.44318549692457104,0.0647454820395835,test,logistic_regression,lr-oulad-c105-s42-v4
Precision-Recall,0.9834770114942529,0.44332901554404147,0.06474923108991143,test,logistic_regression,lr-oulad-c105-s42-v4
Precision-Recall,0.9834770114942529,0.44347262714609653,0.06475963995684747,test,logistic_regression,lr-oulad-c105-s42-v4
Precision-Recall,0.9834770114942529,0.4436163318211277,0.06479154338472676,test,logistic_regression,lr-oulad-c105-s42-v4
Precision-Recall,0.9827586206896551,0.4434359805510535,0.06482653260154256,test,logistic_regression,lr-oulad-c105-s42-v4
Precision-Recall,0.9827586206896551,0.44357976653696496,0.06486582589053601,test,logistic_regression,lr-oulad-c105-s42-v4
Precision-Recall,0.9827586206896551,0.4437236457995459,0.06496552479011301,test,logistic_regression,lr-oulad-c105-s42-v4
Precision-Recall,0.9827586206896551,0.44386761842959116,0.06520069716297022,test,logistic_regression,lr-oulad-c105-s42-v4
Precision-Recall,0.9827586206896551,0.44401168451801365,0.06532165382016648,test,logistic_regression,lr-oulad-c105-s42-v4
Precision-Recall,0.9827586206896551,0.44415584415584414,0.06546214263777884,test,logistic_regression,lr-oulad-c105-s42-v4
Precision-Recall,0.9827586206896551,0.4443000974342319,0.06555489241397232,test,logistic_regression,lr-oulad-c105-s42-v4
Precision-Recall,0.9827586206896551,0.4444444444444444,0.06563619033669099,test,logistic_regression,lr-oulad-c105-s42-v4
Precision-Recall,0.9827586206896551,0.44458888527786805,0.06579091187255307,test,logistic_regression,lr-oulad-c105-s42-v4
Precision-Recall,0.9827586206896551,0.4447334200260078,0.06581703015990958,test,logistic_regression,lr-oulad-c105-s42-v4
Precision-Recall,0.9827586206896551,0.4448780487804878,0.06585108041731685,test,logistic_regression,lr-oulad-c105-s42-v4
Precision-Recall,0.9820402298850575,0.44469746258945997,0.06597371253807541,test,logistic_regression,lr-oulad-c105-s42-v4
Precision-Recall,0.9820402298850575,0.4448421737715587,0.06601490680950595,test,logistic_regression,lr-oulad-c105-s42-v4
Precision-Recall,0.9820402298850575,0.4449869791666667,0.0662732344067286,test,logistic_regression,lr-oulad-c105-s42-v4
Precision-Recall,0.9820402298850575,0.44513187886681865,0.0665912787118048,test,logistic_regression,lr-oulad-c105-s42-v4
Precision-Recall,0.9820402298850575,0.4452768729641694,0.0666832953695361,test,logistic_regression,lr-oulad-c105-s42-v4
Precision-Recall,0.9820402298850575,0.4454219615509938,0.06694891742232223,test,logistic_regression,lr-oulad-c105-s42-v4
Precision-Recall,0.9820402298850575,0.4455671447196871,0.06697904140868778,test,logistic_regression,lr-oulad-c105-s42-v4
Precision-Recall,0.9820402298850575,0.44571242256276494,0.06716984255093252,test,logistic_regression,lr-oulad-c105-s42-v4
Precision-Recall,0.9820402298850575,0.44585779517286367,0.06720291954983097,test,logistic_regression,lr-oulad-c105-s42-v4
Precision-Recall,0.9813218390804598,0.44567699836867863,0.06722402628973159,test,logistic_regression,lr-oulad-c105-s42-v4
Precision-Recall,0.9813218390804598,0.445822454308094,0.06727487404327884,test,logistic_regression,lr-oulad-c105-s42-v4
Precision-Recall,0.9813218390804598,0.44596800522363694,0.06733405105928163,test,logistic_regression,lr-oulad-c105-s42-v4
Precision-Recall,0.9813218390804598,0.44611365120836055,0.06735998637366064,test,logistic_regression,lr-oulad-c105-s42-v4
Precision-Recall,0.9813218390804598,0.4462593923554394,0.06737127955969242,test,logistic_regression,lr-oulad-c105-s42-v4
Precision-Recall,0.9813218390804598,0.44640522875816996,0.06741226318658479,test,logistic_regression,lr-oulad-c105-s42-v4
Precision-Recall,0.9813218390804598,0.44655116050997057,0.06741881441671857,test,logistic_regression,lr-oulad-c105-s42-v4
Precision-Recall,0.9813218390804598,0.44669718770438194,0.06761980373093748,test,logistic_regression,lr-oulad-c105-s42-v4
Precision-Recall,0.9813218390804598,0.44684331043506703,0.06764075901998225,test,logistic_regression,lr-oulad-c105-s42-v4
Precision-Recall,0.9813218390804598,0.4469895287958115,0.06769729789456067,test,logistic_regression,lr-oulad-c105-s42-v4
Precision-Recall,0.9813218390804598,0.4471358428805237,0.06778797704338856,test,logistic_regression,lr-oulad-c105-s42-v4
Precision-Recall,0.9813218390804598,0.4472822527832351,0.06793848408261677,test,logistic_regression,lr-oulad-c105-s42-v4
Precision-Recall,0.9813218390804598,0.4474287585981002,0.06796192890817365,test,logistic_regression,lr-oulad-c105-s42-v4
Precision-Recall,0.9813218390804598,0.4475753604193971,0.06796586317844878,test,logistic_regression,lr-oulad-c105-s42-v4
Precision-Recall,0.9813218390804598,0.4477220583415274,0.06799715535010098,test,logistic_regression,lr-oulad-c105-s42-v4
Precision-Recall,0.9813218390804598,0.4478688524590164,0.06801257718278095,test,logistic_regression,lr-oulad-c105-s42-v4
Precision-Recall,0.9813218390804598,0.44801574286651363,0.06808921975762121,test,logistic_regression,lr-oulad-c105-s42-v4
Precision-Recall,0.9813218390804598,0.44816272965879267,0.06823464956571117,test,logistic_regression,lr-oulad-c105-s42-v4
Precision-Recall,0.9813218390804598,0.44830981293075156,0.06831732039090832,test,logistic_regression,lr-oulad-c105-s42-v4
Precision-Recall,0.9813218390804598,0.448456992777413,0.06832887815544689,test,logistic_regression,lr-oulad-c105-s42-v4
Precision-Recall,0.9813218390804598,0.44860426929392444,0.06839023726592806,test,logistic_regression,lr-oulad-c105-s42-v4
Precision-Recall,0.9813218390804598,0.4487516425755585,0.06842519788735234,test,logistic_regression,lr-oulad-c105-s42-v4
Precision-Recall,0.9806034482758621,0.4485704896483733,0.06844784174465483,test,logistic_regression,lr-oulad-c105-s42-v4
Precision-Recall,0.9806034482758621,0.44871794871794873,0.06847990927428697,test,logistic_regression,lr-oulad-c105-s42-v4
Precision-Recall,0.9806034482758621,0.4488655047681684,0.0684877677722517,test,logistic_regression,lr-oulad-c105-s42-v4
Precision-Recall,0.9806034482758621,0.44901315789473684,0.06852169223728201,test,logistic_regression,lr-oulad-c105-s42-v4
Precision-Recall,0.9806034482758621,0.4491609081934847,0.06874507410426851,test,logistic_regression,lr-oulad-c105-s42-v4
Precision-Recall,0.9806034482758621,0.44930875576036866,0.06877065024059319,test,logistic_regression,lr-oulad-c105-s42-v4
Precision-Recall,0.9806034482758621,0.44945670069147187,0.068900238889127,test,logistic_regression,lr-oulad-c105-s42-v4
Precision-Recall,0.9806034482758621,0.44960474308300397,0.06895317166590202,test,logistic_regression,lr-oulad-c105-s42-v4
Precision-Recall,0.9806034482758621,0.4497528830313015,0.06907180562903602,test,logistic_regression,lr-oulad-c105-s42-v4
Precision-Recall,0.9806034482758621,0.44990112063282794,0.06914698111259758,test,logistic_regression,lr-oulad-c105-s42-v4
Precision-Recall,0.9806034482758621,0.45004945598417406,0.06923288630911913,test,logistic_regression,lr-oulad-c105-s42-v4
Precision-Recall,0.9806034482758621,0.45019788918205805,0.06936528849048701,test,logistic_regression,lr-oulad-c105-s42-v4
Precision-Recall,0.9806034482758621,0.4503464203233256,0.06944876501897317,test,logistic_regression,lr-oulad-c105-s42-v4
Precision-Recall,0.9806034482758621,0.4504950495049505,0.06965719764213674,test,logistic_regression,lr-oulad-c105-s42-v4
Precision-Recall,0.9806034482758621,0.45064377682403434,0.06977467027846763,test,logistic_regression,lr-oulad-c105-s42-v4
Precision-Recall,0.9806034482758621,0.45079260237780716,0.06996192210774185,test,logistic_regression,lr-oulad-c105-s42-v4
Precision-Recall,0.9806034482758621,0.4509415262636274,0.06997127864921612,test,logistic_regression,lr-oulad-c105-s42-v4
Precision-Recall,0.9806034482758621,0.4510905485789822,0.0700405596694303,test,logistic_regression,lr-oulad-c105-s42-v4
Precision-Recall,0.9806034482758621,0.4512396694214876,0.07016864516035416,test,logistic_regression,lr-oulad-c105-s42-v4
Precision-Recall,0.9806034482758621,0.4513888888888889,0.07026473982967557,test,logistic_regression,lr-oulad-c105-s42-v4
Precision-Recall,0.9806034482758621,0.45153820707906056,0.07045471519346322,test,logistic_regression,lr-oulad-c105-s42-v4
Precision-Recall,0.9806034482758621,0.4516876240900066,0.07046502464589802,test,logistic_regression,lr-oulad-c105-s42-v4
Precision-Recall,0.9806034482758621,0.45183714001986097,0.07047053598599112,test,logistic_regression,lr-oulad-c105-s42-v4
Precision-Recall,0.9806034482758621,0.4519867549668874,0.07062701105563687,test,logistic_regression,lr-oulad-c105-s42-v4
Precision-Recall,0.9806034482758621,0.45213646902947996,0.07068621269347176,test,logistic_regression,lr-oulad-c105-s42-v4
Precision-Recall,0.9806034482758621,0.452286282306163,0.07069599577127933,test,logistic_regression,lr-oulad-c105-s42-v4
Precision-Recall,0.9806034482758621,0.45243619489559167,0.07083676074860265,test,logistic_regression,lr-oulad-c105-s42-v4
Precision-Recall,0.9806034482758621,0.4525862068965517,0.0709012313738823,test,logistic_regression,lr-oulad-c105-s42-v4
Precision-Recall,0.9806034482758621,0.4527363184079602,0.07091911573646885,test,logistic_regression,lr-oulad-c105-s42-v4
Precision-Recall,0.9806034482758621,0.4528865295288653,0.07097622919692143,test,logistic_regression,lr-oulad-c105-s42-v4
Precision-Recall,0.9806034482758621,0.4530368403584467,0.07098046444626337,test,logistic_regression,lr-oulad-c105-s42-v4
Precision-Recall,0.9806034482758621,0.4531872509960159,0.07098130723735112,test,logistic_regression,lr-oulad-c105-s42-v4
Precision-Recall,0.9806034482758621,0.4533377615410163,0.07113521581791427,test,logistic_regression,lr-oulad-c105-s42-v4
Precision-Recall,0.9806034482758621,0.45348837209302323,0.07115230999961557,test,logistic_regression,lr-oulad-c105-s42-v4
Precision-Recall,0.9798850574712644,0.4533067464273845,0.07116423036716701,test,logistic_regression,lr-oulad-c105-s42-v4
Precision-Recall,0.9798850574712644,0.45345744680851063,0.07116610769408296,test,logistic_regression,lr-oulad-c105-s42-v4
Precision-Recall,0.9798850574712644,0.4536082474226804,0.07129488874284307,test,logistic_regression,lr-oulad-c105-s42-v4
Precision-Recall,0.9798850574712644,0.4537591483699268,0.07135103708235627,test,logistic_regression,lr-oulad-c105-s42-v4
Precision-Recall,0.9798850574712644,0.453910149750416,0.07155589092166743,test,logistic_regression,lr-oulad-c105-s42-v4
Precision-Recall,0.9798850574712644,0.4540612516644474,0.07157996559729055,test,logistic_regression,lr-oulad-c105-s42-v4
Precision-Recall,0.9798850574712644,0.4542124542124542,0.07169541450503798,test,logistic_regression,lr-oulad-c105-s42-v4
Precision-Recall,0.9798850574712644,0.45436375749500335,0.07194818834507391,test,logistic_regression,lr-oulad-c105-s42-v4
Precision-Recall,0.9798850574712644,0.45451516161279576,0.07200922172196222,test,logistic_regression,lr-oulad-c105-s42-v4
Precision-Recall,0.9798850574712644,0.45466666666666666,0.07240984993943671,test,logistic_regression,lr-oulad-c105-s42-v4
Precision-Recall,0.9798850574712644,0.45481827275758585,0.07245298194346897,test,logistic_regression,lr-oulad-c105-s42-v4
Precision-Recall,0.9798850574712644,0.4549699799866578,0.07258111497772875,test,logistic_regression,lr-oulad-c105-s42-v4
Precision-Recall,0.9798850574712644,0.4551217884551218,0.07268413097334926,test,logistic_regression,lr-oulad-c105-s42-v4
Precision-Recall,0.9798850574712644,0.4552736982643525,0.07269768242804177,test,logistic_regression,lr-oulad-c105-s42-v4
Precision-Recall,0.9798850574712644,0.45542570951585976,0.07275674745031237,test,logistic_regression,lr-oulad-c105-s42-v4
Precision-Recall,0.9798850574712644,0.45557782231128924,0.07291773634822536,test,logistic_regression,lr-oulad-c105-s42-v4
Precision-Recall,0.9798850574712644,0.4557300367524223,0.07295035098755133,test,logistic_regression,lr-oulad-c105-s42-v4
Precision-Recall,0.9798850574712644,0.45588235294117646,0.07302244417446796,test,logistic_regression,lr-oulad-c105-s42-v4
Precision-Recall,0.9798850574712644,0.4560347709796055,0.07302729978201476,test,logistic_regression,lr-oulad-c105-s42-v4
Precision-Recall,0.9798850574712644,0.4561872909698997,0.07346124752173722,test,logistic_regression,lr-oulad-c105-s42-v4
Precision-Recall,0.9798850574712644,0.4563399130143861,0.07375539079410422,test,logistic_regression,lr-oulad-c105-s42-v4
Precision-Recall,0.9798850574712644,0.4564926372155288,0.07387308145802197,test,logistic_regression,lr-oulad-c105-s42-v4
Precision-Recall,0.9798850574712644,0.456645463675929,0.07390561207571841,test,logistic_regression,lr-oulad-c105-s42-v4
Precision-Recall,0.9798850574712644,0.45679839249832555,0.07403912591367107,test,logistic_regression,lr-oulad-c105-s42-v4
Precision-Recall,0.9798850574712644,0.4569514237855946,0.07421160684587812,test,logistic_regression,lr-oulad-c105-s42-v4
Precision-Recall,0.9798850574712644,0.4571045576407507,0.07445633237781024,test,logistic_regression,lr-oulad-c105-s42-v4
Precision-Recall,0.9798850574712644,0.457257794166946,0.07476623901631933,test,logistic_regression,lr-oulad-c105-s42-v4
Precision-Recall,0.9798850574712644,0.4574111334674715,0.07486732833846009,test,logistic_regression,lr-oulad-c105-s42-v4
Precision-Recall,0.9798850574712644,0.4575645756457565,0.07496946255998917,test,logistic_regression,lr-oulad-c105-s42-v4
Precision-Recall,0.9791666666666666,0.45738255033557046,0.07497042919095026,test,logistic_regression,lr-oulad-c105-s42-v4
Precision-Recall,0.978448275862069,0.45720040281973817,0.07502194514484839,test,logistic_regression,lr-oulad-c105-s42-v4
Precision-Recall,0.978448275862069,0.45735392881128273,0.07505445138165844,test,logistic_regression,lr-oulad-c105-s42-v4
Precision-Recall,0.978448275862069,0.45750755794423914,0.07515576101116869,test,logistic_regression,lr-oulad-c105-s42-v4
Precision-Recall,0.978448275862069,0.4576612903225806,0.07532104006292625,test,logistic_regression,lr-oulad-c105-s42-v4
Precision-Recall,0.978448275862069,0.4578151260504202,0.07558698159438873,test,logistic_regression,lr-oulad-c105-s42-v4
Precision-Recall,0.978448275862069,0.45796906523201075,0.07564164812293299,test,logistic_regression,lr-oulad-c105-s42-v4
Precision-Recall,0.978448275862069,0.4581231079717457,0.07578078403516875,test,logistic_regression,lr-oulad-c105-s42-v4
Precision-Recall,0.978448275862069,0.45827725437415884,0.0758817577931269,test,logistic_regression,lr-oulad-c105-s42-v4
Precision-Recall,0.978448275862069,0.4584315045439246,0.0759450483218454,test,logistic_regression,lr-oulad-c105-s42-v4
Precision-Recall,0.978448275862069,0.4585858585858586,0.07598450039658262,test,logistic_regression,lr-oulad-c105-s42-v4
Precision-Recall,0.978448275862069,0.4587403166049175,0.07605735425746658,test,logistic_regression,lr-oulad-c105-s42-v4
Precision-Recall,0.978448275862069,0.45889487870619944,0.07620019789262004,test,logistic_regression,lr-oulad-c105-s42-v4
Precision-Recall,0.978448275862069,0.4590495449949444,0.07626586015499429,test,logistic_regression,lr-oulad-c105-s42-v4
Precision-Recall,0.978448275862069,0.4592043155765341,0.07628092773899094,test,logistic_regression,lr-oulad-c105-s42-v4
Precision-Recall,0.9777298850574713,0.4590219224283305,0.07633769447837982,test,logistic_regression,lr-oulad-c105-s42-v4
Precision-Recall,0.9777298850574713,0.4591767881241565,0.07643732802218743,test,logistic_regression,lr-oulad-c105-s42-v4
Precision-Recall,0.9777298850574713,0.4593317583530206,0.07645633712034373,test,logistic_regression,lr-oulad-c105-s42-v4
Precision-Recall,0.9777298850574713,0.45948683322079675,0.07648808706912771,test,logistic_regression,lr-oulad-c105-s42-v4
Precision-Recall,0.9777298850574713,0.4596420128335022,0.07679697792187834,test,logistic_regression,lr-oulad-c105-s42-v4
Precision-Recall,0.9770114942528736,0.4594594594594595,0.07679753317881524,test,logistic_regression,lr-oulad-c105-s42-v4
Precision-Recall,0.9770114942528736,0.4596147347076715,0.07692315381062322,test,logistic_regression,lr-oulad-c105-s42-v4
Precision-Recall,0.9770114942528736,0.45977011494252873,0.07694262302836895,test,logistic_regression,lr-oulad-c105-s42-v4
Precision-Recall,0.9770114942528736,0.45992560027054447,0.0769567461227441,test,logistic_regression,lr-oulad-c105-s42-v4
Precision-Recall,0.9770114942528736,0.46008119079837617,0.07696022728444507,test,logistic_regression,lr-oulad-c105-s42-v4
Precision-Recall,0.9762931034482759,0.45989847715736043,0.07700052953238859,test,logistic_regression,lr-oulad-c105-s42-v4
Precision-Recall,0.9762931034482759,0.460054163845633,0.0771697595832184,test,logistic_regression,lr-oulad-c105-s42-v4
Precision-Recall,0.9762931034482759,0.46020995597697256,0.07718643559500772,test,logistic_regression,lr-oulad-c105-s42-v4
Precision-Recall,0.9762931034482759,0.4603658536585366,0.07729304885117537,test,logistic_regression,lr-oulad-c105-s42-v4
Precision-Recall,0.9762931034482759,0.46052185699762793,0.07752684312682993,test,logistic_regression,lr-oulad-c105-s42-v4
Precision-Recall,0.9762931034482759,0.4606779661016949,0.0776587662647747,test,logistic_regression,lr-oulad-c105-s42-v4
Precision-Recall,0.9762931034482759,0.46083418107833163,0.07766018732760285,test,logistic_regression,lr-oulad-c105-s42-v4
Precision-Recall,0.9762931034482759,0.46099050203527814,0.07797608095281754,test,logistic_regression,lr-oulad-c105-s42-v4
Precision-Recall,0.9762931034482759,0.46114692908042076,0.07808560798840872,test,logistic_regression,lr-oulad-c105-s42-v4
Precision-Recall,0.9762931034482759,0.46130346232179226,0.07819515395961082,test,logistic_regression,lr-oulad-c105-s42-v4
Precision-Recall,0.9762931034482759,0.46146010186757214,0.07836992799684464,test,logistic_regression,lr-oulad-c105-s42-v4
Precision-Recall,0.9762931034482759,0.461616847826087,0.07843817520492849,test,logistic_regression,lr-oulad-c105-s42-v4
Precision-Recall,0.9762931034482759,0.4617737003058104,0.07847901920033767,test,logistic_regression,lr-oulad-c105-s42-v4
Precision-Recall,0.9762931034482759,0.4619306594153637,0.0785032033778913,test,logistic_regression,lr-oulad-c105-s42-v4
Precision-Recall,0.9762931034482759,0.4620877252635158,0.07853730521155547,test,logistic_regression,lr-oulad-c105-s42-v4
Precision-Recall,0.9762931034482759,0.46224489795918366,0.07856481335972514,test,logistic_regression,lr-oulad-c105-s42-v4
Precision-Recall,0.9762931034482759,0.4624021776114325,0.07856972658552883,test,logistic_regression,lr-oulad-c105-s42-v4
Precision-Recall,0.9762931034482759,0.4625595643294758,0.07862702875056485,test,logistic_regression,lr-oulad-c105-s42-v4
Precision-Recall,0.9762931034482759,0.4627170582226762,0.07864621932146483,test,logistic_regression,lr-oulad-c105-s42-v4
Precision-Recall,0.9762931034482759,0.46287465940054495,0.078674860501018,test,logistic_regression,lr-oulad-c105-s42-v4
Precision-Recall,0.9762931034482759,0.4630323679727428,0.07869254183704961,test,logistic_regression,lr-oulad-c105-s42-v4
Precision-Recall,0.9762931034482759,0.46319018404907975,0.07931908624718707,test,logistic_regression,lr-oulad-c105-s42-v4
Precision-Recall,0.9762931034482759,0.46334810773951585,0.07934446003502331,test,logistic_regression,lr-oulad-c105-s42-v4
Precision-Recall,0.9762931034482759,0.463506139154161,0.07937094918866909,test,logistic_regression,lr-oulad-c105-s42-v4
Precision-Recall,0.9762931034482759,0.46366427840327534,0.07946416429412313,test,logistic_regression,lr-oulad-c105-s42-v4
Precision-Recall,0.9762931034482759,0.4638225255972696,0.07962895170238858,test,logistic_regression,lr-oulad-c105-s42-v4
Precision-Recall,0.9762931034482759,0.46398088084670536,0.07966008238120446,test,logistic_regression,lr-oulad-c105-s42-v4
Precision-Recall,0.9762931034482759,0.4641393442622951,0.07975096546300742,test,logistic_regression,lr-oulad-c105-s42-v4
Precision-Recall,0.9762931034482759,0.4642979159549026,0.08054756005628323,test,logistic_regression,lr-oulad-c105-s42-v4
Precision-Recall,0.9762931034482759,0.4644565960355434,0.0805615927724929,test,logistic_regression,lr-oulad-c105-s42-v4
Precision-Recall,0.9762931034482759,0.4646153846153846,0.08069805431157986,test,logistic_regression,lr-oulad-c105-s42-v4
Precision-Recall,0.9762931034482759,0.46477428180574554,0.08070041568909378,test,logistic_regression,lr-oulad-c105-s42-v4
Precision-Recall,0.9762931034482759,0.46493328771809783,0.08078857804310614,test,logistic_regression,lr-oulad-c105-s42-v4
Precision-Recall,0.9762931034482759,0.4650924024640657,0.08096955937026963,test,logistic_regression,lr-oulad-c105-s42-v4
Precision-Recall,0.9762931034482759,0.4652516261554262,0.08100442541098886,test,logistic_regression,lr-oulad-c105-s42-v4
Precision-Recall,0.9762931034482759,0.4654109589041096,0.08101253940983728,test,logistic_regression,lr-oulad-c105-s42-v4
Precision-Recall,0.9762931034482759,0.46557040082219936,0.08103553357902847,test,logistic_regression,lr-oulad-c105-s42-v4
Precision-Recall,0.9762931034482759,0.46572995202193285,0.08112320719224136,test,logistic_regression,lr-oulad-c105-s42-v4
Precision-Recall,0.9762931034482759,0.46588961261570105,0.08114614878120016,test,logistic_regression,lr-oulad-c105-s42-v4
Precision-Recall,0.9762931034482759,0.4660493827160494,0.08128982111780236,test,logistic_regression,lr-oulad-c105-s42-v4
Precision-Recall,0.9762931034482759,0.4662092624356775,0.08171398634769489,test,logistic_regression,lr-oulad-c105-s42-v4
Precision-Recall,0.9762931034482759,0.46636925188743994,0.08173003494781904,test,logistic_regression,lr-oulad-c105-s42-v4
Precision-Recall,0.9762931034482759,0.466529351184346,0.08179626132942135,test,logistic_regression,lr-oulad-c105-s42-v4
Precision-Recall,0.9762931034482759,0.46668956043956045,0.08193429699094408,test,logistic_regression,lr-oulad-c105-s42-v4
Precision-Recall,0.9762931034482759,0.4668498797664033,0.08218793409033019,test,logistic_regression,lr-oulad-c105-s42-v4
Precision-Recall,0.9762931034482759,0.4670103092783505,0.08231126397669342,test,logistic_regression,lr-oulad-c105-s42-v4
Precision-Recall,0.9762931034482759,0.46717084908903406,0.08234002461967808,test,logistic_regression,lr-oulad-c105-s42-v4
Precision-Recall,0.9762931034482759,0.4673314993122421,0.082353001113025,test,logistic_regression,lr-oulad-c105-s42-v4
Precision-Recall,0.9762931034482759,0.4674922600619195,0.08237019558650328,test,logistic_regression,lr-oulad-c105-s42-v4
Precision-Recall,0.9762931034482759,0.4676531314521679,0.08238169757276988,test,logistic_regression,lr-oulad-c105-s42-v4
Precision-Recall,0.9762931034482759,0.4678141135972461,0.08243529935819105,test,logistic_regression,lr-oulad-c105-s42-v4
Precision-Recall,0.9762931034482759,0.46797520661157027,0.08253684965105826,test,logistic_regression,lr-oulad-c105-s42-v4
Precision-Recall,0.9762931034482759,0.4681364106097141,0.08268302656407386,test,logistic_regression,lr-oulad-c105-s42-v4
Precision-Recall,0.9762931034482759,0.4682977257064094,0.08302390999826108,test,logistic_regression,lr-oulad-c105-s42-v4
Precision-Recall,0.9755747126436781,0.46811444329541535,0.08313147117675385,test,logistic_regression,lr-oulad-c105-s42-v4
Precision-Recall,0.9755747126436781,0.46827586206896554,0.08317872208778863,test,logistic_regression,lr-oulad-c105-s42-v4
Precision-Recall,0.9755747126436781,0.4684373922042083,0.08318933891552978,test,logistic_regression,lr-oulad-c105-s42-v4
Precision-Recall,0.9755747126436781,0.46859903381642515,0.08348799567847318,test,logistic_regression,lr-oulad-c105-s42-v4
Precision-Recall,0.9755747126436781,0.4687607870210563,0.08351656484747205,test,logistic_regression,lr-oulad-c105-s42-v4
Precision-Recall,0.9748563218390804,0.46857734806629836,0.08356962418149001,test,logistic_regression,lr-oulad-c105-s42-v4
Precision-Recall,0.9748563218390804,0.4687392055267703,0.08357479573166048,test,logistic_regression,lr-oulad-c105-s42-v4
Precision-Recall,0.9748563218390804,0.4689011748445059,0.08361336935942475,test,logistic_regression,lr-oulad-c105-s42-v4
Precision-Recall,0.9748563218390804,0.4690632561354995,0.08374299738743866,test,logistic_regression,lr-oulad-c105-s42-v4
Precision-Recall,0.9748563218390804,0.46922544951590595,0.08384795526795628,test,logistic_regression,lr-oulad-c105-s42-v4
Precision-Recall,0.9748563218390804,0.46938775510204084,0.08385143824124477,test,logistic_regression,lr-oulad-c105-s42-v4
Precision-Recall,0.9748563218390804,0.4695501730103806,0.08386275577601641,test,logistic_regression,lr-oulad-c105-s42-v4
Precision-Recall,0.9748563218390804,0.46971270335756315,0.0838646429096762,test,logistic_regression,lr-oulad-c105-s42-v4
Precision-Recall,0.9748563218390804,0.4698753462603878,0.08405334808565566,test,logistic_regression,lr-oulad-c105-s42-v4
Precision-Recall,0.9748563218390804,0.47003810183581574,0.08412297081473678,test,logistic_regression,lr-oulad-c105-s42-v4
Precision-Recall,0.9748563218390804,0.4702009702009702,0.08413526896589733,test,logistic_regression,lr-oulad-c105-s42-v4
Precision-Recall,0.9748563218390804,0.4703639514731369,0.08444995591801685,test,logistic_regression,lr-oulad-c105-s42-v4
Precision-Recall,0.9741379310344828,0.47018030513176146,0.08461934427246164,test,logistic_regression,lr-oulad-c105-s42-v4
Precision-Recall,0.9741379310344828,0.4703433922996878,0.08463756038961133,test,logistic_regression,lr-oulad-c105-s42-v4
Precision-Recall,0.9741379310344828,0.47050659264399725,0.08488433768381845,test,logistic_regression,lr-oulad-c105-s42-v4
Precision-Recall,0.9741379310344828,0.4706699062825408,0.08494051819819215,test,logistic_regression,lr-oulad-c105-s42-v4
Precision-Recall,0.9741379310344828,0.4708333333333333,0.08528554552446727,test,logistic_regression,lr-oulad-c105-s42-v4
Precision-Recall,0.9741379310344828,0.47099687391455364,0.08529544734209826,test,logistic_regression,lr-oulad-c105-s42-v4
Precision-Recall,0.9741379310344828,0.47116052814454484,0.08541708595211184,test,logistic_regression,lr-oulad-c105-s42-v4
Precision-Recall,0.9741379310344828,0.47132429614181437,0.08546739215860769,test,logistic_regression,lr-oulad-c105-s42-v4
Precision-Recall,0.9734195402298851,0.47114047287899863,0.08560624521493809,test,logistic_regression,lr-oulad-c105-s42-v4
Precision-Recall,0.9727011494252874,0.47095652173913044,0.08586028023008002,test,logistic_regression,lr-oulad-c105-s42-v4
Precision-Recall,0.9727011494252874,0.4711203897007655,0.08647756962631457,test,logistic_regression,lr-oulad-c105-s42-v4
Precision-Recall,0.9727011494252874,0.47128437173686044,0.08654667829825397,test,logistic_regression,lr-oulad-c105-s42-v4
Precision-Recall,0.9727011494252874,0.4714484679665738,0.08659685671026102,test,logistic_regression,lr-oulad-c105-s42-v4
Precision-Recall,0.9727011494252874,0.4716126785092302,0.0866393124936628,test,logistic_regression,lr-oulad-c105-s42-v4
Precision-Recall,0.9727011494252874,0.47177700348432056,0.08668772758139139,test,logistic_regression,lr-oulad-c105-s42-v4
Precision-Recall,0.9727011494252874,0.47194144301150226,0.0871646489716173,test,logistic_regression,lr-oulad-c105-s42-v4
Precision-Recall,0.9727011494252874,0.4721059972105997,0.08733295252277597,test,logistic_regression,lr-oulad-c105-s42-v4
Precision-Recall,0.9727011494252874,0.47227066620160446,0.0875214746623917,test,logistic_regression,lr-oulad-c105-s42-v4
Precision-Recall,0.9727011494252874,0.4724354501046755,0.0875562033959494,test,logistic_regression,lr-oulad-c105-s42-v4
Precision-Recall,0.9727011494252874,0.4726003490401396,0.08757060140620263,test,logistic_regression,lr-oulad-c105-s42-v4
Precision-Recall,0.9727011494252874,0.4727653631284916,0.08757932514795881,test,logistic_regression,lr-oulad-c105-s42-v4
Precision-Recall,0.9727011494252874,0.4729304924903947,0.08765753440605441,test,logistic_regression,lr-oulad-c105-s42-v4
Precision-Recall,0.9727011494252874,0.47309573724668064,0.08766907821814872,test,logistic_regression,lr-oulad-c105-s42-v4
Precision-Recall,0.9727011494252874,0.4732610975183502,0.08767112918157674,test,logistic_regression,lr-oulad-c105-s42-v4
Precision-Recall,0.9727011494252874,0.4734265734265734,0.08771157510209728,test,logistic_regression,lr-oulad-c105-s42-v4
Precision-Recall,0.9727011494252874,0.47359216509268975,0.08791690357297688,test,logistic_regression,lr-oulad-c105-s42-v4
Precision-Recall,0.9727011494252874,0.4737578726382085,0.08792378276594334,test,logistic_regression,lr-oulad-c105-s42-v4
Precision-Recall,0.9727011494252874,0.47392369618480923,0.08819511556203308,test,logistic_regression,lr-oulad-c105-s42-v4
Precision-Recall,0.9719827586206896,0.4737394957983193,0.08828306377991291,test,logistic_regression,lr-oulad-c105-s42-v4
Precision-Recall,0.9719827586206896,0.47390542907180383,0.08833466300237479,test,logistic_regression,lr-oulad-c105-s42-v4
Precision-Recall,0.9719827586206896,0.47407147862648913,0.08886134680483657,test,logistic_regression,lr-oulad-c105-s42-v4
Precision-Recall,0.9719827586206896,0.47423764458464773,0.08899688887298879,test,logistic_regression,lr-oulad-c105-s42-v4
Precision-Recall,0.9719827586206896,0.4744039270687237,0.08920555905999952,test,logistic_regression,lr-oulad-c105-s42-v4
Precision-Recall,0.9719827586206896,0.4745703262013329,0.08950837576296634,test,logistic_regression,lr-oulad-c105-s42-v4
Precision-Recall,0.9719827586206896,0.4747368421052632,0.08953223384616844,test,logistic_regression,lr-oulad-c105-s42-v4
Precision-Recall,0.9719827586206896,0.4749034749034749,0.08958768495819523,test,logistic_regression,lr-oulad-c105-s42-v4
Precision-Recall,0.9719827586206896,0.4750702247191011,0.08963626914966978,test,logistic_regression,lr-oulad-c105-s42-v4
Precision-Recall,0.9719827586206896,0.47523709167544786,0.08970312045738872,test,logistic_regression,lr-oulad-c105-s42-v4
Precision-Recall,0.9719827586206896,0.47540407589599437,0.08972077713732983,test,logistic_regression,lr-oulad-c105-s42-v4
Precision-Recall,0.9712643678160919,0.475219683655536,0.08975343475228256,test,logistic_regression,lr-oulad-c105-s42-v4
Precision-Recall,0.9712643678160919,0.47538677918424754,0.08980714014150258,test,logistic_regression,lr-oulad-c105-s42-v4
Precision-Recall,0.9712643678160919,0.47555399226169537,0.08987528773956531,test,logistic_regression,lr-oulad-c105-s42-v4
Precision-Recall,0.9712643678160919,0.4757213230119634,0.08989128886404757,test,logistic_regression,lr-oulad-c105-s42-v4
Precision-Recall,0.9712643678160919,0.4758887715593101,0.08990347499855202,test,logistic_regression,lr-oulad-c105-s42-v4
Precision-Recall,0.9712643678160919,0.476056338028169,0.08994930442935678,test,logistic_regression,lr-oulad-c105-s42-v4
Precision-Recall,0.9712643678160919,0.476224022543149,0.0900138790424197,test,logistic_regression,lr-oulad-c105-s42-v4
Precision-Recall,0.9712643678160919,0.4763918252290345,0.0904275830999359,test,logistic_regression,lr-oulad-c105-s42-v4
Precision-Recall,0.9712643678160919,0.47655974621078606,0.09059788932475507,test,logistic_regression,lr-oulad-c105-s42-v4
Precision-Recall,0.9712643678160919,0.4767277856135402,0.0906515208170008,test,logistic_regression,lr-oulad-c105-s42-v4
Precision-Recall,0.9712643678160919,0.4768959435626102,0.0906885308536151,test,logistic_regression,lr-oulad-c105-s42-v4
Precision-Recall,0.9712643678160919,0.47706422018348627,0.09104667904506579,test,logistic_regression,lr-oulad-c105-s42-v4
Precision-Recall,0.9712643678160919,0.4772326156018355,0.0911977298852851,test,logistic_regression,lr-oulad-c105-s42-v4
Precision-Recall,0.9712643678160919,0.4774011299435028,0.09127090978996283,test,logistic_regression,lr-oulad-c105-s42-v4
Precision-Recall,0.9712643678160919,0.4775697633345108,0.09143039059806835,test,logistic_regression,lr-oulad-c105-s42-v4
Precision-Recall,0.9712643678160919,0.4777385159010601,0.09169126106999373,test,logistic_regression,lr-oulad-c105-s42-v4
Precision-Recall,0.9705459770114943,0.47755390597384234,0.0917774920401737,test,logistic_regression,lr-oulad-c105-s42-v4
Precision-Recall,0.9705459770114943,0.4777227722772277,0.09177960342609708,test,logistic_regression,lr-oulad-c105-s42-v4
Precision-Recall,0.9705459770114943,0.4778917580474001,0.09195021147580704,test,logistic_regression,lr-oulad-c105-s42-v4
Precision-Recall,0.9705459770114943,0.47806086341118187,0.09196127444669472,test,logistic_regression,lr-oulad-c105-s42-v4
Precision-Recall,0.9705459770114943,0.47823008849557525,0.09204967095298287,test,logistic_regression,lr-oulad-c105-s42-v4
Precision-Recall,0.9705459770114943,0.47839943342776203,0.0921277438683773,test,logistic_regression,lr-oulad-c105-s42-v4
Precision-Recall,0.9705459770114943,0.4785688983351045,0.09251024398342243,test,logistic_regression,lr-oulad-c105-s42-v4
Precision-Recall,0.9705459770114943,0.4787384833451453,0.09254307651275444,test,logistic_regression,lr-oulad-c105-s42-v4
Precision-Recall,0.9705459770114943,0.47890818858560796,0.09263039557398926,test,logistic_regression,lr-oulad-c105-s42-v4
Precision-Recall,0.9705459770114943,0.47907801418439716,0.09264143969967165,test,logistic_regression,lr-oulad-c105-s42-v4
Precision-Recall,0.9705459770114943,0.47924796026959915,0.09276421401345887,test,logistic_regression,lr-oulad-c105-s42-v4
Precision-Recall,0.9705459770114943,0.4794180269694819,0.09279406074635838,test,logistic_regression,lr-oulad-c105-s42-v4
Precision-Recall,0.9705459770114943,0.47958821441249555,0.09303422881538882,test,logistic_regression,lr-oulad-c105-s42-v4
Precision-Recall,0.9705459770114943,0.4797585227272727,0.09320450726510345,test,logistic_regression,lr-oulad-c105-s42-v4
Precision-Recall,0.9705459770114943,0.47992895204262875,0.09324202090365183,test,logistic_regression,lr-oulad-c105-s42-v4
Precision-Recall,0.9705459770114943,0.48009950248756217,0.09341955657044691,test,logistic_regression,lr-oulad-c105-s42-v4
Precision-Recall,0.9705459770114943,0.4802701741912549,0.09345338747084007,test,logistic_regression,lr-oulad-c105-s42-v4
Precision-Recall,0.9705459770114943,0.48044096728307256,0.0935315237211365,test,logistic_regression,lr-oulad-c105-s42-v4
Precision-Recall,0.9705459770114943,0.48061188189256493,0.09355860191724706,test,logistic_regression,lr-oulad-c105-s42-v4
Precision-Recall,0.9705459770114943,0.48078291814946617,0.09362000840971828,test,logistic_regression,lr-oulad-c105-s42-v4
Precision-Recall,0.9705459770114943,0.4809540761836953,0.09387990657445465,test,logistic_regression,lr-oulad-c105-s42-v4
Precision-Recall,0.9705459770114943,0.4811253561253561,0.09406566194494982,test,logistic_regression,lr-oulad-c105-s42-v4
Precision-Recall,0.9705459770114943,0.48129675810473815,0.09418638288806847,test,logistic_regression,lr-oulad-c105-s42-v4
Precision-Recall,0.9705459770114943,0.48146828225231647,0.09426255808899306,test,logistic_regression,lr-oulad-c105-s42-v4
Precision-Recall,0.9698275862068966,0.48128342245989303,0.09440415758676735,test,logistic_regression,lr-oulad-c105-s42-v4
Precision-Recall,0.9698275862068966,0.4814550641940086,0.09447464779545375,test,logistic_regression,lr-oulad-c105-s42-v4
Precision-Recall,0.9698275862068966,0.48162682839814486,0.09450650530403797,test,logistic_regression,lr-oulad-c105-s42-v4
Precision-Recall,0.9698275862068966,0.4817987152034261,0.09455809951292835,test,logistic_regression,lr-oulad-c105-s42-v4
Precision-Recall,0.9698275862068966,0.48197072474116387,0.09473029664417665,test,logistic_regression,lr-oulad-c105-s42-v4
Precision-Recall,0.9698275862068966,0.48214285714285715,0.09474232505243167,test,logistic_regression,lr-oulad-c105-s42-v4
Precision-Recall,0.9698275862068966,0.48231511254019294,0.094760659850002,test,logistic_regression,lr-oulad-c105-s42-v4
Precision-Recall,0.9698275862068966,0.48248749106504646,0.09476498774637465,test,logistic_regression,lr-oulad-c105-s42-v4
Precision-Recall,0.9698275862068966,0.4826599928494816,0.09478404375408819,test,logistic_regression,lr-oulad-c105-s42-v4
Precision-Recall,0.9698275862068966,0.48283261802575106,0.09490039553328218,test,logistic_regression,lr-oulad-c105-s42-v4
Precision-Recall,0.9698275862068966,0.48300536672629696,0.09529153209590656,test,logistic_regression,lr-oulad-c105-s42-v4
Precision-Recall,0.9698275862068966,0.4831782390837509,0.09535887354575465,test,logistic_regression,lr-oulad-c105-s42-v4
Precision-Recall,0.9698275862068966,0.4833512352309345,0.09535971900931867,test,logistic_regression,lr-oulad-c105-s42-v4
Precision-Recall,0.9698275862068966,0.4835243553008596,0.09538254276051078,test,logistic_regression,lr-oulad-c105-s42-v4
Precision-Recall,0.9698275862068966,0.4836975994267288,0.095495471080799,test,logistic_regression,lr-oulad-c105-s42-v4
Precision-Recall,0.9698275862068966,0.4838709677419355,0.0955001229994067,test,logistic_regression,lr-oulad-c105-s42-v4
Precision-Recall,0.9698275862068966,0.48404446038006455,0.09555597620350188,test,logistic_regression,lr-oulad-c105-s42-v4
Precision-Recall,0.9698275862068966,0.48421807747489237,0.09572823394813981,test,logistic_regression,lr-oulad-c105-s42-v4
Precision-Recall,0.9698275862068966,0.48439181916038754,0.0958113319820011,test,logistic_regression,lr-oulad-c105-s42-v4
Precision-Recall,0.9698275862068966,0.48456568557071067,0.09581835034918064,test,logistic_regression,lr-oulad-c105-s42-v4
Precision-Recall,0.9698275862068966,0.48473967684021546,0.0961109333326373,test,logistic_regression,lr-oulad-c105-s42-v4
Precision-Recall,0.9698275862068966,0.4849137931034483,0.09632881515206096,test,logistic_regression,lr-oulad-c105-s42-v4
Precision-Recall,0.9698275862068966,0.48508803449514915,0.09638295012046234,test,logistic_regression,lr-oulad-c105-s42-v4
Precision-Recall,0.9698275862068966,0.4852624011502516,0.09650977324256657,test,logistic_regression,lr-oulad-c105-s42-v4
Precision-Recall,0.9698275862068966,0.4854368932038835,0.09696287903698737,test,logistic_regression,lr-oulad-c105-s42-v4
Precision-Recall,0.9698275862068966,0.4856115107913669,0.0970290680718364,test,logistic_regression,lr-oulad-c105-s42-v4
Precision-Recall,0.9698275862068966,0.4857862540482188,0.09704409648229789,test,logistic_regression,lr-oulad-c105-s42-v4
Precision-Recall,0.9698275862068966,0.48596112311015116,0.09733339495217903,test,logistic_regression,lr-oulad-c105-s42-v4
Precision-Recall,0.9698275862068966,0.48613611811307167,0.09736200114010794,test,logistic_regression,lr-oulad-c105-s42-v4
Precision-Recall,0.9691091954022989,0.48595100864553314,0.09736750555913105,test,logistic_regression,lr-oulad-c105-s42-v4
Precision-Recall,0.9691091954022989,0.4861261261261261,0.09748922352023615,test,logistic_regression,lr-oulad-c105-s42-v4
Precision-Recall,0.9691091954022989,0.4863013698630137,0.09789335918022235,test,logistic_regression,lr-oulad-c105-s42-v4
Precision-Recall,0.9691091954022989,0.4864767399927876,0.09799589184720411,test,logistic_regression,lr-oulad-c105-s42-v4
Precision-Recall,0.9691091954022989,0.48665223665223667,0.09813950332868199,test,logistic_regression,lr-oulad-c105-s42-v4
Precision-Recall,0.9691091954022989,0.48682785997834715,0.09820144210148098,test,logistic_regression,lr-oulad-c105-s42-v4
Precision-Recall,0.9691091954022989,0.48700361010830323,0.09830079388028684,test,logistic_regression,lr-oulad-c105-s42-v4
Precision-Recall,0.9691091954022989,0.48717948717948717,0.09857930327634751,test,logistic_regression,lr-oulad-c105-s42-v4
Precision-Recall,0.9691091954022989,0.48735549132947975,0.09864784495726431,test,logistic_regression,lr-oulad-c105-s42-v4
Precision-Recall,0.9691091954022989,0.4875316226960607,0.09865123917334666,test,logistic_regression,lr-oulad-c105-s42-v4
Precision-Recall,0.9691091954022989,0.48770788141720894,0.09880994608525297,test,logistic_regression,lr-oulad-c105-s42-v4
Precision-Recall,0.9691091954022989,0.4878842676311031,0.0988304881694903,test,logistic_regression,lr-oulad-c105-s42-v4
Precision-Recall,0.9683908045977011,0.487698986975398,0.09974963976782389,test,logistic_regression,lr-oulad-c105-s42-v4
Precision-Recall,0.9683908045977011,0.4878754976474846,0.09984028774498398,test,logistic_regression,lr-oulad-c105-s42-v4
Precision-Recall,0.9683908045977011,0.4880521361332368,0.09991573119737264,test,logistic_regression,lr-oulad-c105-s42-v4
Precision-Recall,0.9683908045977011,0.48822890257153206,0.09998931280065462,test,logistic_regression,lr-oulad-c105-s42-v4
Precision-Recall,0.9683908045977011,0.48840579710144927,0.10013105514584486,test,logistic_regression,lr-oulad-c105-s42-v4
Precision-Recall,0.9683908045977011,0.4885828198622689,0.1002782315743708,test,logistic_regression,lr-oulad-c105-s42-v4
Precision-Recall,0.9683908045977011,0.4887599709934735,0.10035608965920549,test,logistic_regression,lr-oulad-c105-s42-v4
Precision-Recall,0.9676724137931034,0.4885745375408052,0.10063201990857208,test,logistic_regression,lr-oulad-c105-s42-v4
Precision-Recall,0.9669540229885057,0.488388969521045,0.10066475439546718,test,logistic_regression,lr-oulad-c105-s42-v4
Precision-Recall,0.9669540229885057,0.4885662431941924,0.10084191926859194,test,logistic_regression,lr-oulad-c105-s42-v4
Precision-Recall,0.9669540229885057,0.4887436456063907,0.10093220451141308,test,logistic_regression,lr-oulad-c105-s42-v4
Precision-Recall,0.9662356321839081,0.4885579367962223,0.10109316111503414,test,logistic_regression,lr-oulad-c105-s42-v4
Precision-Recall,0.9662356321839081,0.4887354651162791,0.10117960914859096,test,logistic_regression,lr-oulad-c105-s42-v4
Precision-Recall,0.9662356321839081,0.48891312250090874,0.10120939744323157,test,logistic_regression,lr-oulad-c105-s42-v4
Precision-Recall,0.9662356321839081,0.4890909090909091,0.10135500418915865,test,logistic_regression,lr-oulad-c105-s42-v4
Precision-Recall,0.9662356321839081,0.48926882502728264,0.10140514653843578,test,logistic_regression,lr-oulad-c105-s42-v4
Precision-Recall,0.9662356321839081,0.48944687045123725,0.10142497294924388,test,logistic_regression,lr-oulad-c105-s42-v4
Precision-Recall,0.9662356321839081,0.4896250455041864,0.10163582225455799,test,logistic_regression,lr-oulad-c105-s42-v4
Precision-Recall,0.9662356321839081,0.48980335032774946,0.10185307247990087,test,logistic_regression,lr-oulad-c105-s42-v4
Precision-Recall,0.9662356321839081,0.4899817850637523,0.10192995775189659,test,logistic_regression,lr-oulad-c105-s42-v4
Precision-Recall,0.9662356321839081,0.4901603498542274,0.10193564259168054,test,logistic_regression,lr-oulad-c105-s42-v4
Precision-Recall,0.9662356321839081,0.4903390448414145,0.1020753387274013,test,logistic_regression,lr-oulad-c105-s42-v4
Precision-Recall,0.9662356321839081,0.49051787016776077,0.10212024280348436,test,logistic_regression,lr-oulad-c105-s42-v4
Precision-Recall,0.9662356321839081,0.4906968259759212,0.10214891507703963,test,logistic_regression,lr-oulad-c105-s42-v4
Precision-Recall,0.9662356321839081,0.4908759124087591,0.10217529855449775,test,logistic_regression,lr-oulad-c105-s42-v4
Precision-Recall,0.9662356321839081,0.4910551296093465,0.10222447276168951,test,logistic_regression,lr-oulad-c105-s42-v4
Precision-Recall,0.9662356321839081,0.4912344777209642,0.10247353124045018,test,logistic_regression,lr-oulad-c105-s42-v4
Precision-Recall,0.9662356321839081,0.49141395688710265,0.10249247514240978,test,logistic_regression,lr-oulad-c105-s42-v4
Precision-Recall,0.9662356321839081,0.49159356725146197,0.10269830681215765,test,logistic_regression,lr-oulad-c105-s42-v4
Precision-Recall,0.9655172413793104,0.49140767824497256,0.1027146543215002,test,logistic_regression,lr-oulad-c105-s42-v4
Precision-Recall,0.9655172413793104,0.49158741770299924,0.10312671567488033,test,logistic_regression,lr-oulad-c105-s42-v4
Precision-Recall,0.9655172413793104,0.49176728869374314,0.10337321026013727,test,logistic_regression,lr-oulad-c105-s42-v4
Precision-Recall,0.9655172413793104,0.49194729136163984,0.10345220398830016,test,logistic_regression,lr-oulad-c105-s42-v4
Precision-Recall,0.9655172413793104,0.4921274258513365,0.10349220640881808,test,logistic_regression,lr-oulad-c105-s42-v4
Precision-Recall,0.9655172413793104,0.49230769230769234,0.10365779121940741,test,logistic_regression,lr-oulad-c105-s42-v4
Precision-Recall,0.9655172413793104,0.49248809087577866,0.10377043141691446,test,logistic_regression,lr-oulad-c105-s42-v4
Precision-Recall,0.9655172413793104,0.49266862170087977,0.10386007533400891,test,logistic_regression,lr-oulad-c105-s42-v4
Precision-Recall,0.9655172413793104,0.49284928492849284,0.10387617511264825,test,logistic_regression,lr-oulad-c105-s42-v4
Precision-Recall,0.9655172413793104,0.4930300807043287,0.10393211824738045,test,logistic_regression,lr-oulad-c105-s42-v4
Precision-Recall,0.9655172413793104,0.49321100917431193,0.10403311144655425,test,logistic_regression,lr-oulad-c105-s42-v4
Precision-Recall,0.9655172413793104,0.4933920704845815,0.10416832644913383,test,logistic_regression,lr-oulad-c105-s42-v4
Precision-Recall,0.9655172413793104,0.493573264781491,0.10424375254642301,test,logistic_regression,lr-oulad-c105-s42-v4
Precision-Recall,0.9655172413793104,0.4937545922116091,0.10439869613956512,test,logistic_regression,lr-oulad-c105-s42-v4
Precision-Recall,0.9655172413793104,0.49393605292171994,0.10452254499701391,test,logistic_regression,lr-oulad-c105-s42-v4
Precision-Recall,0.9655172413793104,0.49411764705882355,0.10457192393561011,test,logistic_regression,lr-oulad-c105-s42-v4
Precision-Recall,0.9655172413793104,0.4942993747701361,0.10469709844163803,test,logistic_regression,lr-oulad-c105-s42-v4
Precision-Recall,0.9655172413793104,0.49448123620309054,0.10477424013111934,test,logistic_regression,lr-oulad-c105-s42-v4
Precision-Recall,0.9655172413793104,0.49466323150533675,0.10496549152190429,test,logistic_regression,lr-oulad-c105-s42-v4
Precision-Recall,0.9655172413793104,0.4948453608247423,0.10499874589367866,test,logistic_regression,lr-oulad-c105-s42-v4
Precision-Recall,0.9655172413793104,0.4950276243093923,0.10505068229072591,test,logistic_regression,lr-oulad-c105-s42-v4
Precision-Recall,0.9655172413793104,0.4952100221075903,0.10523312529016261,test,logistic_regression,lr-oulad-c105-s42-v4
Precision-Recall,0.9655172413793104,0.49539255436785845,0.10527736297441588,test,logistic_regression,lr-oulad-c105-s42-v4
Precision-Recall,0.9655172413793104,0.49557522123893805,0.10534326453827324,test,logistic_regression,lr-oulad-c105-s42-v4
Precision-Recall,0.9655172413793104,0.49575802286978976,0.10541157637568034,test,logistic_regression,lr-oulad-c105-s42-v4
Precision-Recall,0.9655172413793104,0.4959409594095941,0.10546472675336988,test,logistic_regression,lr-oulad-c105-s42-v4
Precision-Recall,0.9655172413793104,0.49612403100775193,0.10573279737349477,test,logistic_regression,lr-oulad-c105-s42-v4
Precision-Recall,0.9655172413793104,0.4963072378138848,0.10578852502512716,test,logistic_regression,lr-oulad-c105-s42-v4
Precision-Recall,0.9655172413793104,0.49649057997783524,0.10580919471362758,test,logistic_regression,lr-oulad-c105-s42-v4
Precision-Recall,0.9655172413793104,0.49667405764966743,0.10591228911056973,test,logistic_regression,lr-oulad-c105-s42-v4
Precision-Recall,0.9655172413793104,0.49685767097966727,0.10603181162582459,test,logistic_regression,lr-oulad-c105-s42-v4
Precision-Recall,0.9655172413793104,0.4970414201183432,0.10609793111187298,test,logistic_regression,lr-oulad-c105-s42-v4
Precision-Recall,0.9655172413793104,0.4972253052164262,0.10612336533537264,test,logistic_regression,lr-oulad-c105-s42-v4
Precision-Recall,0.9655172413793104,0.49740932642487046,0.10618906946946399,test,logistic_regression,lr-oulad-c105-s42-v4
Precision-Recall,0.9655172413793104,0.49759348389485375,0.10631356001493804,test,logistic_regression,lr-oulad-c105-s42-v4
Precision-Recall,0.9655172413793104,0.49777777777777776,0.10635651354779603,test,logistic_regression,lr-oulad-c105-s42-v4
Precision-Recall,0.9655172413793104,0.4979622082252686,0.10652288796683515,test,logistic_regression,lr-oulad-c105-s42-v4
Precision-Recall,0.9647988505747126,0.4977761304670126,0.10682338467806964,test,logistic_regression,lr-oulad-c105-s42-v4
Precision-Recall,0.9647988505747126,0.4979606970708194,0.10695074424067125,test,logistic_regression,lr-oulad-c105-s42-v4
Precision-Recall,0.9647988505747126,0.4981454005934718,0.10695948368472964,test,logistic_regression,lr-oulad-c105-s42-v4
Precision-Recall,0.9640804597701149,0.49795918367346936,0.10707807323739316,test,logistic_regression,lr-oulad-c105-s42-v4
Precision-Recall,0.9640804597701149,0.4981440237564959,0.1071131181444082,test,logistic_regression,lr-oulad-c105-s42-v4
Precision-Recall,0.9633620689655172,0.49795766802822133,0.10734812279844501,test,logistic_regression,lr-oulad-c105-s42-v4
Precision-Recall,0.9633620689655172,0.49814264487369986,0.107430664759714,test,logistic_regression,lr-oulad-c105-s42-v4
Precision-Recall,0.9633620689655172,0.4983277591973244,0.10756122564365618,test,logistic_regression,lr-oulad-c105-s42-v4
Precision-Recall,0.9633620689655172,0.49851301115241636,0.10764304470499807,test,logistic_regression,lr-oulad-c105-s42-v4
Precision-Recall,0.9633620689655172,0.4986984008925251,0.1078427845579945,test,logistic_regression,lr-oulad-c105-s42-v4
Precision-Recall,0.9633620689655172,0.49888392857142855,0.10784770007363272,test,logistic_regression,lr-oulad-c105-s42-v4
Precision-Recall,0.9633620689655172,0.4990695943431336,0.10787179823539914,test,logistic_regression,lr-oulad-c105-s42-v4
Precision-Recall,0.9633620689655172,0.4992553983618764,0.10819044764448547,test,logistic_regression,lr-oulad-c105-s42-v4
Precision-Recall,0.9633620689655172,0.4994413407821229,0.10822117056420323,test,logistic_regression,lr-oulad-c105-s42-v4
Precision-Recall,0.9633620689655172,0.4996274217585693,0.10833538516735607,test,logistic_regression,lr-oulad-c105-s42-v4
Precision-Recall,0.9633620689655172,0.4998136414461424,0.10842225711468975,test,logistic_regression,lr-oulad-c105-s42-v4
Precision-Recall,0.9633620689655172,0.5,0.10842961756349909,test,logistic_regression,lr-oulad-c105-s42-v4
Precision-Recall,0.9633620689655172,0.5001864975755315,0.10871346403599542,test,logistic_regression,lr-oulad-c105-s42-v4
Precision-Recall,0.9626436781609196,0.5,0.10876324949559349,test,logistic_regression,lr-oulad-c105-s42-v4
Precision-Recall,0.9626436781609196,0.5001866368047779,0.10895486672829136,test,logistic_regression,lr-oulad-c105-s42-v4
Precision-Recall,0.9626436781609196,0.5003734129947722,0.108987621038609,test,logistic_regression,lr-oulad-c105-s42-v4
Precision-Recall,0.9626436781609196,0.500560328726186,0.10901268097330956,test,logistic_regression,lr-oulad-c105-s42-v4
Precision-Recall,0.9626436781609196,0.5007473841554559,0.10903478054762743,test,logistic_regression,lr-oulad-c105-s42-v4
Precision-Recall,0.9626436781609196,0.5009345794392523,0.10903767182997265,test,logistic_regression,lr-oulad-c105-s42-v4
Precision-Recall,0.9626436781609196,0.5011219147344802,0.10907949591532272,test,logistic_regression,lr-oulad-c105-s42-v4
Precision-Recall,0.9626436781609196,0.5013093901982791,0.10909117504025752,test,logistic_regression,lr-oulad-c105-s42-v4
Precision-Recall,0.9626436781609196,0.5014970059880239,0.10913070828326418,test,logistic_regression,lr-oulad-c105-s42-v4
Precision-Recall,0.9626436781609196,0.5016847622613253,0.1092511579008095,test,logistic_regression,lr-oulad-c105-s42-v4
Precision-Recall,0.9626436781609196,0.50187265917603,0.10925163690082729,test,logistic_regression,lr-oulad-c105-s42-v4
Precision-Recall,0.9619252873563219,0.5016860247283627,0.1092951945248427,test,logistic_regression,lr-oulad-c105-s42-v4
Precision-Recall,0.9619252873563219,0.5018740629685158,0.10937106191683917,test,logistic_regression,lr-oulad-c105-s42-v4
Precision-Recall,0.9612068965517241,0.5016872890888638,0.1093818021644034,test,logistic_regression,lr-oulad-c105-s42-v4
Precision-Recall,0.9604885057471264,0.5015003750937734,0.10956121810661168,test,logistic_regression,lr-oulad-c105-s42-v4
Precision-Recall,0.9604885057471264,0.5016885553470919,0.10968840907352156,test,logistic_regression,lr-oulad-c105-s42-v4
Precision-Recall,0.9604885057471264,0.5018768768768769,0.10985855782230212,test,logistic_regression,lr-oulad-c105-s42-v4
Precision-Recall,0.9604885057471264,0.5020653398422832,0.10992673527474824,test,logistic_regression,lr-oulad-c105-s42-v4
Precision-Recall,0.9604885057471264,0.5022539444027048,0.11038087124868305,test,logistic_regression,lr-oulad-c105-s42-v4
Precision-Recall,0.9597701149425287,0.5020668921458098,0.11056788479863008,test,logistic_regression,lr-oulad-c105-s42-v4
Precision-Recall,0.9597701149425287,0.5022556390977444,0.11083630971260766,test,logistic_regression,lr-oulad-c105-s42-v4
Precision-Recall,0.9597701149425287,0.502444528018052,0.11087795169414842,test,logistic_regression,lr-oulad-c105-s42-v4
Precision-Recall,0.9597701149425287,0.5026335590669676,0.110993898765929,test,logistic_regression,lr-oulad-c105-s42-v4
Precision-Recall,0.9597701149425287,0.502822732404968,0.11125554607828414,test,logistic_regression,lr-oulad-c105-s42-v4
Precision-Recall,0.9597701149425287,0.5030120481927711,0.11127254940755486,test,logistic_regression,lr-oulad-c105-s42-v4
Precision-Recall,0.9597701149425287,0.5032015065913371,0.11149387102094063,test,logistic_regression,lr-oulad-c105-s42-v4
Precision-Recall,0.9597701149425287,0.5033911077618689,0.1115283378052665,test,logistic_regression,lr-oulad-c105-s42-v4
Precision-Recall,0.9597701149425287,0.5035808518658123,0.1115436921458973,test,logistic_regression,lr-oulad-c105-s42-v4
Precision-Recall,0.9597701149425287,0.5037707390648567,0.1119493893204602,test,logistic_regression,lr-oulad-c105-s42-v4
Precision-Recall,0.9597701149425287,0.5039607695209355,0.11196458116957787,test,logistic_regression,lr-oulad-c105-s42-v4
Precision-Recall,0.9597701149425287,0.5041509433962265,0.11207242901978705,test,logistic_regression,lr-oulad-c105-s42-v4
Precision-Recall,0.9597701149425287,0.5043412608531521,0.11223980625132939,test,logistic_regression,lr-oulad-c105-s42-v4
Precision-Recall,0.9597701149425287,0.5045317220543807,0.11282991281988468,test,logistic_regression,lr-oulad-c105-s42-v4
Precision-Recall,0.9597701149425287,0.5047223271628258,0.11319821489873749,test,logistic_regression,lr-oulad-c105-s42-v4
Precision-Recall,0.9597701149425287,0.5049130763416477,0.11345388408288473,test,logistic_regression,lr-oulad-c105-s42-v4
Precision-Recall,0.9597701149425287,0.5051039697542533,0.11348318050227577,test,logistic_regression,lr-oulad-c105-s42-v4
Precision-Recall,0.9597701149425287,0.5052950075642966,0.11364525987914603,test,logistic_regression,lr-oulad-c105-s42-v4
Precision-Recall,0.9597701149425287,0.5054861899356792,0.11367353613791067,test,logistic_regression,lr-oulad-c105-s42-v4
Precision-Recall,0.9597701149425287,0.5056775170325511,0.11396347318750447,test,logistic_regression,lr-oulad-c105-s42-v4
Precision-Recall,0.9597701149425287,0.5058689890193109,0.11405014873797473,test,logistic_regression,lr-oulad-c105-s42-v4
Precision-Recall,0.9597701149425287,0.5060606060606061,0.11407834235822714,test,logistic_regression,lr-oulad-c105-s42-v4
Precision-Recall,0.9597701149425287,0.5062523683213338,0.1141398818957246,test,logistic_regression,lr-oulad-c105-s42-v4
Precision-Recall,0.9597701149425287,0.5064442759666414,0.11425270324015188,test,logistic_regression,lr-oulad-c105-s42-v4
Precision-Recall,0.9597701149425287,0.5066363291619265,0.114313720921328,test,logistic_regression,lr-oulad-c105-s42-v4
Precision-Recall,0.9597701149425287,0.5068285280728376,0.11455111394930084,test,logistic_regression,lr-oulad-c105-s42-v4
Precision-Recall,0.9597701149425287,0.5070208728652752,0.11472268341523417,test,logistic_regression,lr-oulad-c105-s42-v4
Precision-Recall,0.9597701149425287,0.507213363705391,0.11474696772002073,test,logistic_regression,lr-oulad-c105-s42-v4
Precision-Recall,0.9597701149425287,0.5074060007595899,0.11477660886529026,test,logistic_regression,lr-oulad-c105-s42-v4
Precision-Recall,0.9597701149425287,0.5075987841945289,0.11486684375324162,test,logistic_regression,lr-oulad-c105-s42-v4
Precision-Recall,0.9597701149425287,0.507791714177119,0.11495391621128247,test,logistic_regression,lr-oulad-c105-s42-v4
Precision-Recall,0.9597701149425287,0.5079847908745247,0.11501362645060784,test,logistic_regression,lr-oulad-c105-s42-v4
Precision-Recall,0.9597701149425287,0.5081780144541651,0.11510063640456915,test,logistic_regression,lr-oulad-c105-s42-v4
Precision-Recall,0.9597701149425287,0.5083713850837138,0.11536025711289315,test,logistic_regression,lr-oulad-c105-s42-v4
Precision-Recall,0.9597701149425287,0.5085649029311001,0.11540086704651419,test,logistic_regression,lr-oulad-c105-s42-v4
Precision-Recall,0.959051724137931,0.5083777608530083,0.1154246461671182,test,logistic_regression,lr-oulad-c105-s42-v4
Precision-Recall,0.959051724137931,0.5085714285714286,0.11560538711843424,test,logistic_regression,lr-oulad-c105-s42-v4
Precision-Recall,0.959051724137931,0.508765243902439,0.11562436327270402,test,logistic_regression,lr-oulad-c105-s42-v4
Precision-Recall,0.959051724137931,0.5089592070148685,0.11618404108495112,test,logistic_regression,lr-oulad-c105-s42-v4
Precision-Recall,0.959051724137931,0.5091533180778032,0.11652186569165299,test,logistic_regression,lr-oulad-c105-s42-v4
Precision-Recall,0.959051724137931,0.5093475772605875,0.11670257612344774,test,logistic_regression,lr-oulad-c105-s42-v4
Precision-Recall,0.959051724137931,0.5095419847328244,0.11676742129899517,test,logistic_regression,lr-oulad-c105-s42-v4
Precision-Recall,0.959051724137931,0.5097365406643757,0.11715065607264553,test,logistic_regression,lr-oulad-c105-s42-v4
Precision-Recall,0.959051724137931,0.5099312452253628,0.11718268699926436,test,logistic_regression,lr-oulad-c105-s42-v4
Precision-Recall,0.959051724137931,0.5101260985861674,0.11719988653029811,test,logistic_regression,lr-oulad-c105-s42-v4
Precision-Recall,0.959051724137931,0.5103211009174312,0.11725131322334925,test,logistic_regression,lr-oulad-c105-s42-v4
Precision-Recall,0.959051724137931,0.5105162523900574,0.11754316056479883,test,logistic_regression,lr-oulad-c105-s42-v4
Precision-Recall,0.959051724137931,0.5107115531752104,0.11762736458337249,test,logistic_regression,lr-oulad-c105-s42-v4
Precision-Recall,0.9583333333333334,0.5105243015690777,0.1176543058100887,test,logistic_regression,lr-oulad-c105-s42-v4
Precision-Recall,0.9583333333333334,0.5107197549770292,0.11768365661645863,test,logistic_regression,lr-oulad-c105-s42-v4
Precision-Recall,0.9583333333333334,0.5109153581003447,0.11784642928397272,test,logistic_regression,lr-oulad-c105-s42-v4
Precision-Recall,0.9583333333333334,0.5111111111111111,0.11801695641438457,test,logistic_regression,lr-oulad-c105-s42-v4
Precision-Recall,0.9583333333333334,0.5113070141816788,0.11811435699364817,test,logistic_regression,lr-oulad-c105-s42-v4
Precision-Recall,0.9583333333333334,0.5115030674846626,0.11831241612210841,test,logistic_regression,lr-oulad-c105-s42-v4
Precision-Recall,0.9583333333333334,0.5116992711929421,0.11844111934504914,test,logistic_regression,lr-oulad-c105-s42-v4
Precision-Recall,0.9583333333333334,0.5118956254796623,0.11848286090570113,test,logistic_regression,lr-oulad-c105-s42-v4
Precision-Recall,0.9583333333333334,0.5120921305182342,0.11854338083589146,test,logistic_regression,lr-oulad-c105-s42-v4
Precision-Recall,0.9583333333333334,0.5122887864823349,0.11868191034984006,test,logistic_regression,lr-oulad-c105-s42-v4
Precision-Recall,0.9583333333333334,0.5124855935459086,0.11887366271224026,test,logistic_regression,lr-oulad-c105-s42-v4
Precision-Recall,0.9576149425287356,0.5122982321291314,0.11890479410098269,test,logistic_regression,lr-oulad-c105-s42-v4
Precision-Recall,0.9576149425287356,0.5124951941560938,0.11893217780264709,test,logistic_regression,lr-oulad-c105-s42-v4
Precision-Recall,0.9576149425287356,0.5126923076923077,0.11900112477315204,test,logistic_regression,lr-oulad-c105-s42-v4
Precision-Recall,0.9576149425287356,0.5128895729126587,0.11907580086531692,test,logistic_regression,lr-oulad-c105-s42-v4
Precision-Recall,0.9576149425287356,0.5130869899923017,0.11911850160777243,test,logistic_regression,lr-oulad-c105-s42-v4
Precision-Recall,0.9576149425287356,0.5132845591066615,0.11941104625639558,test,logistic_regression,lr-oulad-c105-s42-v4
Precision-Recall,0.9576149425287356,0.513482280431433,0.11949924235882836,test,logistic_regression,lr-oulad-c105-s42-v4
Precision-Recall,0.9576149425287356,0.5136801541425818,0.11955158969016544,test,logistic_regression,lr-oulad-c105-s42-v4
Precision-Recall,0.9576149425287356,0.5138781804163454,0.11967682410253795,test,logistic_regression,lr-oulad-c105-s42-v4
Precision-Recall,0.9576149425287356,0.5140763594292326,0.11981219017191673,test,logistic_regression,lr-oulad-c105-s42-v4
Precision-Recall,0.9576149425287356,0.5142746913580247,0.1200125877738265,test,logistic_regression,lr-oulad-c105-s42-v4
Precision-Recall,0.9576149425287356,0.5144731763797762,0.12007113625787873,test,logistic_regression,lr-oulad-c105-s42-v4
Precision-Recall,0.9576149425287356,0.5146718146718147,0.12021620178158832,test,logistic_regression,lr-oulad-c105-s42-v4
Precision-Recall,0.9576149425287356,0.514870606411742,0.12040846047718064,test,logistic_regression,lr-oulad-c105-s42-v4
Precision-Recall,0.9576149425287356,0.5150695517774343,0.12041486068943523,test,logistic_regression,lr-oulad-c105-s42-v4
Precision-Recall,0.9576149425287356,0.5152686509470429,0.12058796471713117,test,logistic_regression,lr-oulad-c105-s42-v4
Precision-Recall,0.9576149425287356,0.5154679040989946,0.12061022494600973,test,logistic_regression,lr-oulad-c105-s42-v4
Precision-Recall,0.9576149425287356,0.5156673114119923,0.12066426473208353,test,logistic_regression,lr-oulad-c105-s42-v4
Precision-Recall,0.9576149425287356,0.5158668730650154,0.12067328327155166,test,logistic_regression,lr-oulad-c105-s42-v4
Precision-Recall,0.9576149425287356,0.516066589237321,0.12069837612771017,test,logistic_regression,lr-oulad-c105-s42-v4
Precision-Recall,0.9576149425287356,0.516266460108443,0.12098477554838111,test,logistic_regression,lr-oulad-c105-s42-v4
Precision-Recall,0.9576149425287356,0.5164664858581945,0.12098722808101718,test,logistic_regression,lr-oulad-c105-s42-v4
Precision-Recall,0.9576149425287356,0.5166666666666667,0.12114184246954059,test,logistic_regression,lr-oulad-c105-s42-v4
Precision-Recall,0.9576149425287356,0.5168670027142304,0.12116307836021227,test,logistic_regression,lr-oulad-c105-s42-v4
Precision-Recall,0.9576149425287356,0.5170674941815361,0.12118761948731226,test,logistic_regression,lr-oulad-c105-s42-v4
Precision-Recall,0.9576149425287356,0.5172681412495149,0.12161880247127699,test,logistic_regression,lr-oulad-c105-s42-v4
Precision-Recall,0.9576149425287356,0.5174689440993789,0.12167227610190613,test,logistic_regression,lr-oulad-c105-s42-v4
Precision-Recall,0.9576149425287356,0.5176699029126214,0.12171884883444509,test,logistic_regression,lr-oulad-c105-s42-v4
Precision-Recall,0.9568965517241379,0.5174825174825175,0.12173414352565748,test,logistic_regression,lr-oulad-c105-s42-v4
Precision-Recall,0.9568965517241379,0.5176836377769141,0.12174097047468832,test,logistic_regression,lr-oulad-c105-s42-v4
Precision-Recall,0.9568965517241379,0.5178849144634525,0.12175177997807099,test,logistic_regression,lr-oulad-c105-s42-v4
Precision-Recall,0.9568965517241379,0.5180863477246208,0.12179076899751057,test,logistic_regression,lr-oulad-c105-s42-v4
Precision-Recall,0.9568965517241379,0.5182879377431907,0.12181052929380769,test,logistic_regression,lr-oulad-c105-s42-v4
Precision-Recall,0.9561781609195402,0.5181004281821721,0.12183656293306959,test,logistic_regression,lr-oulad-c105-s42-v4
Precision-Recall,0.9554597701149425,0.5179127725856698,0.12239458798961261,test,logistic_regression,lr-oulad-c105-s42-v4
Precision-Recall,0.9554597701149425,0.5181145305804441,0.12266359547652855,test,logistic_regression,lr-oulad-c105-s42-v4
Precision-Recall,0.9554597701149425,0.5183164458300857,0.12277298516589033,test,logistic_regression,lr-oulad-c105-s42-v4
Precision-Recall,0.9554597701149425,0.5185185185185185,0.12285034275223829,test,logistic_regression,lr-oulad-c105-s42-v4
Precision-Recall,0.9554597701149425,0.5187207488299532,0.12308152219114368,test,logistic_regression,lr-oulad-c105-s42-v4
Precision-Recall,0.9554597701149425,0.518923136948888,0.12316651030510914,test,logistic_regression,lr-oulad-c105-s42-v4
Precision-Recall,0.9554597701149425,0.5191256830601093,0.12332838492900441,test,logistic_regression,lr-oulad-c105-s42-v4
Precision-Recall,0.9547413793103449,0.5189379148770011,0.12351363663967976,test,logistic_regression,lr-oulad-c105-s42-v4
Precision-Recall,0.9547413793103449,0.519140625,0.12380707073569969,test,logistic_regression,lr-oulad-c105-s42-v4
Precision-Recall,0.9547413793103449,0.5193434935521688,0.12405889824834641,test,logistic_regression,lr-oulad-c105-s42-v4
Precision-Recall,0.9547413793103449,0.519546520719312,0.12433290825864389,test,logistic_regression,lr-oulad-c105-s42-v4
Precision-Recall,0.9547413793103449,0.5197497066875244,0.12446616145254227,test,logistic_regression,lr-oulad-c105-s42-v4
Precision-Recall,0.9547413793103449,0.5199530516431925,0.12448603577847155,test,logistic_regression,lr-oulad-c105-s42-v4
Precision-Recall,0.9547413793103449,0.5201565557729941,0.12460182741519266,test,logistic_regression,lr-oulad-c105-s42-v4
Precision-Recall,0.9540229885057471,0.5199686765857479,0.12465054658835227,test,logistic_regression,lr-oulad-c105-s42-v4
Precision-Recall,0.9540229885057471,0.5201723462593028,0.12465726500505238,test,logistic_regression,lr-oulad-c105-s42-v4
Precision-Recall,0.9540229885057471,0.5203761755485894,0.1247004139772928,test,logistic_regression,lr-oulad-c105-s42-v4
Precision-Recall,0.9540229885057471,0.5205801646413172,0.12489726957621036,test,logistic_regression,lr-oulad-c105-s42-v4
Precision-Recall,0.9540229885057471,0.5207843137254902,0.12491562791723791,test,logistic_regression,lr-oulad-c105-s42-v4
Precision-Recall,0.9540229885057471,0.5209886229894076,0.1251408307730194,test,logistic_regression,lr-oulad-c105-s42-v4
Precision-Recall,0.9540229885057471,0.521193092621664,0.12517200854094693,test,logistic_regression,lr-oulad-c105-s42-v4
Precision-Recall,0.9540229885057471,0.5213977228111504,0.12519286588805967,test,logistic_regression,lr-oulad-c105-s42-v4
Precision-Recall,0.9533045977011494,0.5212097407698351,0.12538611637861763,test,logistic_regression,lr-oulad-c105-s42-v4
Precision-Recall,0.9533045977011494,0.5214145383104126,0.12539681844683884,test,logistic_regression,lr-oulad-c105-s42-v4
Precision-Recall,0.9533045977011494,0.5216194968553459,0.12544247672336434,test,logistic_regression,lr-oulad-c105-s42-v4
Precision-Recall,0.9533045977011494,0.5218246165945734,0.12559736969954946,test,logistic_regression,lr-oulad-c105-s42-v4
Precision-Recall,0.9533045977011494,0.522029897718332,0.12605691962009427,test,logistic_regression,lr-oulad-c105-s42-v4
Precision-Recall,0.9533045977011494,0.5222353404171586,0.1263268622422768,test,logistic_regression,lr-oulad-c105-s42-v4
Precision-Recall,0.9533045977011494,0.5224409448818897,0.1263933652611303,test,logistic_regression,lr-oulad-c105-s42-v4
Precision-Recall,0.9533045977011494,0.5226467113036629,0.12645193859264608,test,logistic_regression,lr-oulad-c105-s42-v4
Precision-Recall,0.9525862068965517,0.5224586288416075,0.12669543756972898,test,logistic_regression,lr-oulad-c105-s42-v4
Precision-Recall,0.9525862068965517,0.5226645644461962,0.1272391103181471,test,logistic_regression,lr-oulad-c105-s42-v4
Precision-Recall,0.9525862068965517,0.5228706624605678,0.12730805420642125,test,logistic_regression,lr-oulad-c105-s42-v4
Precision-Recall,0.9525862068965517,0.5230769230769231,0.1273172530888369,test,logistic_regression,lr-oulad-c105-s42-v4
Precision-Recall,0.9525862068965517,0.5232833464877664,0.12745151782530964,test,logistic_regression,lr-oulad-c105-s42-v4
Precision-Recall,0.9525862068965517,0.5234899328859061,0.12753583067162994,test,logistic_regression,lr-oulad-c105-s42-v4
Precision-Recall,0.9525862068965517,0.523696682464455,0.1277287542598595,test,logistic_regression,lr-oulad-c105-s42-v4
Precision-Recall,0.9525862068965517,0.5239035954168313,0.12783025344886487,test,logistic_regression,lr-oulad-c105-s42-v4
Precision-Recall,0.9525862068965517,0.5241106719367589,0.12789608783154136,test,logistic_regression,lr-oulad-c105-s42-v4
Precision-Recall,0.9525862068965517,0.5243179122182681,0.1279303432007843,test,logistic_regression,lr-oulad-c105-s42-v4
Precision-Recall,0.9525862068965517,0.5245253164556962,0.1281505469166323,test,logistic_regression,lr-oulad-c105-s42-v4
Precision-Recall,0.9525862068965517,0.5247328848436882,0.12819139266183036,test,logistic_regression,lr-oulad-c105-s42-v4
Precision-Recall,0.9525862068965517,0.5249406175771971,0.12840687737199613,test,logistic_regression,lr-oulad-c105-s42-v4
Precision-Recall,0.9525862068965517,0.5251485148514852,0.12844138312877001,test,logistic_regression,lr-oulad-c105-s42-v4
Precision-Recall,0.9525862068965517,0.5253565768621236,0.12844513228900728,test,logistic_regression,lr-oulad-c105-s42-v4
Precision-Recall,0.951867816091954,0.5251684502576298,0.12846851337521384,test,logistic_regression,lr-oulad-c105-s42-v4
Precision-Recall,0.951867816091954,0.5253766851704996,0.12862002852754842,test,logistic_regression,lr-oulad-c105-s42-v4
Precision-Recall,0.951867816091954,0.5255850852836176,0.12862492663493305,test,logistic_regression,lr-oulad-c105-s42-v4
Precision-Recall,0.951867816091954,0.5257936507936508,0.12867375564662833,test,logistic_regression,lr-oulad-c105-s42-v4
Precision-Recall,0.951867816091954,0.5260023818975784,0.12901497239726104,test,logistic_regression,lr-oulad-c105-s42-v4
Precision-Recall,0.951867816091954,0.5262112787926926,0.12913916580322168,test,logistic_regression,lr-oulad-c105-s42-v4
Precision-Recall,0.9511494252873564,0.5260230433055224,0.12914845035303146,test,logistic_regression,lr-oulad-c105-s42-v4
Precision-Recall,0.9511494252873564,0.5262321144674086,0.12915362920697276,test,logistic_regression,lr-oulad-c105-s42-v4
Precision-Recall,0.9511494252873564,0.526441351888668,0.12925861279684756,test,logistic_regression,lr-oulad-c105-s42-v4
Precision-Recall,0.9511494252873564,0.5266507557677009,0.12937497964697228,test,logistic_regression,lr-oulad-c105-s42-v4
Precision-Recall,0.9511494252873564,0.5268603263032232,0.12939484607953758,test,logistic_regression,lr-oulad-c105-s42-v4
Precision-Recall,0.9511494252873564,0.5270700636942676,0.129491852252817,test,logistic_regression,lr-oulad-c105-s42-v4
Precision-Recall,0.9511494252873564,0.5272799681401832,0.1295059946150467,test,logistic_regression,lr-oulad-c105-s42-v4
Precision-Recall,0.9511494252873564,0.5274900398406375,0.129913397256895,test,logistic_regression,lr-oulad-c105-s42-v4
Precision-Recall,0.9511494252873564,0.5277002789956158,0.1299478004305645,test,logistic_regression,lr-oulad-c105-s42-v4
Precision-Recall,0.9511494252873564,0.5279106858054227,0.13023306177712127,test,logistic_regression,lr-oulad-c105-s42-v4
Precision-Recall,0.9511494252873564,0.5281212604706821,0.1303096925471122,test,logistic_regression,lr-oulad-c105-s42-v4
Precision-Recall,0.9511494252873564,0.5283320031923384,0.1305227402587099,test,logistic_regression,lr-oulad-c105-s42-v4
Precision-Recall,0.9511494252873564,0.5285429141716567,0.13060774641331344,test,logistic_regression,lr-oulad-c105-s42-v4
Precision-Recall,0.9511494252873564,0.5287539936102237,0.13060986972047067,test,logistic_regression,lr-oulad-c105-s42-v4
Precision-Recall,0.9511494252873564,0.5289652417099481,0.13062835285555122,test,logistic_regression,lr-oulad-c105-s42-v4
Precision-Recall,0.9511494252873564,0.5291766586730615,0.1307481839123713,test,logistic_regression,lr-oulad-c105-s42-v4
Precision-Recall,0.9511494252873564,0.5293882447021192,0.13079560022166373,test,logistic_regression,lr-oulad-c105-s42-v4
Precision-Recall,0.9511494252873564,0.5296,0.13085141309587636,test,logistic_regression,lr-oulad-c105-s42-v4
Precision-Recall,0.9511494252873564,0.529811924769908,0.13098540433154032,test,logistic_regression,lr-oulad-c105-s42-v4
Precision-Recall,0.9511494252873564,0.5300240192153723,0.13120333824762567,test,logistic_regression,lr-oulad-c105-s42-v4
Precision-Recall,0.9511494252873564,0.5302362835402483,0.13148230498447688,test,logistic_regression,lr-oulad-c105-s42-v4
Precision-Recall,0.9511494252873564,0.530448717948718,0.13151753591213824,test,logistic_regression,lr-oulad-c105-s42-v4
Precision-Recall,0.9511494252873564,0.5306613226452905,0.13154401033961707,test,logistic_regression,lr-oulad-c105-s42-v4
Precision-Recall,0.9511494252873564,0.5308740978348035,0.13167922732473566,test,logistic_regression,lr-oulad-c105-s42-v4
Precision-Recall,0.9504310344827587,0.5306859205776173,0.13185130908536802,test,logistic_regression,lr-oulad-c105-s42-v4
Precision-Recall,0.9504310344827587,0.5308988764044944,0.1319258344621024,test,logistic_regression,lr-oulad-c105-s42-v4
Precision-Recall,0.9504310344827587,0.5311120032115616,0.1319506809059452,test,logistic_regression,lr-oulad-c105-s42-v4
Precision-Recall,0.9504310344827587,0.5313253012048192,0.1320046647410743,test,logistic_regression,lr-oulad-c105-s42-v4
Precision-Recall,0.9504310344827587,0.5315387705905986,0.13201553799492424,test,logistic_regression,lr-oulad-c105-s42-v4
Precision-Recall,0.9504310344827587,0.5317524115755627,0.13209421966250623,test,logistic_regression,lr-oulad-c105-s42-v4
Precision-Recall,0.9504310344827587,0.5319662243667069,0.13217194367971308,test,logistic_regression,lr-oulad-c105-s42-v4
Precision-Recall,0.9504310344827587,0.5321802091713597,0.1323436586743157,test,logistic_regression,lr-oulad-c105-s42-v4
Precision-Recall,0.9504310344827587,0.532394366197183,0.1323551914536755,test,logistic_regression,lr-oulad-c105-s42-v4
Precision-Recall,0.9504310344827587,0.532608695652174,0.13246588398525094,test,logistic_regression,lr-oulad-c105-s42-v4
Precision-Recall,0.9504310344827587,0.5328231977446637,0.13304839827808101,test,logistic_regression,lr-oulad-c105-s42-v4
Precision-Recall,0.9504310344827587,0.5330378726833199,0.133229686513366,test,logistic_regression,lr-oulad-c105-s42-v4
Precision-Recall,0.9504310344827587,0.5332527206771464,0.1333720269052671,test,logistic_regression,lr-oulad-c105-s42-v4
Precision-Recall,0.9504310344827587,0.5334677419354839,0.13358131562067574,test,logistic_regression,lr-oulad-c105-s42-v4
Precision-Recall,0.9504310344827587,0.5336829366680113,0.1336346092119118,test,logistic_regression,lr-oulad-c105-s42-v4
Precision-Recall,0.9504310344827587,0.5338983050847458,0.13372349153119265,test,logistic_regression,lr-oulad-c105-s42-v4
Precision-Recall,0.9504310344827587,0.5341138473960436,0.13383631592496475,test,logistic_regression,lr-oulad-c105-s42-v4
Precision-Recall,0.9504310344827587,0.534329563812601,0.13394519242981606,test,logistic_regression,lr-oulad-c105-s42-v4
Precision-Recall,0.9504310344827587,0.5345454545454545,0.13394957396913654,test,logistic_regression,lr-oulad-c105-s42-v4
Precision-Recall,0.9504310344827587,0.5347615198059822,0.1342485047624937,test,logistic_regression,lr-oulad-c105-s42-v4
Precision-Recall,0.9504310344827587,0.5349777598059038,0.13443433269582172,test,logistic_regression,lr-oulad-c105-s42-v4
Precision-Recall,0.9497126436781609,0.5347896440129449,0.13471432569677283,test,logistic_regression,lr-oulad-c105-s42-v4
Precision-Recall,0.9489942528735632,0.5346013759611493,0.13499061329228637,test,logistic_regression,lr-oulad-c105-s42-v4
Precision-Recall,0.9489942528735632,0.5348178137651822,0.13502186101886302,test,logistic_regression,lr-oulad-c105-s42-v4
Precision-Recall,0.9489942528735632,0.5350344268934791,0.13510232651807685,test,logistic_regression,lr-oulad-c105-s42-v4
Precision-Recall,0.9489942528735632,0.5352512155591572,0.13516471525088952,test,logistic_regression,lr-oulad-c105-s42-v4
Precision-Recall,0.9489942528735632,0.535468179975679,0.135176854201193,test,logistic_regression,lr-oulad-c105-s42-v4
Precision-Recall,0.9489942528735632,0.5356853203568532,0.13529060740787435,test,logistic_regression,lr-oulad-c105-s42-v4
Precision-Recall,0.9489942528735632,0.5359026369168357,0.1353173878175347,test,logistic_regression,lr-oulad-c105-s42-v4
Precision-Recall,0.9489942528735632,0.5361201298701299,0.13572536639649158,test,logistic_regression,lr-oulad-c105-s42-v4
Precision-Recall,0.9489942528735632,0.5363377994315875,0.13595837189897012,test,logistic_regression,lr-oulad-c105-s42-v4
Precision-Recall,0.9489942528735632,0.5365556458164095,0.1361089630723279,test,logistic_regression,lr-oulad-c105-s42-v4
Precision-Recall,0.9489942528735632,0.5367736692401462,0.13663119800123494,test,logistic_regression,lr-oulad-c105-s42-v4
Precision-Recall,0.9482758620689655,0.5365853658536586,0.13674274002965228,test,logistic_regression,lr-oulad-c105-s42-v4
Precision-Recall,0.9482758620689655,0.5368035786905246,0.13692800063475677,test,logistic_regression,lr-oulad-c105-s42-v4
Precision-Recall,0.9475574712643678,0.5366151342554922,0.13695965527091924,test,logistic_regression,lr-oulad-c105-s42-v4
Precision-Recall,0.9468390804597702,0.5364265364265364,0.1370131150799456,test,logistic_regression,lr-oulad-c105-s42-v4
Precision-Recall,0.9461206896551724,0.5362377850162866,0.1371172091274127,test,logistic_regression,lr-oulad-c105-s42-v4
Precision-Recall,0.9461206896551724,0.5364562118126273,0.13720598101707254,test,logistic_regression,lr-oulad-c105-s42-v4
Precision-Recall,0.9454022988505747,0.5362673186634067,0.13746693341874155,test,logistic_regression,lr-oulad-c105-s42-v4
Precision-Recall,0.9454022988505747,0.5364859355890746,0.13747018514516765,test,logistic_regression,lr-oulad-c105-s42-v4
Precision-Recall,0.944683908045977,0.5362969004893964,0.13757284902703631,test,logistic_regression,lr-oulad-c105-s42-v4
Precision-Recall,0.9439655172413793,0.5361077111383109,0.13757891973619946,test,logistic_regression,lr-oulad-c105-s42-v4
Precision-Recall,0.9439655172413793,0.5363265306122449,0.13794593243772912,test,logistic_regression,lr-oulad-c105-s42-v4
Precision-Recall,0.9432471264367817,0.5361371988566762,0.13808424511683456,test,logistic_regression,lr-oulad-c105-s42-v4
Precision-Recall,0.9432471264367817,0.5363562091503268,0.13811941060337085,test,logistic_regression,lr-oulad-c105-s42-v4
Precision-Recall,0.9432471264367817,0.536575398447078,0.13812016966479843,test,logistic_regression,lr-oulad-c105-s42-v4
Precision-Recall,0.9432471264367817,0.5367947669664759,0.13814093271381042,test,logistic_regression,lr-oulad-c105-s42-v4
Precision-Recall,0.9432471264367817,0.5370143149284253,0.1383140004678468,test,logistic_regression,lr-oulad-c105-s42-v4
Precision-Recall,0.9432471264367817,0.5372340425531915,0.13834095503415203,test,logistic_regression,lr-oulad-c105-s42-v4
Precision-Recall,0.9425287356321839,0.5370446172738437,0.13836411535213242,test,logistic_regression,lr-oulad-c105-s42-v4
Precision-Recall,0.9425287356321839,0.5372645372645373,0.13838388122625078,test,logistic_regression,lr-oulad-c105-s42-v4
Precision-Recall,0.9425287356321839,0.5374846374436706,0.13860962041879737,test,logistic_regression,lr-oulad-c105-s42-v4
Precision-Recall,0.9425287356321839,0.5377049180327869,0.1386301168561798,test,logistic_regression,lr-oulad-c105-s42-v4
Precision-Recall,0.9425287356321839,0.5379253792537926,0.13908354380330443,test,logistic_regression,lr-oulad-c105-s42-v4
Precision-Recall,0.9425287356321839,0.5381460213289582,0.13915898938463925,test,logistic_regression,lr-oulad-c105-s42-v4
Precision-Recall,0.9418103448275862,0.5379565038982356,0.13921139128658652,test,logistic_regression,lr-oulad-c105-s42-v4
Precision-Recall,0.9410919540229885,0.5377668308702791,0.13925627726046114,test,logistic_regression,lr-oulad-c105-s42-v4
Precision-Recall,0.9410919540229885,0.5379876796714579,0.13933341000234953,test,logistic_regression,lr-oulad-c105-s42-v4
Precision-Recall,0.9410919540229885,0.5382087099424815,0.13947569509020344,test,logistic_regression,lr-oulad-c105-s42-v4
Precision-Recall,0.9410919540229885,0.5384299219071106,0.13959839467199328,test,logistic_regression,lr-oulad-c105-s42-v4
Precision-Recall,0.9410919540229885,0.5386513157894737,0.13976631807646142,test,logistic_regression,lr-oulad-c105-s42-v4
Precision-Recall,0.9410919540229885,0.5388728918140683,0.13989629200621354,test,logistic_regression,lr-oulad-c105-s42-v4
Precision-Recall,0.9410919540229885,0.5390946502057613,0.1399902210772108,test,logistic_regression,lr-oulad-c105-s42-v4
Precision-Recall,0.9403735632183908,0.5389048991354467,0.14019454585096386,test,logistic_regression,lr-oulad-c105-s42-v4
Precision-Recall,0.9403735632183908,0.5391268533772653,0.14030803485472151,test,logistic_regression,lr-oulad-c105-s42-v4
Precision-Recall,0.9403735632183908,0.5393489905232798,0.14049230505813473,test,logistic_regression,lr-oulad-c105-s42-v4
Precision-Recall,0.9403735632183908,0.5395713107996702,0.14062022095607166,test,logistic_regression,lr-oulad-c105-s42-v4
Precision-Recall,0.9403735632183908,0.5397938144329897,0.14080950469713613,test,logistic_regression,lr-oulad-c105-s42-v4
Precision-Recall,0.9403735632183908,0.540016501650165,0.1408358170826073,test,logistic_regression,lr-oulad-c105-s42-v4
Precision-Recall,0.9403735632183908,0.5402393726784978,0.14086598973352454,test,logistic_regression,lr-oulad-c105-s42-v4
Precision-Recall,0.9403735632183908,0.5404624277456648,0.14109337409341763,test,logistic_regression,lr-oulad-c105-s42-v4
Precision-Recall,0.9403735632183908,0.5406856670797191,0.14134772862793124,test,logistic_regression,lr-oulad-c105-s42-v4
Precision-Recall,0.9403735632183908,0.5409090909090909,0.14137743524079927,test,logistic_regression,lr-oulad-c105-s42-v4
Precision-Recall,0.9403735632183908,0.5411326994625878,0.14138814725243043,test,logistic_regression,lr-oulad-c105-s42-v4
Precision-Recall,0.9403735632183908,0.5413564929693961,0.1416947038159404,test,logistic_regression,lr-oulad-c105-s42-v4
Precision-Recall,0.9403735632183908,0.5415804716590815,0.14169994899194358,test,logistic_regression,lr-oulad-c105-s42-v4
Precision-Recall,0.9403735632183908,0.5418046357615894,0.14176342634947567,test,logistic_regression,lr-oulad-c105-s42-v4
Precision-Recall,0.9403735632183908,0.5420289855072464,0.14177032460078234,test,logistic_regression,lr-oulad-c105-s42-v4
Precision-Recall,0.9403735632183908,0.5422535211267606,0.14196453431974326,test,logistic_regression,lr-oulad-c105-s42-v4
Precision-Recall,0.9403735632183908,0.5424782428512226,0.1420299489238691,test,logistic_regression,lr-oulad-c105-s42-v4
Precision-Recall,0.9403735632183908,0.5427031509121062,0.1420954780688695,test,logistic_regression,lr-oulad-c105-s42-v4
Precision-Recall,0.9403735632183908,0.5429282455412692,0.14229551109779517,test,logistic_regression,lr-oulad-c105-s42-v4
Precision-Recall,0.9403735632183908,0.5431535269709543,0.14249453239936896,test,logistic_regression,lr-oulad-c105-s42-v4
Precision-Recall,0.9403735632183908,0.54337899543379,0.14261282241775025,test,logistic_regression,lr-oulad-c105-s42-v4
Precision-Recall,0.9403735632183908,0.5436046511627907,0.14279488274832305,test,logistic_regression,lr-oulad-c105-s42-v4
Precision-Recall,0.9403735632183908,0.5438304943913586,0.14307301824977067,test,logistic_regression,lr-oulad-c105-s42-v4
Precision-Recall,0.9403735632183908,0.5440565253532834,0.143073252523528,test,logistic_regression,lr-oulad-c105-s42-v4
Precision-Recall,0.9403735632183908,0.5442827442827443,0.14315803461962257,test,logistic_regression,lr-oulad-c105-s42-v4
Precision-Recall,0.9403735632183908,0.5445091514143094,0.14345304491767216,test,logistic_regression,lr-oulad-c105-s42-v4
Precision-Recall,0.9403735632183908,0.544735746982938,0.1434575594312465,test,logistic_regression,lr-oulad-c105-s42-v4
Precision-Recall,0.9403735632183908,0.54496253122398,0.14369014523528587,test,logistic_regression,lr-oulad-c105-s42-v4
Precision-Recall,0.9403735632183908,0.5451895043731778,0.14381269479938588,test,logistic_regression,lr-oulad-c105-s42-v4
Precision-Recall,0.9403735632183908,0.5454166666666667,0.14394057197227256,test,logistic_regression,lr-oulad-c105-s42-v4
Precision-Recall,0.9396551724137931,0.5452271779908295,0.1441549688421904,test,logistic_regression,lr-oulad-c105-s42-v4
Precision-Recall,0.9396551724137931,0.5454545454545454,0.14426977952529083,test,logistic_regression,lr-oulad-c105-s42-v4
Precision-Recall,0.9396551724137931,0.5456821026282853,0.14440526907935078,test,logistic_regression,lr-oulad-c105-s42-v4
Precision-Recall,0.9396551724137931,0.5459098497495827,0.14442614103439647,test,logistic_regression,lr-oulad-c105-s42-v4
Precision-Recall,0.9396551724137931,0.5461377870563674,0.14457143981115889,test,logistic_regression,lr-oulad-c105-s42-v4
Precision-Recall,0.9396551724137931,0.5463659147869674,0.14463797837505904,test,logistic_regression,lr-oulad-c105-s42-v4
Precision-Recall,0.9396551724137931,0.5465942331801087,0.14464192056778552,test,logistic_regression,lr-oulad-c105-s42-v4
Precision-Recall,0.9389367816091954,0.5464046822742475,0.1446749311257028,test,logistic_regression,lr-oulad-c105-s42-v4
Precision-Recall,0.9389367816091954,0.5466332078628189,0.14479371594399795,test,logistic_regression,lr-oulad-c105-s42-v4
Precision-Recall,0.9389367816091954,0.5468619246861924,0.14482117933969957,test,logistic_regression,lr-oulad-c105-s42-v4
Precision-Recall,0.9389367816091954,0.5470908329845123,0.14502929577860924,test,logistic_regression,lr-oulad-c105-s42-v4
Precision-Recall,0.9382183908045977,0.5469011725293133,0.14503092737299178,test,logistic_regression,lr-oulad-c105-s42-v4
Precision-Recall,0.9382183908045977,0.547130289065773,0.14509527538797556,test,logistic_regression,lr-oulad-c105-s42-v4
Precision-Recall,0.9382183908045977,0.5473595976529757,0.14511511489039214,test,logistic_regression,lr-oulad-c105-s42-v4
Precision-Recall,0.9382183908045977,0.5475890985324947,0.145291601983692,test,logistic_regression,lr-oulad-c105-s42-v4
Precision-Recall,0.9382183908045977,0.5478187919463087,0.1454694724463618,test,logistic_regression,lr-oulad-c105-s42-v4
Precision-Recall,0.9382183908045977,0.5480486781368024,0.14548628434812005,test,logistic_regression,lr-oulad-c105-s42-v4
Precision-Recall,0.9382183908045977,0.5482787573467675,0.14565724729634533,test,logistic_regression,lr-oulad-c105-s42-v4
Precision-Recall,0.9382183908045977,0.5485090298194036,0.14566615649436623,test,logistic_regression,lr-oulad-c105-s42-v4
Precision-Recall,0.9382183908045977,0.5487394957983194,0.14594826036741398,test,logistic_regression,lr-oulad-c105-s42-v4
Precision-Recall,0.9382183908045977,0.5489701555275326,0.14608051193402244,test,logistic_regression,lr-oulad-c105-s42-v4
Precision-Recall,0.9375,0.5487804878048781,0.14611344375623583,test,logistic_regression,lr-oulad-c105-s42-v4
Precision-Recall,0.9375,0.5490113588557005,0.14614017361582066,test,logistic_regression,lr-oulad-c105-s42-v4
Precision-Recall,0.9375,0.5492424242424242,0.14618780521410868,test,logistic_regression,lr-oulad-c105-s42-v4
Precision-Recall,0.9367816091954023,0.5490526315789473,0.14625275859838305,test,logistic_regression,lr-oulad-c105-s42-v4
Precision-Recall,0.9367816091954023,0.5492839090143218,0.1466714555598491,test,logistic_regression,lr-oulad-c105-s42-v4
Precision-Recall,0.9367816091954023,0.5495153813737884,0.14683377234026923,test,logistic_regression,lr-oulad-c105-s42-v4
Precision-Recall,0.9367816091954023,0.5497470489038786,0.1468519831629365,test,logistic_regression,lr-oulad-c105-s42-v4
Precision-Recall,0.9367816091954023,0.5499789118515395,0.14696698873878736,test,logistic_regression,lr-oulad-c105-s42-v4
Precision-Recall,0.9360632183908046,0.549789029535865,0.1472353553999914,test,logistic_regression,lr-oulad-c105-s42-v4
Precision-Recall,0.9360632183908046,0.5500211059518785,0.1472450938164979,test,logistic_regression,lr-oulad-c105-s42-v4
Precision-Recall,0.9360632183908046,0.5502533783783784,0.14728271310477614,test,logistic_regression,lr-oulad-c105-s42-v4
Precision-Recall,0.9360632183908046,0.5504858470637939,0.1473549516797132,test,logistic_regression,lr-oulad-c105-s42-v4
Precision-Recall,0.9360632183908046,0.5507185122569738,0.1474098308527505,test,logistic_regression,lr-oulad-c105-s42-v4
Precision-Recall,0.9360632183908046,0.5509513742071882,0.14742580467683905,test,logistic_regression,lr-oulad-c105-s42-v4
Precision-Recall,0.9360632183908046,0.5511844331641286,0.14773941292708842,test,logistic_regression,lr-oulad-c105-s42-v4
Precision-Recall,0.9360632183908046,0.5514176893779095,0.14779285352169427,test,logistic_regression,lr-oulad-c105-s42-v4
Precision-Recall,0.9360632183908046,0.5516511430990686,0.14799739006111204,test,logistic_regression,lr-oulad-c105-s42-v4
Precision-Recall,0.9360632183908046,0.5518847945785684,0.14807775210369525,test,logistic_regression,lr-oulad-c105-s42-v4
Precision-Recall,0.9353448275862069,0.5516949152542373,0.1481988931102823,test,logistic_regression,lr-oulad-c105-s42-v4
Precision-Recall,0.9353448275862069,0.5519287833827893,0.148239357948884,test,logistic_regression,lr-oulad-c105-s42-v4
Precision-Recall,0.9353448275862069,0.5521628498727735,0.1483787533325397,test,logistic_regression,lr-oulad-c105-s42-v4
Precision-Recall,0.9353448275862069,0.5523971149766652,0.14858119386769933,test,logistic_regression,lr-oulad-c105-s42-v4
Precision-Recall,0.9353448275862069,0.5526315789473685,0.14860805517695772,test,logistic_regression,lr-oulad-c105-s42-v4
Precision-Recall,0.9346264367816092,0.5524416135881104,0.14864040055247832,test,logistic_regression,lr-oulad-c105-s42-v4
Precision-Recall,0.9346264367816092,0.5526762956669499,0.14874121627799353,test,logistic_regression,lr-oulad-c105-s42-v4
Precision-Recall,0.9346264367816092,0.5529111772205695,0.14894040534561026,test,logistic_regression,lr-oulad-c105-s42-v4
Precision-Recall,0.9346264367816092,0.5531462585034014,0.14901024180271072,test,logistic_regression,lr-oulad-c105-s42-v4
Precision-Recall,0.9346264367816092,0.5533815397703105,0.1491441009151725,test,logistic_regression,lr-oulad-c105-s42-v4
Precision-Recall,0.9346264367816092,0.5536170212765957,0.14956504834220719,test,logistic_regression,lr-oulad-c105-s42-v4
Precision-Recall,0.9346264367816092,0.5538527032779906,0.15002046308536082,test,logistic_regression,lr-oulad-c105-s42-v4
Precision-Recall,0.9346264367816092,0.5540885860306644,0.1503113114677893,test,logistic_regression,lr-oulad-c105-s42-v4
Precision-Recall,0.9346264367816092,0.5543246697912229,0.15039969700745112,test,logistic_regression,lr-oulad-c105-s42-v4
Precision-Recall,0.9346264367816092,0.5545609548167093,0.15043572334662952,test,logistic_regression,lr-oulad-c105-s42-v4
Precision-Recall,0.9346264367816092,0.5547974413646055,0.15050149997106108,test,logistic_regression,lr-oulad-c105-s42-v4
Precision-Recall,0.9346264367816092,0.5550341296928327,0.15058987481300845,test,logistic_regression,lr-oulad-c105-s42-v4
Precision-Recall,0.9346264367816092,0.5552710200597525,0.1506150425448809,test,logistic_regression,lr-oulad-c105-s42-v4
Precision-Recall,0.9346264367816092,0.5555081127241673,0.15075405778262355,test,logistic_regression,lr-oulad-c105-s42-v4
Precision-Recall,0.9346264367816092,0.5557454079453226,0.15108379133703184,test,logistic_regression,lr-oulad-c105-s42-v4
Precision-Recall,0.9346264367816092,0.555982905982906,0.1511109587533262,test,logistic_regression,lr-oulad-c105-s42-v4
Precision-Recall,0.9346264367816092,0.55622060709705,0.15134667079933456,test,logistic_regression,lr-oulad-c105-s42-v4
Precision-Recall,0.9346264367816092,0.5564585115483319,0.15153217302773533,test,logistic_regression,lr-oulad-c105-s42-v4
Precision-Recall,0.9346264367816092,0.5566966195977749,0.15173758722102176,test,logistic_regression,lr-oulad-c105-s42-v4
Precision-Recall,0.9346264367816092,0.5569349315068494,0.1520854404087586,test,logistic_regression,lr-oulad-c105-s42-v4
Precision-Recall,0.9346264367816092,0.5571734475374732,0.15211251909886844,test,logistic_regression,lr-oulad-c105-s42-v4
Precision-Recall,0.9346264367816092,0.5574121679520138,0.15244852139399617,test,logistic_regression,lr-oulad-c105-s42-v4
Precision-Recall,0.9339080459770115,0.5572224603514788,0.1525005209460477,test,logistic_regression,lr-oulad-c105-s42-v4
Precision-Recall,0.9331896551724138,0.557032590051458,0.1525784682287336,test,logistic_regression,lr-oulad-c105-s42-v4
Precision-Recall,0.9324712643678161,0.5568425568425568,0.15262426665532344,test,logistic_regression,lr-oulad-c105-s42-v4
Precision-Recall,0.9324712643678161,0.5570815450643777,0.15276495352163563,test,logistic_regression,lr-oulad-c105-s42-v4
Precision-Recall,0.9324712643678161,0.5573207385143839,0.15290903225785552,test,logistic_regression,lr-oulad-c105-s42-v4
Precision-Recall,0.9324712643678161,0.5575601374570447,0.15310179424968662,test,logistic_regression,lr-oulad-c105-s42-v4
Precision-Recall,0.9324712643678161,0.557799742157284,0.15322309733009756,test,logistic_regression,lr-oulad-c105-s42-v4
Precision-Recall,0.9324712643678161,0.5580395528804815,0.15324423807303503,test,logistic_regression,lr-oulad-c105-s42-v4
Precision-Recall,0.9324712643678161,0.5582795698924731,0.15333815356303593,test,logistic_regression,lr-oulad-c105-s42-v4
Precision-Recall,0.9324712643678161,0.5585197934595525,0.15344110388759272,test,logistic_regression,lr-oulad-c105-s42-v4
Precision-Recall,0.9324712643678161,0.5587602238484718,0.15344713531112666,test,logistic_regression,lr-oulad-c105-s42-v4
Precision-Recall,0.9317528735632183,0.5585701981050818,0.15345521512808874,test,logistic_regression,lr-oulad-c105-s42-v4
Precision-Recall,0.9317528735632183,0.5588108573890564,0.15360673230707228,test,logistic_regression,lr-oulad-c105-s42-v4
Precision-Recall,0.9317528735632183,0.559051724137931,0.15371843917045622,test,logistic_regression,lr-oulad-c105-s42-v4
Precision-Recall,0.9317528735632183,0.5592927986200948,0.15402557241552867,test,logistic_regression,lr-oulad-c105-s42-v4
Precision-Recall,0.9310344827586207,0.5591026747195859,0.1541707123174874,test,logistic_regression,lr-oulad-c105-s42-v4
Precision-Recall,0.9310344827586207,0.5593439792835563,0.15425939167897032,test,logistic_regression,lr-oulad-c105-s42-v4
Precision-Recall,0.9310344827586207,0.5595854922279793,0.15431533964477573,test,logistic_regression,lr-oulad-c105-s42-v4
Precision-Recall,0.9310344827586207,0.5598272138228941,0.15434025619672695,test,logistic_regression,lr-oulad-c105-s42-v4
Precision-Recall,0.9310344827586207,0.5600691443388073,0.15440423644456747,test,logistic_regression,lr-oulad-c105-s42-v4
Precision-Recall,0.9310344827586207,0.5603112840466926,0.15479589578319394,test,logistic_regression,lr-oulad-c105-s42-v4
Precision-Recall,0.9310344827586207,0.5605536332179931,0.15499869961834456,test,logistic_regression,lr-oulad-c105-s42-v4
Precision-Recall,0.9310344827586207,0.5607961921246214,0.1550452862324282,test,logistic_regression,lr-oulad-c105-s42-v4
Precision-Recall,0.9310344827586207,0.561038961038961,0.15524375222266054,test,logistic_regression,lr-oulad-c105-s42-v4
Precision-Recall,0.9310344827586207,0.5612819402338675,0.15623547862581708,test,logistic_regression,lr-oulad-c105-s42-v4
Precision-Recall,0.9310344827586207,0.561525129982669,0.15681262304851074,test,logistic_regression,lr-oulad-c105-s42-v4
Precision-Recall,0.930316091954023,0.5613350671868227,0.15684433841791423,test,logistic_regression,lr-oulad-c105-s42-v4
Precision-Recall,0.9295977011494253,0.5611448395490026,0.15690760757661312,test,logistic_regression,lr-oulad-c105-s42-v4
Precision-Recall,0.9295977011494253,0.5613882863340564,0.15707504146053658,test,logistic_regression,lr-oulad-c105-s42-v4
Precision-Recall,0.9295977011494253,0.5616319444444444,0.15715845777213314,test,logistic_regression,lr-oulad-c105-s42-v4
Precision-Recall,0.9295977011494253,0.5618758141554494,0.15730475677630845,test,logistic_regression,lr-oulad-c105-s42-v4
Precision-Recall,0.9295977011494253,0.5621198957428323,0.15736986061999506,test,logistic_regression,lr-oulad-c105-s42-v4
Precision-Recall,0.9295977011494253,0.5623641894828335,0.15750835551802608,test,logistic_regression,lr-oulad-c105-s42-v4
Precision-Recall,0.9295977011494253,0.5626086956521739,0.15761687232714905,test,logistic_regression,lr-oulad-c105-s42-v4
Precision-Recall,0.9288793103448276,0.5624184428012179,0.1578542500549008,test,logistic_regression,lr-oulad-c105-s42-v4
Precision-Recall,0.9288793103448276,0.5626631853785901,0.1580727525995253,test,logistic_regression,lr-oulad-c105-s42-v4
Precision-Recall,0.9288793103448276,0.5629081410535481,0.15814348358100247,test,logistic_regression,lr-oulad-c105-s42-v4
Precision-Recall,0.9288793103448276,0.5631533101045296,0.15831067738436166,test,logistic_regression,lr-oulad-c105-s42-v4
Precision-Recall,0.9288793103448276,0.5633986928104575,0.15874296769612944,test,logistic_regression,lr-oulad-c105-s42-v4
Precision-Recall,0.9288793103448276,0.5636442894507411,0.15884012149308943,test,logistic_regression,lr-oulad-c105-s42-v4
Precision-Recall,0.9288793103448276,0.563890100305277,0.15898818645403395,test,logistic_regression,lr-oulad-c105-s42-v4
Precision-Recall,0.9288793103448276,0.5641361256544503,0.1594062806942005,test,logistic_regression,lr-oulad-c105-s42-v4
Precision-Recall,0.9288793103448276,0.5643823657791357,0.15952330846149562,test,logistic_regression,lr-oulad-c105-s42-v4
Precision-Recall,0.9288793103448276,0.5646288209606987,0.15979420103511105,test,logistic_regression,lr-oulad-c105-s42-v4
Precision-Recall,0.9281609195402298,0.564438619484491,0.15981234248729898,test,logistic_regression,lr-oulad-c105-s42-v4
Precision-Recall,0.9281609195402298,0.5646853146853147,0.15981866516822746,test,logistic_regression,lr-oulad-c105-s42-v4
Precision-Recall,0.9281609195402298,0.564932225623087,0.15983910288620543,test,logistic_regression,lr-oulad-c105-s42-v4
Precision-Recall,0.9281609195402298,0.5651793525809273,0.1598678808329776,test,logistic_regression,lr-oulad-c105-s42-v4
Precision-Recall,0.9281609195402298,0.5654266958424508,0.1598897737177953,test,logistic_regression,lr-oulad-c105-s42-v4
Precision-Recall,0.9281609195402298,0.5656742556917689,0.1606292900860223,test,logistic_regression,lr-oulad-c105-s42-v4
Precision-Recall,0.9281609195402298,0.565922032413491,0.16068854310804925,test,logistic_regression,lr-oulad-c105-s42-v4
Precision-Recall,0.9281609195402298,0.5661700262927257,0.1609171524901219,test,logistic_regression,lr-oulad-c105-s42-v4
Precision-Recall,0.9274425287356322,0.5659798334064007,0.1610036084488769,test,logistic_regression,lr-oulad-c105-s42-v4
Precision-Recall,0.9274425287356322,0.5662280701754386,0.16136654840081732,test,logistic_regression,lr-oulad-c105-s42-v4
Precision-Recall,0.9274425287356322,0.5664765247915753,0.16158234954286754,test,logistic_regression,lr-oulad-c105-s42-v4
Precision-Recall,0.9274425287356322,0.5667251975417033,0.16159865203040827,test,logistic_regression,lr-oulad-c105-s42-v4
Precision-Recall,0.9274425287356322,0.5669740887132192,0.1616566082084541,test,logistic_regression,lr-oulad-c105-s42-v4
Precision-Recall,0.9274425287356322,0.5672231985940246,0.16166266038122265,test,logistic_regression,lr-oulad-c105-s42-v4
Precision-Recall,0.9274425287356322,0.5674725274725275,0.16208159505155004,test,logistic_regression,lr-oulad-c105-s42-v4
Precision-Recall,0.9274425287356322,0.5677220756376429,0.16213097465884851,test,logistic_regression,lr-oulad-c105-s42-v4
Precision-Recall,0.9267241379310345,0.5675318961724594,0.16247383248262798,test,logistic_regression,lr-oulad-c105-s42-v4
Precision-Recall,0.9267241379310345,0.5677816901408451,0.16269579415912333,test,logistic_regression,lr-oulad-c105-s42-v4
Precision-Recall,0.9267241379310345,0.5680317040951123,0.16270653817184907,test,logistic_regression,lr-oulad-c105-s42-v4
Precision-Recall,0.9267241379310345,0.5682819383259912,0.16299736244358753,test,logistic_regression,lr-oulad-c105-s42-v4
Precision-Recall,0.9260057471264368,0.5680916703393566,0.16300985359569828,test,logistic_regression,lr-oulad-c105-s42-v4
Precision-Recall,0.9260057471264368,0.568342151675485,0.16316354045918666,test,logistic_regression,lr-oulad-c105-s42-v4
Precision-Recall,0.9260057471264368,0.5685928539920599,0.1632436630489801,test,logistic_regression,lr-oulad-c105-s42-v4
Precision-Recall,0.9260057471264368,0.5688437775816416,0.16380949874381928,test,logistic_regression,lr-oulad-c105-s42-v4
Precision-Recall,0.9252873563218391,0.568653421633554,0.163811132107077,test,logistic_regression,lr-oulad-c105-s42-v4
Precision-Recall,0.9252873563218391,0.568904593639576,0.16422635459022478,test,logistic_regression,lr-oulad-c105-s42-v4
Precision-Recall,0.9252873563218391,0.5691559876270438,0.16431959372921287,test,logistic_regression,lr-oulad-c105-s42-v4
Precision-Recall,0.9252873563218391,0.5694076038903625,0.16444616331291698,test,logistic_regression,lr-oulad-c105-s42-v4
Precision-Recall,0.9252873563218391,0.5696594427244582,0.16450998637175943,test,logistic_regression,lr-oulad-c105-s42-v4
Precision-Recall,0.9252873563218391,0.5699115044247788,0.1647084744577374,test,logistic_regression,lr-oulad-c105-s42-v4
Precision-Recall,0.9252873563218391,0.5701637892872953,0.1648407699922654,test,logistic_regression,lr-oulad-c105-s42-v4
Precision-Recall,0.9252873563218391,0.5704162976085031,0.164872888788999,test,logistic_regression,lr-oulad-c105-s42-v4
Precision-Recall,0.9245689655172413,0.5702259636685866,0.1648832793022234,test,logistic_regression,lr-oulad-c105-s42-v4
Precision-Recall,0.9238505747126436,0.5700354609929078,0.16524252601403544,test,logistic_regression,lr-oulad-c105-s42-v4
Precision-Recall,0.923132183908046,0.5698447893569845,0.1653270430385282,test,logistic_regression,lr-oulad-c105-s42-v4
Precision-Recall,0.923132183908046,0.570097604259095,0.16559279340994995,test,logistic_regression,lr-oulad-c105-s42-v4
Precision-Recall,0.923132183908046,0.5703506435863294,0.1657420370288405,test,logistic_regression,lr-oulad-c105-s42-v4
Precision-Recall,0.923132183908046,0.5706039076376554,0.16577424639521215,test,logistic_regression,lr-oulad-c105-s42-v4
Precision-Recall,0.923132183908046,0.5708573967125722,0.165932697761043,test,logistic_regression,lr-oulad-c105-s42-v4
Precision-Recall,0.923132183908046,0.5711111111111111,0.16602506579604953,test,logistic_regression,lr-oulad-c105-s42-v4
Precision-Recall,0.923132183908046,0.5713650511338373,0.16607298464015197,test,logistic_regression,lr-oulad-c105-s42-v4
Precision-Recall,0.923132183908046,0.5716192170818505,0.16621150248301525,test,logistic_regression,lr-oulad-c105-s42-v4
Precision-Recall,0.923132183908046,0.5718736092567869,0.16624616280602816,test,logistic_regression,lr-oulad-c105-s42-v4
Precision-Recall,0.923132183908046,0.5721282279608192,0.1667180346971047,test,logistic_regression,lr-oulad-c105-s42-v4
Precision-Recall,0.9224137931034483,0.5719376391982183,0.16700473167237573,test,logistic_regression,lr-oulad-c105-s42-v4
Precision-Recall,0.9224137931034483,0.5721925133689839,0.1670224687426449,test,logistic_regression,lr-oulad-c105-s42-v4
Precision-Recall,0.9224137931034483,0.572447614801605,0.1671582836118067,test,logistic_regression,lr-oulad-c105-s42-v4
Precision-Recall,0.9216954022988506,0.572256913470116,0.16764332630977377,test,logistic_regression,lr-oulad-c105-s42-v4
Precision-Recall,0.9209770114942529,0.57206604194556,0.1679335371598641,test,logistic_regression,lr-oulad-c105-s42-v4
Precision-Recall,0.9209770114942529,0.5723214285714285,0.1680080818019647,test,logistic_regression,lr-oulad-c105-s42-v4
Precision-Recall,0.9209770114942529,0.572577043322912,0.1684167686608772,test,logistic_regression,lr-oulad-c105-s42-v4
Precision-Recall,0.9202586206896551,0.5723860589812333,0.16866852215347264,test,logistic_regression,lr-oulad-c105-s42-v4
Precision-Recall,0.9195402298850575,0.5721949038891372,0.16878188317986909,test,logistic_regression,lr-oulad-c105-s42-v4
Precision-Recall,0.9195402298850575,0.5724508050089445,0.1688448106655771,test,logistic_regression,lr-oulad-c105-s42-v4
Precision-Recall,0.9195402298850575,0.5727069351230425,0.16893566410702546,test,logistic_regression,lr-oulad-c105-s42-v4
Precision-Recall,0.9195402298850575,0.5729632945389436,0.1691743707177948,test,logistic_regression,lr-oulad-c105-s42-v4
Precision-Recall,0.9195402298850575,0.5732198835647111,0.16920610644348047,test,logistic_regression,lr-oulad-c105-s42-v4
Precision-Recall,0.9195402298850575,0.5734767025089605,0.16921337586972968,test,logistic_regression,lr-oulad-c105-s42-v4
Precision-Recall,0.9195402298850575,0.5737337516808606,0.16936333477298918,test,logistic_regression,lr-oulad-c105-s42-v4
Precision-Recall,0.9195402298850575,0.5739910313901345,0.1693768226661501,test,logistic_regression,lr-oulad-c105-s42-v4
Precision-Recall,0.9195402298850575,0.5742485419470614,0.16952850365019015,test,logistic_regression,lr-oulad-c105-s42-v4
Precision-Recall,0.9195402298850575,0.5745062836624776,0.16967538033184307,test,logistic_regression,lr-oulad-c105-s42-v4
Precision-Recall,0.9195402298850575,0.5747642568477773,0.16982849132851047,test,logistic_regression,lr-oulad-c105-s42-v4
Precision-Recall,0.9188218390804598,0.5745732255166217,0.17010835230406546,test,logistic_regression,lr-oulad-c105-s42-v4
Precision-Recall,0.9188218390804598,0.5748314606741574,0.17018363298655917,test,logistic_regression,lr-oulad-c105-s42-v4
Precision-Recall,0.9188218390804598,0.575089928057554,0.17025169621541564,test,logistic_regression,lr-oulad-c105-s42-v4
Precision-Recall,0.9181034482758621,0.5748987854251012,0.17050563079250938,test,logistic_regression,lr-oulad-c105-s42-v4
Precision-Recall,0.9181034482758621,0.5751575157515751,0.17066138302551417,test,logistic_regression,lr-oulad-c105-s42-v4
Precision-Recall,0.9181034482758621,0.5754164790634849,0.17066830429601548,test,logistic_regression,lr-oulad-c105-s42-v4
Precision-Recall,0.9181034482758621,0.5756756756756757,0.17068251334532494,test,logistic_regression,lr-oulad-c105-s42-v4
Precision-Recall,0.9181034482758621,0.5759351059035601,0.1713787602112292,test,logistic_regression,lr-oulad-c105-s42-v4
Precision-Recall,0.9181034482758621,0.5761947700631199,0.17139117638926002,test,logistic_regression,lr-oulad-c105-s42-v4
Precision-Recall,0.9173850574712644,0.5760036084799278,0.17148765294915252,test,logistic_regression,lr-oulad-c105-s42-v4
Precision-Recall,0.9173850574712644,0.5762635379061372,0.17155442738636223,test,logistic_regression,lr-oulad-c105-s42-v4
Precision-Recall,0.9173850574712644,0.5765237020316027,0.17161218588251725,test,logistic_regression,lr-oulad-c105-s42-v4
Precision-Recall,0.9173850574712644,0.5767841011743451,0.17165105258546043,test,logistic_regression,lr-oulad-c105-s42-v4
Precision-Recall,0.9173850574712644,0.5770447356529598,0.1716985626085344,test,logistic_regression,lr-oulad-c105-s42-v4
Precision-Recall,0.9166666666666666,0.5768535262206148,0.17198214297597395,test,logistic_regression,lr-oulad-c105-s42-v4
Precision-Recall,0.915948275862069,0.576662143826323,0.1726724230421464,test,logistic_regression,lr-oulad-c105-s42-v4
Precision-Recall,0.915948275862069,0.5769230769230769,0.17274366095780286,test,logistic_regression,lr-oulad-c105-s42-v4
Precision-Recall,0.915948275862069,0.5771842462652784,0.173132172529226,test,logistic_regression,lr-oulad-c105-s42-v4
Precision-Recall,0.915948275862069,0.5774456521739131,0.17318877236646663,test,logistic_regression,lr-oulad-c105-s42-v4
Precision-Recall,0.915948275862069,0.5777072949705483,0.1735542896736273,test,logistic_regression,lr-oulad-c105-s42-v4
Precision-Recall,0.915948275862069,0.5779691749773346,0.1737454845762939,test,logistic_regression,lr-oulad-c105-s42-v4
Precision-Recall,0.915948275862069,0.5782312925170068,0.17402517878285356,test,logistic_regression,lr-oulad-c105-s42-v4
Precision-Recall,0.915948275862069,0.5784936479128857,0.1741604537953779,test,logistic_regression,lr-oulad-c105-s42-v4
Precision-Recall,0.915948275862069,0.5787562414888788,0.17416066449283835,test,logistic_regression,lr-oulad-c105-s42-v4
Precision-Recall,0.915948275862069,0.5790190735694822,0.1743282581577189,test,logistic_regression,lr-oulad-c105-s42-v4
Precision-Recall,0.915948275862069,0.5792821444797819,0.1744756007534088,test,logistic_regression,lr-oulad-c105-s42-v4
Precision-Recall,0.915948275862069,0.5795454545454546,0.1745108950219185,test,logistic_regression,lr-oulad-c105-s42-v4
Precision-Recall,0.915948275862069,0.5798090040927695,0.17453139254874322,test,logistic_regression,lr-oulad-c105-s42-v4
Precision-Recall,0.915948275862069,0.5800727934485896,0.1746902190868413,test,logistic_regression,lr-oulad-c105-s42-v4
Precision-Recall,0.915948275862069,0.5803368229403733,0.17472811561575502,test,logistic_regression,lr-oulad-c105-s42-v4
Precision-Recall,0.915948275862069,0.5806010928961749,0.17474662594365292,test,logistic_regression,lr-oulad-c105-s42-v4
Precision-Recall,0.9152298850574713,0.5804100227790433,0.1747905396938544,test,logistic_regression,lr-oulad-c105-s42-v4
Precision-Recall,0.9152298850574713,0.5806745670009116,0.17485264655868732,test,logistic_regression,lr-oulad-c105-s42-v4
Precision-Recall,0.9152298850574713,0.5809393524851801,0.17498130416587968,test,logistic_regression,lr-oulad-c105-s42-v4
Precision-Recall,0.9152298850574713,0.5812043795620438,0.17501021497064775,test,logistic_regression,lr-oulad-c105-s42-v4
Precision-Recall,0.9152298850574713,0.5814696485623003,0.1757038411452337,test,logistic_regression,lr-oulad-c105-s42-v4
Precision-Recall,0.9152298850574713,0.5817351598173516,0.17591185562126269,test,logistic_regression,lr-oulad-c105-s42-v4
Precision-Recall,0.9152298850574713,0.5820009136592051,0.17591864708435656,test,logistic_regression,lr-oulad-c105-s42-v4
Precision-Recall,0.9152298850574713,0.5822669104204753,0.1760093939081452,test,logistic_regression,lr-oulad-c105-s42-v4
Precision-Recall,0.9152298850574713,0.582533150434385,0.17601471463364102,test,logistic_regression,lr-oulad-c105-s42-v4
Precision-Recall,0.9152298850574713,0.5827996340347666,0.17604185177850612,test,logistic_regression,lr-oulad-c105-s42-v4
Precision-Recall,0.9152298850574713,0.5830663615560641,0.1760770683258523,test,logistic_regression,lr-oulad-c105-s42-v4
Precision-Recall,0.9152298850574713,0.5833333333333334,0.1762174517846337,test,logistic_regression,lr-oulad-c105-s42-v4
Precision-Recall,0.9152298850574713,0.5836005497022446,0.17637630657919584,test,logistic_regression,lr-oulad-c105-s42-v4
Precision-Recall,0.9152298850574713,0.5838680109990834,0.17702518478335194,test,logistic_regression,lr-oulad-c105-s42-v4
Precision-Recall,0.9145114942528736,0.5836772122879413,0.1772641756037358,test,logistic_regression,lr-oulad-c105-s42-v4
Precision-Recall,0.9137931034482759,0.5834862385321101,0.17728453460291527,test,logistic_regression,lr-oulad-c105-s42-v4
Precision-Recall,0.9137931034482759,0.5837540156034878,0.1773607493791806,test,logistic_regression,lr-oulad-c105-s42-v4
Precision-Recall,0.9137931034482759,0.5840220385674931,0.17753314222133268,test,logistic_regression,lr-oulad-c105-s42-v4
Precision-Recall,0.9137931034482759,0.5842903077629765,0.1775969483725676,test,logistic_regression,lr-oulad-c105-s42-v4
Precision-Recall,0.9137931034482759,0.5845588235294118,0.1776638391211519,test,logistic_regression,lr-oulad-c105-s42-v4
Precision-Recall,0.9137931034482759,0.5848275862068966,0.17770447259402444,test,logistic_regression,lr-oulad-c105-s42-v4
Precision-Recall,0.9137931034482759,0.5850965961361545,0.17833066535396383,test,logistic_regression,lr-oulad-c105-s42-v4
Precision-Recall,0.9137931034482759,0.5853658536585366,0.17840117459302451,test,logistic_regression,lr-oulad-c105-s42-v4
Precision-Recall,0.9130747126436781,0.5851749539594844,0.17860770510907406,test,logistic_regression,lr-oulad-c105-s42-v4
Precision-Recall,0.9130747126436781,0.5854444956241364,0.17863020021394652,test,logistic_regression,lr-oulad-c105-s42-v4
Precision-Recall,0.9130747126436781,0.5857142857142857,0.17871092372043296,test,logistic_regression,lr-oulad-c105-s42-v4
Precision-Recall,0.9130747126436781,0.5859843245735362,0.17885805014547734,test,logistic_regression,lr-oulad-c105-s42-v4
Precision-Recall,0.9130747126436781,0.5862546125461254,0.17892270563324736,test,logistic_regression,lr-oulad-c105-s42-v4
Precision-Recall,0.9130747126436781,0.5865251499769266,0.1790010531736987,test,logistic_regression,lr-oulad-c105-s42-v4
Precision-Recall,0.9123563218390804,0.5863342566943675,0.17975231853643248,test,logistic_regression,lr-oulad-c105-s42-v4
Precision-Recall,0.9123563218390804,0.5866050808314087,0.1797791682487504,test,logistic_regression,lr-oulad-c105-s42-v4
Precision-Recall,0.9123563218390804,0.5868761552680222,0.17995743359273955,test,logistic_regression,lr-oulad-c105-s42-v4
Precision-Recall,0.9123563218390804,0.5871474803513639,0.18002318549760873,test,logistic_regression,lr-oulad-c105-s42-v4
Precision-Recall,0.9123563218390804,0.5874190564292322,0.18019608793678515,test,logistic_regression,lr-oulad-c105-s42-v4
Precision-Recall,0.9123563218390804,0.5876908838500694,0.18068857645376638,test,logistic_regression,lr-oulad-c105-s42-v4
Precision-Recall,0.9123563218390804,0.5879629629629629,0.1807004247649219,test,logistic_regression,lr-oulad-c105-s42-v4
Precision-Recall,0.9123563218390804,0.5882352941176471,0.18080939797106968,test,logistic_regression,lr-oulad-c105-s42-v4
Precision-Recall,0.9123563218390804,0.5885078776645042,0.18112480993538857,test,logistic_regression,lr-oulad-c105-s42-v4
Precision-Recall,0.9123563218390804,0.5887807139545665,0.1811631643427689,test,logistic_regression,lr-oulad-c105-s42-v4
Precision-Recall,0.9123563218390804,0.5890538033395176,0.18142162060019662,test,logistic_regression,lr-oulad-c105-s42-v4
Precision-Recall,0.9123563218390804,0.5893271461716937,0.18160338720891067,test,logistic_regression,lr-oulad-c105-s42-v4
Precision-Recall,0.9123563218390804,0.5896007428040855,0.181713055477055,test,logistic_regression,lr-oulad-c105-s42-v4
Precision-Recall,0.9123563218390804,0.5898745935903391,0.18187380087400834,test,logistic_regression,lr-oulad-c105-s42-v4
Precision-Recall,0.9116379310344828,0.5896840148698885,0.1821383199241971,test,logistic_regression,lr-oulad-c105-s42-v4
Precision-Recall,0.9116379310344828,0.5899581589958159,0.18221124511222817,test,logistic_regression,lr-oulad-c105-s42-v4
Precision-Recall,0.9109195402298851,0.5897674418604651,0.18251807474090703,test,logistic_regression,lr-oulad-c105-s42-v4
Precision-Recall,0.9109195402298851,0.59004187994416,0.18273186381752343,test,logistic_regression,lr-oulad-c105-s42-v4
Precision-Recall,0.9109195402298851,0.590316573556797,0.18277261007878515,test,logistic_regression,lr-oulad-c105-s42-v4
Precision-Recall,0.9109195402298851,0.5905915230554262,0.1828222492667829,test,logistic_regression,lr-oulad-c105-s42-v4
Precision-Recall,0.9109195402298851,0.5908667287977633,0.1828302537588412,test,logistic_regression,lr-oulad-c105-s42-v4
Precision-Recall,0.9109195402298851,0.5911421911421911,0.1829340083729933,test,logistic_regression,lr-oulad-c105-s42-v4
Precision-Recall,0.9109195402298851,0.5914179104477612,0.1833159899178843,test,logistic_regression,lr-oulad-c105-s42-v4
Precision-Recall,0.9109195402298851,0.591693887074195,0.1835950902317234,test,logistic_regression,lr-oulad-c105-s42-v4
Precision-Recall,0.9109195402298851,0.5919701213818861,0.18360458683684097,test,logistic_regression,lr-oulad-c105-s42-v4
Precision-Recall,0.9109195402298851,0.592246613731901,0.1836900970146003,test,logistic_regression,lr-oulad-c105-s42-v4
Precision-Recall,0.9109195402298851,0.5925233644859813,0.18370613540341132,test,logistic_regression,lr-oulad-c105-s42-v4
Precision-Recall,0.9109195402298851,0.5928003740065451,0.18377314191236235,test,logistic_regression,lr-oulad-c105-s42-v4
Precision-Recall,0.9109195402298851,0.5930776426566885,0.18395892967370822,test,logistic_regression,lr-oulad-c105-s42-v4
Precision-Recall,0.9109195402298851,0.5933551708001872,0.1841678863688914,test,logistic_regression,lr-oulad-c105-s42-v4
Precision-Recall,0.9109195402298851,0.5936329588014981,0.1843420478361261,test,logistic_regression,lr-oulad-c105-s42-v4
Precision-Recall,0.9102011494252874,0.5934426229508196,0.18434586304515152,test,logistic_regression,lr-oulad-c105-s42-v4
Precision-Recall,0.9094827586206896,0.5932521087160263,0.18437271624666218,test,logistic_regression,lr-oulad-c105-s42-v4
Precision-Recall,0.9094827586206896,0.5935302390998594,0.1845539357825267,test,logistic_regression,lr-oulad-c105-s42-v4
Precision-Recall,0.9087643678160919,0.5933395872420263,0.18458248250240017,test,logistic_regression,lr-oulad-c105-s42-v4
Precision-Recall,0.9080459770114943,0.5931487564523698,0.18481904831443718,test,logistic_regression,lr-oulad-c105-s42-v4
Precision-Recall,0.9080459770114943,0.5934272300469483,0.1848751615211486,test,logistic_regression,lr-oulad-c105-s42-v4
Precision-Recall,0.9080459770114943,0.5937059652418976,0.18504704037891007,test,logistic_regression,lr-oulad-c105-s42-v4
Precision-Recall,0.9080459770114943,0.5939849624060151,0.18535382302115794,test,logistic_regression,lr-oulad-c105-s42-v4
Precision-Recall,0.9080459770114943,0.5942642219087917,0.18539791096677866,test,logistic_regression,lr-oulad-c105-s42-v4
Precision-Recall,0.9080459770114943,0.5945437441204139,0.18550617917149714,test,logistic_regression,lr-oulad-c105-s42-v4
Precision-Recall,0.9073275862068966,0.5943529411764706,0.18556061335752053,test,logistic_regression,lr-oulad-c105-s42-v4
Precision-Recall,0.9073275862068966,0.594632768361582,0.1858898476444115,test,logistic_regression,lr-oulad-c105-s42-v4
Precision-Recall,0.9073275862068966,0.5949128591615638,0.1859732155438243,test,logistic_regression,lr-oulad-c105-s42-v4
Precision-Recall,0.9073275862068966,0.5951932139491046,0.18608287470208099,test,logistic_regression,lr-oulad-c105-s42-v4
Precision-Recall,0.9066091954022989,0.595002357378595,0.1869944049343874,test,logistic_regression,lr-oulad-c105-s42-v4
Precision-Recall,0.9058908045977011,0.594811320754717,0.18784685405028873,test,logistic_regression,lr-oulad-c105-s42-v4
Precision-Recall,0.9058908045977011,0.5950920245398773,0.1887585511242107,test,logistic_regression,lr-oulad-c105-s42-v4
Precision-Recall,0.9058908045977011,0.5953729933899906,0.18884295071362445,test,logistic_regression,lr-oulad-c105-s42-v4
Precision-Recall,0.9058908045977011,0.5956542276806802,0.18892321926567374,test,logistic_regression,lr-oulad-c105-s42-v4
Precision-Recall,0.9058908045977011,0.5959357277882797,0.18900362036539572,test,logistic_regression,lr-oulad-c105-s42-v4
Precision-Recall,0.9058908045977011,0.5962174940898345,0.18913143555664597,test,logistic_regression,lr-oulad-c105-s42-v4
Precision-Recall,0.9058908045977011,0.5964995269631032,0.189189087325146,test,logistic_regression,lr-oulad-c105-s42-v4
Precision-Recall,0.9058908045977011,0.5967818267865594,0.1892660061090126,test,logistic_regression,lr-oulad-c105-s42-v4
Precision-Recall,0.9058908045977011,0.5970643939393939,0.18965527053503992,test,logistic_regression,lr-oulad-c105-s42-v4
Precision-Recall,0.9058908045977011,0.5973472288015159,0.19030957467426593,test,logistic_regression,lr-oulad-c105-s42-v4
Precision-Recall,0.9058908045977011,0.5976303317535545,0.1903156316669867,test,logistic_regression,lr-oulad-c105-s42-v4
Precision-Recall,0.9058908045977011,0.5979137031768611,0.1903342612053836,test,logistic_regression,lr-oulad-c105-s42-v4
Precision-Recall,0.9058908045977011,0.5981973434535104,0.19077001156798412,test,logistic_regression,lr-oulad-c105-s42-v4
Precision-Recall,0.9051724137931034,0.5980066445182725,0.19084898340587847,test,logistic_regression,lr-oulad-c105-s42-v4
Precision-Recall,0.9051724137931034,0.5982905982905983,0.19104355333070983,test,logistic_regression,lr-oulad-c105-s42-v4
Precision-Recall,0.9051724137931034,0.5985748218527316,0.19106501689882388,test,logistic_regression,lr-oulad-c105-s42-v4
Precision-Recall,0.9051724137931034,0.5988593155893536,0.19108452948915275,test,logistic_regression,lr-oulad-c105-s42-v4
Precision-Recall,0.9044540229885057,0.5986685687113648,0.19116667455222572,test,logistic_regression,lr-oulad-c105-s42-v4
Precision-Recall,0.9044540229885057,0.59895337773549,0.19128757995738746,test,logistic_regression,lr-oulad-c105-s42-v4
Precision-Recall,0.9044540229885057,0.5992384578772013,0.19145780842294471,test,logistic_regression,lr-oulad-c105-s42-v4
Precision-Recall,0.9044540229885057,0.5995238095238096,0.1916961794120079,test,logistic_regression,lr-oulad-c105-s42-v4
Precision-Recall,0.9044540229885057,0.5998094330633635,0.191770974243661,test,logistic_regression,lr-oulad-c105-s42-v4
Precision-Recall,0.9037356321839081,0.5996186844613918,0.19196565531427057,test,logistic_regression,lr-oulad-c105-s42-v4
Precision-Recall,0.9037356321839081,0.5999046256556986,0.19200858311092384,test,logistic_regression,lr-oulad-c105-s42-v4
Precision-Recall,0.9037356321839081,0.6001908396946565,0.19221374255713408,test,logistic_regression,lr-oulad-c105-s42-v4
Precision-Recall,0.9037356321839081,0.6004773269689737,0.19221509234929338,test,logistic_regression,lr-oulad-c105-s42-v4
Precision-Recall,0.9037356321839081,0.600764087870105,0.1922510428003428,test,logistic_regression,lr-oulad-c105-s42-v4
Precision-Recall,0.9037356321839081,0.6010511227902532,0.19226130311526296,test,logistic_regression,lr-oulad-c105-s42-v4
Precision-Recall,0.9030172413793104,0.6008604206500956,0.1932393238754791,test,logistic_regression,lr-oulad-c105-s42-v4
Precision-Recall,0.9030172413793104,0.6011477761836442,0.19350358738627882,test,logistic_regression,lr-oulad-c105-s42-v4
Precision-Recall,0.9030172413793104,0.6014354066985645,0.19366191335678246,test,logistic_regression,lr-oulad-c105-s42-v4
Precision-Recall,0.9030172413793104,0.6017233125897559,0.19425606988053717,test,logistic_regression,lr-oulad-c105-s42-v4
Precision-Recall,0.9030172413793104,0.6020114942528736,0.19426503519022897,test,logistic_regression,lr-oulad-c105-s42-v4
Precision-Recall,0.9030172413793104,0.6022999520843316,0.19445342508213795,test,logistic_regression,lr-oulad-c105-s42-v4
Precision-Recall,0.9022988505747126,0.6021093000958773,0.19446224736844409,test,logistic_regression,lr-oulad-c105-s42-v4
Precision-Recall,0.9022988505747126,0.6023980815347721,0.19474417905845542,test,logistic_regression,lr-oulad-c105-s42-v4
Precision-Recall,0.9022988505747126,0.6026871401151631,0.19502829236148173,test,logistic_regression,lr-oulad-c105-s42-v4
Precision-Recall,0.9022988505747126,0.6029764762361978,0.1951000582534305,test,logistic_regression,lr-oulad-c105-s42-v4
Precision-Recall,0.9022988505747126,0.6032660902977905,0.19512308587372368,test,logistic_regression,lr-oulad-c105-s42-v4
Precision-Recall,0.9015804597701149,0.6030754444978376,0.1953640174237512,test,logistic_regression,lr-oulad-c105-s42-v4
Precision-Recall,0.9015804597701149,0.6033653846153846,0.19593661981635338,test,logistic_regression,lr-oulad-c105-s42-v4
Precision-Recall,0.9015804597701149,0.6036556036556037,0.19594138801550273,test,logistic_regression,lr-oulad-c105-s42-v4
Precision-Recall,0.9015804597701149,0.6039461020211742,0.19600900671166627,test,logistic_regression,lr-oulad-c105-s42-v4
Precision-Recall,0.9015804597701149,0.6042368801155513,0.196143874740135,test,logistic_regression,lr-oulad-c105-s42-v4
Precision-Recall,0.9008620689655172,0.6040462427745664,0.19618979109387763,test,logistic_regression,lr-oulad-c105-s42-v4
Precision-Recall,0.9008620689655172,0.6043373493975903,0.19619209157909154,test,logistic_regression,lr-oulad-c105-s42-v4
Precision-Recall,0.9008620689655172,0.6046287367405979,0.19635808123200987,test,logistic_regression,lr-oulad-c105-s42-v4
Precision-Recall,0.9001436781609196,0.6044380125422094,0.19648884362119223,test,logistic_regression,lr-oulad-c105-s42-v4
Precision-Recall,0.8994252873563219,0.6042471042471043,0.19664634682482826,test,logistic_regression,lr-oulad-c105-s42-v4
Precision-Recall,0.8987068965517241,0.6040560115886046,0.19672302658122484,test,logistic_regression,lr-oulad-c105-s42-v4
Precision-Recall,0.8987068965517241,0.6043478260869565,0.19676970293333126,test,logistic_regression,lr-oulad-c105-s42-v4
Precision-Recall,0.8979885057471264,0.6041565973900435,0.19679634394753662,test,logistic_regression,lr-oulad-c105-s42-v4
Precision-Recall,0.8979885057471264,0.6044487427466151,0.19691769391241767,test,logistic_regression,lr-oulad-c105-s42-v4
Precision-Recall,0.8979885057471264,0.6047411707789067,0.19694899643168123,test,logistic_regression,lr-oulad-c105-s42-v4
Precision-Recall,0.8979885057471264,0.6050338818973863,0.1969546829474234,test,logistic_regression,lr-oulad-c105-s42-v4
Precision-Recall,0.8979885057471264,0.6053268765133172,0.1969581604362597,test,logistic_regression,lr-oulad-c105-s42-v4
Precision-Recall,0.8979885057471264,0.6056201550387597,0.19696216315948528,test,logistic_regression,lr-oulad-c105-s42-v4
Precision-Recall,0.8979885057471264,0.605913717886573,0.1970143619154673,test,logistic_regression,lr-oulad-c105-s42-v4
Precision-Recall,0.8979885057471264,0.6062075654704171,0.19724032394875549,test,logistic_regression,lr-oulad-c105-s42-v4
Precision-Recall,0.8979885057471264,0.606501698204755,0.19727086769498675,test,logistic_regression,lr-oulad-c105-s42-v4
Precision-Recall,0.8979885057471264,0.6067961165048543,0.19740576169691706,test,logistic_regression,lr-oulad-c105-s42-v4
Precision-Recall,0.8972701149425287,0.6066051481301603,0.1974299485467377,test,logistic_regression,lr-oulad-c105-s42-v4
Precision-Recall,0.8972701149425287,0.6068999028182702,0.19747551150530057,test,logistic_regression,lr-oulad-c105-s42-v4
Precision-Recall,0.8972701149425287,0.6071949440933399,0.1976267310295025,test,logistic_regression,lr-oulad-c105-s42-v4
Precision-Recall,0.8972701149425287,0.6074902723735408,0.19764632959453016,test,logistic_regression,lr-oulad-c105-s42-v4
Precision-Recall,0.896551724137931,0.6072992700729927,0.19787921392503038,test,logistic_regression,lr-oulad-c105-s42-v4
Precision-Recall,0.896551724137931,0.6075949367088608,0.1982301888165143,test,logistic_regression,lr-oulad-c105-s42-v4
Precision-Recall,0.896551724137931,0.6078908913784705,0.19837981384796655,test,logistic_regression,lr-oulad-c105-s42-v4
Precision-Recall,0.896551724137931,0.6081871345029239,0.19841558527881314,test,logistic_regression,lr-oulad-c105-s42-v4
Precision-Recall,0.896551724137931,0.6084836665041443,0.19842329659239638,test,logistic_regression,lr-oulad-c105-s42-v4
Precision-Recall,0.896551724137931,0.608780487804878,0.19866058959827043,test,logistic_regression,lr-oulad-c105-s42-v4
Precision-Recall,0.896551724137931,0.6090775988286969,0.19890371511240693,test,logistic_regression,lr-oulad-c105-s42-v4
Precision-Recall,0.896551724137931,0.609375,0.1990190517178663,test,logistic_regression,lr-oulad-c105-s42-v4
Precision-Recall,0.896551724137931,0.6096726917440156,0.19934153930697737,test,logistic_regression,lr-oulad-c105-s42-v4
Precision-Recall,0.896551724137931,0.6099706744868035,0.19934352813225922,test,logistic_regression,lr-oulad-c105-s42-v4
Precision-Recall,0.896551724137931,0.6102689486552567,0.1994882957884558,test,logistic_regression,lr-oulad-c105-s42-v4
Precision-Recall,0.896551724137931,0.6105675146771037,0.1995079059927118,test,logistic_regression,lr-oulad-c105-s42-v4
Precision-Recall,0.896551724137931,0.6108663729809104,0.19955051437196672,test,logistic_regression,lr-oulad-c105-s42-v4
Precision-Recall,0.896551724137931,0.6111655239960823,0.19981516006596395,test,logistic_regression,lr-oulad-c105-s42-v4
Precision-Recall,0.896551724137931,0.6114649681528662,0.19994111769413142,test,logistic_regression,lr-oulad-c105-s42-v4
Precision-Recall,0.896551724137931,0.611764705882353,0.19994411192545244,test,logistic_regression,lr-oulad-c105-s42-v4
Precision-Recall,0.896551724137931,0.6120647376164786,0.19998681270656155,test,logistic_regression,lr-oulad-c105-s42-v4
Precision-Recall,0.896551724137931,0.6123650637880275,0.2000508706445107,test,logistic_regression,lr-oulad-c105-s42-v4
Precision-Recall,0.8958333333333334,0.6121747668139421,0.20029135686595073,test,logistic_regression,lr-oulad-c105-s42-v4
Precision-Recall,0.8951149425287356,0.611984282907662,0.20057837594444144,test,logistic_regression,lr-oulad-c105-s42-v4
Precision-Recall,0.8951149425287356,0.6122850122850123,0.2006009050240502,test,logistic_regression,lr-oulad-c105-s42-v4
Precision-Recall,0.8951149425287356,0.6125860373647984,0.20069245056064186,test,logistic_regression,lr-oulad-c105-s42-v4
Precision-Recall,0.8943965517241379,0.6123954746679784,0.20084057238572922,test,logistic_regression,lr-oulad-c105-s42-v4
Precision-Recall,0.8943965517241379,0.6126968503937008,0.20097119780918637,test,logistic_regression,lr-oulad-c105-s42-v4
Precision-Recall,0.8943965517241379,0.6129985228951256,0.20110361434180124,test,logistic_regression,lr-oulad-c105-s42-v4
Precision-Recall,0.8943965517241379,0.6133004926108374,0.20150695852927425,test,logistic_regression,lr-oulad-c105-s42-v4
Precision-Recall,0.8943965517241379,0.6136027599802859,0.20171981825254118,test,logistic_regression,lr-oulad-c105-s42-v4
Precision-Recall,0.8936781609195402,0.6134122287968442,0.20172518939586007,test,logistic_regression,lr-oulad-c105-s42-v4
Precision-Recall,0.8929597701149425,0.6132215096201282,0.201890922570204,test,logistic_regression,lr-oulad-c105-s42-v4
Precision-Recall,0.8929597701149425,0.6135241855873642,0.20198749477039132,test,logistic_regression,lr-oulad-c105-s42-v4
Precision-Recall,0.8929597701149425,0.6138271604938271,0.20204576985948894,test,logistic_regression,lr-oulad-c105-s42-v4
Precision-Recall,0.8929597701149425,0.6141304347826086,0.20323123642977442,test,logistic_regression,lr-oulad-c105-s42-v4
Precision-Recall,0.8929597701149425,0.6144340088976767,0.20345013840584866,test,logistic_regression,lr-oulad-c105-s42-v4
Precision-Recall,0.8929597701149425,0.6147378832838774,0.20367688904945366,test,logistic_regression,lr-oulad-c105-s42-v4
Precision-Recall,0.8929597701149425,0.6150420583869372,0.20373790868246885,test,logistic_regression,lr-oulad-c105-s42-v4
Precision-Recall,0.8929597701149425,0.6153465346534653,0.20470246041853313,test,logistic_regression,lr-oulad-c105-s42-v4
Precision-Recall,0.8929597701149425,0.615651312530956,0.2047211627795672,test,logistic_regression,lr-oulad-c105-s42-v4
Precision-Recall,0.8929597701149425,0.6159563924677899,0.20506173719616563,test,logistic_regression,lr-oulad-c105-s42-v4
Precision-Recall,0.8929597701149425,0.6162617749132375,0.20554198546982672,test,logistic_regression,lr-oulad-c105-s42-v4
Precision-Recall,0.8929597701149425,0.6165674603174603,0.20560421820766522,test,logistic_regression,lr-oulad-c105-s42-v4
Precision-Recall,0.8922413793103449,0.6163771712158809,0.2058732358262286,test,logistic_regression,lr-oulad-c105-s42-v4
Precision-Recall,0.8922413793103449,0.6166832174776564,0.20600437289162854,test,logistic_regression,lr-oulad-c105-s42-v4
Precision-Recall,0.8922413793103449,0.61698956780924,0.20633888644557513,test,logistic_regression,lr-oulad-c105-s42-v4
Precision-Recall,0.8922413793103449,0.617296222664016,0.20652187386030346,test,logistic_regression,lr-oulad-c105-s42-v4
Precision-Recall,0.8922413793103449,0.6176031824962706,0.20701015289472982,test,logistic_regression,lr-oulad-c105-s42-v4
Precision-Recall,0.8922413793103449,0.6179104477611941,0.20715472250625983,test,logistic_regression,lr-oulad-c105-s42-v4
Precision-Recall,0.8922413793103449,0.618218018914883,0.20756151234552467,test,logistic_regression,lr-oulad-c105-s42-v4
Precision-Recall,0.8922413793103449,0.6185258964143426,0.20821711940240065,test,logistic_regression,lr-oulad-c105-s42-v4
Precision-Recall,0.8922413793103449,0.6188340807174888,0.2084010494602671,test,logistic_regression,lr-oulad-c105-s42-v4
Precision-Recall,0.8922413793103449,0.6191425722831505,0.20846535643766914,test,logistic_regression,lr-oulad-c105-s42-v4
Precision-Recall,0.8915229885057471,0.6189526184538653,0.20846835607661057,test,logistic_regression,lr-oulad-c105-s42-v4
Precision-Recall,0.8908045977011494,0.6187624750499002,0.20860197513359488,test,logistic_regression,lr-oulad-c105-s42-v4
Precision-Recall,0.8900862068965517,0.618572141787319,0.20891442516389688,test,logistic_regression,lr-oulad-c105-s42-v4
Precision-Recall,0.889367816091954,0.6183816183816184,0.20909245516026007,test,logistic_regression,lr-oulad-c105-s42-v4
Precision-Recall,0.8886494252873564,0.6181909045477262,0.20910792055582333,test,logistic_regression,lr-oulad-c105-s42-v4
Precision-Recall,0.8886494252873564,0.6185,0.20928380829292,test,logistic_regression,lr-oulad-c105-s42-v4
Precision-Recall,0.8886494252873564,0.6188094047023511,0.2093335860868494,test,logistic_regression,lr-oulad-c105-s42-v4
Precision-Recall,0.8886494252873564,0.6191191191191191,0.20943863450296832,test,logistic_regression,lr-oulad-c105-s42-v4
Precision-Recall,0.8879310344827587,0.6189283925888833,0.20944963622518903,test,logistic_regression,lr-oulad-c105-s42-v4
Precision-Recall,0.8879310344827587,0.6192384769539078,0.20964408280735575,test,logistic_regression,lr-oulad-c105-s42-v4
Precision-Recall,0.8879310344827587,0.6195488721804512,0.20965642832896839,test,logistic_regression,lr-oulad-c105-s42-v4
Precision-Recall,0.8872126436781609,0.619358074222668,0.20969775370717894,test,logistic_regression,lr-oulad-c105-s42-v4
Precision-Recall,0.8872126436781609,0.6196688409433015,0.2098590686150926,test,logistic_regression,lr-oulad-c105-s42-v4
Precision-Recall,0.8872126436781609,0.6199799196787149,0.21061264458833318,test,logistic_regression,lr-oulad-c105-s42-v4
Precision-Recall,0.8872126436781609,0.6202913108990457,0.21098221746469387,test,logistic_regression,lr-oulad-c105-s42-v4
Precision-Recall,0.8872126436781609,0.6206030150753769,0.21151888714729666,test,logistic_regression,lr-oulad-c105-s42-v4
Precision-Recall,0.8872126436781609,0.6209150326797386,0.21179305336013807,test,logistic_regression,lr-oulad-c105-s42-v4
Precision-Recall,0.8872126436781609,0.6212273641851107,0.2118844394580684,test,logistic_regression,lr-oulad-c105-s42-v4
Precision-Recall,0.8872126436781609,0.6215400100654253,0.21191856645297627,test,logistic_regression,lr-oulad-c105-s42-v4
Precision-Recall,0.8864942528735632,0.62134944612286,0.21199359068765047,test,logistic_regression,lr-oulad-c105-s42-v4
Precision-Recall,0.8857758620689655,0.6211586901763224,0.2123626521295764,test,logistic_regression,lr-oulad-c105-s42-v4
Precision-Recall,0.8857758620689655,0.6214717741935484,0.21238006679984045,test,logistic_regression,lr-oulad-c105-s42-v4
Precision-Recall,0.8857758620689655,0.6217851739788199,0.21259599000078966,test,logistic_regression,lr-oulad-c105-s42-v4
Precision-Recall,0.8857758620689655,0.6220988900100908,0.21277432811875582,test,logistic_regression,lr-oulad-c105-s42-v4
Precision-Recall,0.8857758620689655,0.6224129227662797,0.2129785532292278,test,logistic_regression,lr-oulad-c105-s42-v4
Precision-Recall,0.8857758620689655,0.6227272727272727,0.21298607097314787,test,logistic_regression,lr-oulad-c105-s42-v4
Precision-Recall,0.8857758620689655,0.6230419403739262,0.2131396237222279,test,logistic_regression,lr-oulad-c105-s42-v4
Precision-Recall,0.8857758620689655,0.6233569261880687,0.21318738657282438,test,logistic_regression,lr-oulad-c105-s42-v4
Precision-Recall,0.8857758620689655,0.6236722306525038,0.213518303768068,test,logistic_regression,lr-oulad-c105-s42-v4
Precision-Recall,0.8857758620689655,0.6239878542510121,0.21376303526753002,test,logistic_regression,lr-oulad-c105-s42-v4
Precision-Recall,0.8850574712643678,0.6237974683544304,0.2138272431277491,test,logistic_regression,lr-oulad-c105-s42-v4
Precision-Recall,0.8843390804597702,0.6236068895643364,0.21433947626674205,test,logistic_regression,lr-oulad-c105-s42-v4
Precision-Recall,0.8843390804597702,0.6239229599594526,0.21450790823554772,test,logistic_regression,lr-oulad-c105-s42-v4
Precision-Recall,0.8843390804597702,0.6242393509127789,0.21488064269989188,test,logistic_regression,lr-oulad-c105-s42-v4
Precision-Recall,0.8843390804597702,0.6245560629122273,0.2149219204658215,test,logistic_regression,lr-oulad-c105-s42-v4
Precision-Recall,0.8836206896551724,0.6243654822335025,0.2149624613245407,test,logistic_regression,lr-oulad-c105-s42-v4
Precision-Recall,0.8836206896551724,0.6246825799898426,0.21503993055410253,test,logistic_regression,lr-oulad-c105-s42-v4
Precision-Recall,0.8836206896551724,0.625,0.21561161448226884,test,logistic_regression,lr-oulad-c105-s42-v4
Precision-Recall,0.8836206896551724,0.6253177427554651,0.21563204158618804,test,logistic_regression,lr-oulad-c105-s42-v4
Precision-Recall,0.8836206896551724,0.6256358087487284,0.2158172798487141,test,logistic_regression,lr-oulad-c105-s42-v4
Precision-Recall,0.8836206896551724,0.6259541984732825,0.21583260540724697,test,logistic_regression,lr-oulad-c105-s42-v4
Precision-Recall,0.8836206896551724,0.6262729124236253,0.2162690670521765,test,logistic_regression,lr-oulad-c105-s42-v4
Precision-Recall,0.8836206896551724,0.6265919510952623,0.21632441274556613,test,logistic_regression,lr-oulad-c105-s42-v4
Precision-Recall,0.8836206896551724,0.6269113149847095,0.21633514853120636,test,logistic_regression,lr-oulad-c105-s42-v4
Precision-Recall,0.8836206896551724,0.6272310045894951,0.21651097739278932,test,logistic_regression,lr-oulad-c105-s42-v4
Precision-Recall,0.8829022988505747,0.6270408163265306,0.21654217609724516,test,logistic_regression,lr-oulad-c105-s42-v4
Precision-Recall,0.8829022988505747,0.6273608984175599,0.21660271575162188,test,logistic_regression,lr-oulad-c105-s42-v4
Precision-Recall,0.8829022988505747,0.6276813074565883,0.21672835142979527,test,logistic_regression,lr-oulad-c105-s42-v4
Precision-Recall,0.8829022988505747,0.6280020439448135,0.2170517842321357,test,logistic_regression,lr-oulad-c105-s42-v4
Precision-Recall,0.8829022988505747,0.628323108384458,0.2170599190473153,test,logistic_regression,lr-oulad-c105-s42-v4
Precision-Recall,0.8829022988505747,0.6286445012787724,0.2171454511818042,test,logistic_regression,lr-oulad-c105-s42-v4
Precision-Recall,0.8829022988505747,0.6289662231320369,0.21728633219071367,test,logistic_regression,lr-oulad-c105-s42-v4
Precision-Recall,0.8829022988505747,0.6292882744495648,0.21846409220552004,test,logistic_regression,lr-oulad-c105-s42-v4
Precision-Recall,0.8829022988505747,0.6296106557377049,0.2186069949545448,test,logistic_regression,lr-oulad-c105-s42-v4
Precision-Recall,0.8829022988505747,0.6299333675038442,0.21865223263382158,test,logistic_regression,lr-oulad-c105-s42-v4
Precision-Recall,0.8829022988505747,0.6302564102564102,0.21868728520265424,test,logistic_regression,lr-oulad-c105-s42-v4
Precision-Recall,0.882183908045977,0.6300667008722421,0.21877050955497715,test,logistic_regression,lr-oulad-c105-s42-v4
Precision-Recall,0.882183908045977,0.6303901437371663,0.21941374720149132,test,logistic_regression,lr-oulad-c105-s42-v4
Precision-Recall,0.882183908045977,0.6307139188495121,0.21942782843946484,test,logistic_regression,lr-oulad-c105-s42-v4
Precision-Recall,0.882183908045977,0.6310380267214799,0.22046795267715408,test,logistic_regression,lr-oulad-c105-s42-v4
Precision-Recall,0.882183908045977,0.6313624678663239,0.220949874647843,test,logistic_regression,lr-oulad-c105-s42-v4
Precision-Recall,0.8814655172413793,0.6311728395061729,0.22112727797656329,test,logistic_regression,lr-oulad-c105-s42-v4
Precision-Recall,0.8814655172413793,0.631497683993824,0.221202377302717,test,logistic_regression,lr-oulad-c105-s42-v4
Precision-Recall,0.8807471264367817,0.631307929969104,0.22162893293799935,test,logistic_regression,lr-oulad-c105-s42-v4
Precision-Recall,0.8807471264367817,0.631633178773828,0.2216457482245821,test,logistic_regression,lr-oulad-c105-s42-v4
Precision-Recall,0.8807471264367817,0.6319587628865979,0.22172937767800663,test,logistic_regression,lr-oulad-c105-s42-v4
Precision-Recall,0.8807471264367817,0.6322846828261991,0.22175798228611804,test,logistic_regression,lr-oulad-c105-s42-v4
Precision-Recall,0.8800287356321839,0.6320949432404541,0.22201397641930135,test,logistic_regression,lr-oulad-c105-s42-v4
Precision-Recall,0.8800287356321839,0.6324212700051626,0.22216992659879192,test,logistic_regression,lr-oulad-c105-s42-v4
Precision-Recall,0.8800287356321839,0.6327479338842975,0.22230278929694314,test,logistic_regression,lr-oulad-c105-s42-v4
Precision-Recall,0.8800287356321839,0.6330749354005168,0.2223787846608907,test,logistic_regression,lr-oulad-c105-s42-v4
Precision-Recall,0.8800287356321839,0.6334022750775594,0.22243164555626702,test,logistic_regression,lr-oulad-c105-s42-v4
Precision-Recall,0.8800287356321839,0.6337299534402483,0.2225558249891554,test,logistic_regression,lr-oulad-c105-s42-v4
Precision-Recall,0.8800287356321839,0.6340579710144928,0.22291156223749548,test,logistic_regression,lr-oulad-c105-s42-v4
Precision-Recall,0.8800287356321839,0.6343863283272916,0.22293398371260256,test,logistic_regression,lr-oulad-c105-s42-v4
Precision-Recall,0.8800287356321839,0.6347150259067358,0.22338125063113326,test,logistic_regression,lr-oulad-c105-s42-v4
Precision-Recall,0.8793103448275862,0.6345256609642301,0.22354235477177484,test,logistic_regression,lr-oulad-c105-s42-v4
Precision-Recall,0.8793103448275862,0.6348547717842323,0.22354723524498352,test,logistic_regression,lr-oulad-c105-s42-v4
Precision-Recall,0.8785919540229885,0.634665282823041,0.2236387664419694,test,logistic_regression,lr-oulad-c105-s42-v4
Precision-Recall,0.8785919540229885,0.6349948078920041,0.22393810122432373,test,logistic_regression,lr-oulad-c105-s42-v4
Precision-Recall,0.8785919540229885,0.6353246753246753,0.2242876858870821,test,logistic_regression,lr-oulad-c105-s42-v4
Precision-Recall,0.8785919540229885,0.6356548856548857,0.22453235236476216,test,logistic_regression,lr-oulad-c105-s42-v4
Precision-Recall,0.8785919540229885,0.6359854394175767,0.22467275294007485,test,logistic_regression,lr-oulad-c105-s42-v4
Precision-Recall,0.8785919540229885,0.6363163371488033,0.22478868589569842,test,logistic_regression,lr-oulad-c105-s42-v4
Precision-Recall,0.8785919540229885,0.6366475793857366,0.22520331646773636,test,logistic_regression,lr-oulad-c105-s42-v4
Precision-Recall,0.8785919540229885,0.6369791666666667,0.22555439204470876,test,logistic_regression,lr-oulad-c105-s42-v4
Precision-Recall,0.8785919540229885,0.6373110995310057,0.22566677829109416,test,logistic_regression,lr-oulad-c105-s42-v4
Precision-Recall,0.8785919540229885,0.637643378519291,0.2257943820946383,test,logistic_regression,lr-oulad-c105-s42-v4
Precision-Recall,0.8785919540229885,0.6379760041731872,0.22589993788289317,test,logistic_regression,lr-oulad-c105-s42-v4
Precision-Recall,0.8785919540229885,0.6383089770354906,0.2259038769814752,test,logistic_regression,lr-oulad-c105-s42-v4
Precision-Recall,0.8785919540229885,0.6386422976501306,0.2259884195337934,test,logistic_regression,lr-oulad-c105-s42-v4
Precision-Recall,0.8785919540229885,0.6389759665621735,0.22621730294804002,test,logistic_regression,lr-oulad-c105-s42-v4
Precision-Recall,0.8785919540229885,0.6393099843178254,0.2262612290277105,test,logistic_regression,lr-oulad-c105-s42-v4
Precision-Recall,0.8778735632183908,0.6391213389121339,0.2262674442503623,test,logistic_regression,lr-oulad-c105-s42-v4
Precision-Recall,0.8778735632183908,0.6394557823129252,0.22641389150314545,test,logistic_regression,lr-oulad-c105-s42-v4
Precision-Recall,0.8778735632183908,0.6397905759162303,0.22670750599952727,test,logistic_regression,lr-oulad-c105-s42-v4
Precision-Recall,0.8778735632183908,0.6401257202723939,0.2267269236698385,test,logistic_regression,lr-oulad-c105-s42-v4
Precision-Recall,0.8778735632183908,0.640461215932914,0.22674824158177903,test,logistic_regression,lr-oulad-c105-s42-v4
Precision-Recall,0.8771551724137931,0.6402726796014683,0.22785580564016122,test,logistic_regression,lr-oulad-c105-s42-v4
Precision-Recall,0.8764367816091954,0.640083945435467,0.2280296790119084,test,logistic_regression,lr-oulad-c105-s42-v4
Precision-Recall,0.8764367816091954,0.6404199475065617,0.2282623292463114,test,logistic_regression,lr-oulad-c105-s42-v4
Precision-Recall,0.8764367816091954,0.6407563025210085,0.22843157143185847,test,logistic_regression,lr-oulad-c105-s42-v4
Precision-Recall,0.8764367816091954,0.6410930110352075,0.2287583018651125,test,logistic_regression,lr-oulad-c105-s42-v4
Precision-Recall,0.8764367816091954,0.6414300736067298,0.2288454896487596,test,logistic_regression,lr-oulad-c105-s42-v4
Precision-Recall,0.8757183908045977,0.6412414518674382,0.22915372480225396,test,logistic_regression,lr-oulad-c105-s42-v4
Precision-Recall,0.8757183908045977,0.641578947368421,0.22915937997294988,test,logistic_regression,lr-oulad-c105-s42-v4
Precision-Recall,0.8757183908045977,0.6419167983149026,0.22921648394533725,test,logistic_regression,lr-oulad-c105-s42-v4
Precision-Recall,0.8757183908045977,0.6422550052687039,0.22931853476312053,test,logistic_regression,lr-oulad-c105-s42-v4
Precision-Recall,0.875,0.6420664206642066,0.22939845818866902,test,logistic_regression,lr-oulad-c105-s42-v4
Precision-Recall,0.875,0.6424050632911392,0.2299175579675558,test,logistic_regression,lr-oulad-c105-s42-v4
Precision-Recall,0.875,0.6427440633245383,0.23028527487580067,test,logistic_regression,lr-oulad-c105-s42-v4
Precision-Recall,0.875,0.6430834213305174,0.23031704324666485,test,logistic_regression,lr-oulad-c105-s42-v4
Precision-Recall,0.875,0.6434231378763867,0.23042188280714626,test,logistic_regression,lr-oulad-c105-s42-v4
Precision-Recall,0.8742816091954023,0.6432346723044398,0.23047087446069714,test,logistic_regression,lr-oulad-c105-s42-v4
Precision-Recall,0.8742816091954023,0.6435748281332628,0.23108835208138748,test,logistic_regression,lr-oulad-c105-s42-v4
Precision-Recall,0.8742816091954023,0.6439153439153439,0.2312371720009861,test,logistic_regression,lr-oulad-c105-s42-v4
Precision-Recall,0.8742816091954023,0.6442562202223399,0.23129767109257954,test,logistic_regression,lr-oulad-c105-s42-v4
Precision-Recall,0.8735632183908046,0.6440677966101694,0.2319014421081613,test,logistic_regression,lr-oulad-c105-s42-v4
Precision-Recall,0.8735632183908046,0.6444091149973503,0.2319367713183379,test,logistic_regression,lr-oulad-c105-s42-v4
Precision-Recall,0.8735632183908046,0.6447507953340403,0.232081018920454,test,logistic_regression,lr-oulad-c105-s42-v4
Precision-Recall,0.8735632183908046,0.6450928381962865,0.2322563137108492,test,logistic_regression,lr-oulad-c105-s42-v4
Precision-Recall,0.8735632183908046,0.6454352441613588,0.23306215443478714,test,logistic_regression,lr-oulad-c105-s42-v4
Precision-Recall,0.8728448275862069,0.645246946362188,0.2331664870486587,test,logistic_regression,lr-oulad-c105-s42-v4
Precision-Recall,0.8728448275862069,0.6455897980871413,0.23364879821194964,test,logistic_regression,lr-oulad-c105-s42-v4
Precision-Recall,0.8721264367816092,0.6454013822434875,0.23367066424709693,test,logistic_regression,lr-oulad-c105-s42-v4
Precision-Recall,0.8714080459770115,0.6452127659574468,0.2347097630947058,test,logistic_regression,lr-oulad-c105-s42-v4
Precision-Recall,0.8714080459770115,0.6455561468866419,0.23539595937674143,test,logistic_regression,lr-oulad-c105-s42-v4
Precision-Recall,0.8706896551724138,0.645367412140575,0.23555743601142434,test,logistic_regression,lr-oulad-c105-s42-v4
Precision-Recall,0.8706896551724138,0.645711241342568,0.2356002850001512,test,logistic_regression,lr-oulad-c105-s42-v4
Precision-Recall,0.8699712643678161,0.6455223880597015,0.23575461385468569,test,logistic_regression,lr-oulad-c105-s42-v4
Precision-Recall,0.8699712643678161,0.6458666666666667,0.23630296875971246,test,logistic_regression,lr-oulad-c105-s42-v4
Precision-Recall,0.8699712643678161,0.6462113127001067,0.23684996085361484,test,logistic_regression,lr-oulad-c105-s42-v4
Precision-Recall,0.8699712643678161,0.6465563267485318,0.23696207069937622,test,logistic_regression,lr-oulad-c105-s42-v4
Precision-Recall,0.8699712643678161,0.6469017094017094,0.23736714414846516,test,logistic_regression,lr-oulad-c105-s42-v4
Precision-Recall,0.8692528735632183,0.6467129877071085,0.23739437488862908,test,logistic_regression,lr-oulad-c105-s42-v4
Precision-Recall,0.8692528735632183,0.6470588235294118,0.23740757634794152,test,logistic_regression,lr-oulad-c105-s42-v4
Precision-Recall,0.8692528735632183,0.6474050294275013,0.23776561597439544,test,logistic_regression,lr-oulad-c105-s42-v4
Precision-Recall,0.8692528735632183,0.6477516059957173,0.23779058406774442,test,logistic_regression,lr-oulad-c105-s42-v4
Precision-Recall,0.8692528735632183,0.6480985538296733,0.2379723454595532,test,logistic_regression,lr-oulad-c105-s42-v4
Precision-Recall,0.8692528735632183,0.6484458735262594,0.2379827909397548,test,logistic_regression,lr-oulad-c105-s42-v4
Precision-Recall,0.8692528735632183,0.6487935656836461,0.238050540102805,test,logistic_regression,lr-oulad-c105-s42-v4
Precision-Recall,0.8685344827586207,0.6486051502145923,0.23832895506516766,test,logistic_regression,lr-oulad-c105-s42-v4
Precision-Recall,0.8685344827586207,0.6489533011272142,0.23848004068375123,test,logistic_regression,lr-oulad-c105-s42-v4
Precision-Recall,0.8685344827586207,0.6493018259935553,0.23851189183154783,test,logistic_regression,lr-oulad-c105-s42-v4
Precision-Recall,0.8685344827586207,0.6496507254164428,0.2386254166535655,test,logistic_regression,lr-oulad-c105-s42-v4
Precision-Recall,0.8685344827586207,0.65,0.23875100717062472,test,logistic_regression,lr-oulad-c105-s42-v4
Precision-Recall,0.8685344827586207,0.6503496503496503,0.23877010204694046,test,logistic_regression,lr-oulad-c105-s42-v4
Precision-Recall,0.8685344827586207,0.6506996770721205,0.2387708093119574,test,logistic_regression,lr-oulad-c105-s42-v4
Precision-Recall,0.8685344827586207,0.6510500807754442,0.23887135887733624,test,logistic_regression,lr-oulad-c105-s42-v4
Precision-Recall,0.867816091954023,0.6508620689655172,0.23931036121648686,test,logistic_regression,lr-oulad-c105-s42-v4
Precision-Recall,0.867816091954023,0.6512129380053908,0.23951960510171472,test,logistic_regression,lr-oulad-c105-s42-v4
Precision-Recall,0.867816091954023,0.651564185544768,0.23961378395272745,test,logistic_regression,lr-oulad-c105-s42-v4
Precision-Recall,0.8670977011494253,0.6513761467889908,0.23968357996011094,test,logistic_regression,lr-oulad-c105-s42-v4
Precision-Recall,0.8670977011494253,0.6517278617710583,0.24072055786096996,test,logistic_regression,lr-oulad-c105-s42-v4
Precision-Recall,0.8670977011494253,0.6520799567801189,0.2407435227500935,test,logistic_regression,lr-oulad-c105-s42-v4
Precision-Recall,0.8670977011494253,0.6524324324324324,0.24091429002310555,test,logistic_regression,lr-oulad-c105-s42-v4
Precision-Recall,0.8663793103448276,0.6522444564629529,0.24101605948101107,test,logistic_regression,lr-oulad-c105-s42-v4
Precision-Recall,0.8663793103448276,0.6525974025974026,0.24125465021155157,test,logistic_regression,lr-oulad-c105-s42-v4
Precision-Recall,0.8663793103448276,0.6529507309149973,0.24134059379471975,test,logistic_regression,lr-oulad-c105-s42-v4
Precision-Recall,0.8663793103448276,0.6533044420368364,0.24139783120825473,test,logistic_regression,lr-oulad-c105-s42-v4
Precision-Recall,0.8663793103448276,0.6536585365853659,0.24179523402852843,test,logistic_regression,lr-oulad-c105-s42-v4
Precision-Recall,0.8663793103448276,0.6540130151843818,0.24196140707245478,test,logistic_regression,lr-oulad-c105-s42-v4
Precision-Recall,0.8656609195402298,0.6538252848616386,0.24211653308209205,test,logistic_regression,lr-oulad-c105-s42-v4
Precision-Recall,0.8656609195402298,0.6541802388707926,0.2421166721466353,test,logistic_regression,lr-oulad-c105-s42-v4
Precision-Recall,0.8656609195402298,0.6545355784899511,0.2425305086437363,test,logistic_regression,lr-oulad-c105-s42-v4
Precision-Recall,0.8656609195402298,0.654891304347826,0.24263448215172911,test,logistic_regression,lr-oulad-c105-s42-v4
Precision-Recall,0.8656609195402298,0.655247417074497,0.242693005133838,test,logistic_regression,lr-oulad-c105-s42-v4
Precision-Recall,0.8649425287356322,0.6550598476605005,0.2428970645076593,test,logistic_regression,lr-oulad-c105-s42-v4
Precision-Recall,0.8649425287356322,0.6554164398475776,0.24324215498375504,test,logistic_regression,lr-oulad-c105-s42-v4
Precision-Recall,0.8642241379310345,0.6552287581699346,0.2434994871635894,test,logistic_regression,lr-oulad-c105-s42-v4
Precision-Recall,0.8635057471264368,0.6550408719346049,0.24368409186482512,test,logistic_regression,lr-oulad-c105-s42-v4
Precision-Recall,0.8627873563218391,0.6548527808069793,0.24392007522100506,test,logistic_regression,lr-oulad-c105-s42-v4
Precision-Recall,0.8620689655172413,0.6546644844517185,0.2442002486652497,test,logistic_regression,lr-oulad-c105-s42-v4
Precision-Recall,0.8620689655172413,0.6550218340611353,0.2442718256241899,test,logistic_regression,lr-oulad-c105-s42-v4
Precision-Recall,0.8620689655172413,0.6553795740032768,0.24444642889553578,test,logistic_regression,lr-oulad-c105-s42-v4
Precision-Recall,0.8620689655172413,0.6557377049180327,0.24457901329151527,test,logistic_regression,lr-oulad-c105-s42-v4
Precision-Recall,0.8613505747126436,0.6555494805904866,0.24481311415425536,test,logistic_regression,lr-oulad-c105-s42-v4
Precision-Recall,0.8613505747126436,0.6559080962800875,0.24503012311547123,test,logistic_regression,lr-oulad-c105-s42-v4
Precision-Recall,0.860632183908046,0.655719759168035,0.24693611051399236,test,logistic_regression,lr-oulad-c105-s42-v4
Precision-Recall,0.860632183908046,0.656078860898138,0.24698123783917786,test,logistic_regression,lr-oulad-c105-s42-v4
Precision-Recall,0.8599137931034483,0.6558904109589041,0.2470242258513005,test,logistic_regression,lr-oulad-c105-s42-v4
Precision-Recall,0.8591954022988506,0.6557017543859649,0.24734805333400434,test,logistic_regression,lr-oulad-c105-s42-v4
Precision-Recall,0.8584770114942529,0.6555128908392759,0.24736751242979632,test,logistic_regression,lr-oulad-c105-s42-v4
Precision-Recall,0.8577586206896551,0.6553238199780461,0.24761955801661087,test,logistic_regression,lr-oulad-c105-s42-v4
Precision-Recall,0.8577586206896551,0.6556836902800659,0.24785711126543555,test,logistic_regression,lr-oulad-c105-s42-v4
Precision-Recall,0.8577586206896551,0.656043956043956,0.2485975143625344,test,logistic_regression,lr-oulad-c105-s42-v4
Precision-Recall,0.8570402298850575,0.6558548653106102,0.2486539645512851,test,logistic_regression,lr-oulad-c105-s42-v4
Precision-Recall,0.8570402298850575,0.6562156215621562,0.24875601949617393,test,logistic_regression,lr-oulad-c105-s42-v4
Precision-Recall,0.8570402298850575,0.6565767749036874,0.24966486646282812,test,logistic_regression,lr-oulad-c105-s42-v4
Precision-Recall,0.8570402298850575,0.6569383259911894,0.2499654457454224,test,logistic_regression,lr-oulad-c105-s42-v4
Precision-Recall,0.8570402298850575,0.6573002754820937,0.2501863816175756,test,logistic_regression,lr-oulad-c105-s42-v4
Precision-Recall,0.8570402298850575,0.6576626240352812,0.25024224524533056,test,logistic_regression,lr-oulad-c105-s42-v4
Precision-Recall,0.8570402298850575,0.6580253723110866,0.25031101139587786,test,logistic_regression,lr-oulad-c105-s42-v4
Precision-Recall,0.8570402298850575,0.6583885209713024,0.25031679789672223,test,logistic_regression,lr-oulad-c105-s42-v4
Precision-Recall,0.8570402298850575,0.6587520706791827,0.25035282473560305,test,logistic_regression,lr-oulad-c105-s42-v4
Precision-Recall,0.8570402298850575,0.6591160220994475,0.2506819835859988,test,logistic_regression,lr-oulad-c105-s42-v4
Precision-Recall,0.8570402298850575,0.6594803758982863,0.2507617910951167,test,logistic_regression,lr-oulad-c105-s42-v4
Precision-Recall,0.8563218390804598,0.6592920353982301,0.25083972443473745,test,logistic_regression,lr-oulad-c105-s42-v4
Precision-Recall,0.8563218390804598,0.6596568898727172,0.2509987121458975,test,logistic_regression,lr-oulad-c105-s42-v4
Precision-Recall,0.8563218390804598,0.6600221483942414,0.2514382256717987,test,logistic_regression,lr-oulad-c105-s42-v4
Precision-Recall,0.8563218390804598,0.660387811634349,0.25164621924701447,test,logistic_regression,lr-oulad-c105-s42-v4
Precision-Recall,0.8556034482758621,0.6601995565410199,0.2518596395982829,test,logistic_regression,lr-oulad-c105-s42-v4
Precision-Recall,0.8556034482758621,0.6605657237936772,0.2521637460876845,test,logistic_regression,lr-oulad-c105-s42-v4
Precision-Recall,0.8548850574712644,0.660377358490566,0.25226516594484955,test,logistic_regression,lr-oulad-c105-s42-v4
Precision-Recall,0.8548850574712644,0.6607440310938367,0.25237037584795435,test,logistic_regression,lr-oulad-c105-s42-v4
Precision-Recall,0.8541666666666666,0.6605555555555556,0.25263520049492605,test,logistic_regression,lr-oulad-c105-s42-v4
Precision-Recall,0.8541666666666666,0.6609227348526959,0.25276890845292954,test,logistic_regression,lr-oulad-c105-s42-v4
Precision-Recall,0.8541666666666666,0.6612903225806451,0.25326586744763596,test,logistic_regression,lr-oulad-c105-s42-v4
Precision-Recall,0.8541666666666666,0.6616583194212576,0.2533701036236905,test,logistic_regression,lr-oulad-c105-s42-v4
Precision-Recall,0.853448275862069,0.6614699331848553,0.2535830616299995,test,logistic_regression,lr-oulad-c105-s42-v4
Precision-Recall,0.853448275862069,0.6618384401114206,0.2538430743912544,test,logistic_regression,lr-oulad-c105-s42-v4
Precision-Recall,0.853448275862069,0.6622073578595318,0.2540536888685494,test,logistic_regression,lr-oulad-c105-s42-v4
Precision-Recall,0.8527298850574713,0.6620189626324595,0.2540799033105725,test,logistic_regression,lr-oulad-c105-s42-v4
Precision-Recall,0.8527298850574713,0.6623883928571429,0.2541006003232583,test,logistic_regression,lr-oulad-c105-s42-v4
Precision-Recall,0.8527298850574713,0.6627582356225572,0.2541334990011558,test,logistic_regression,lr-oulad-c105-s42-v4
Precision-Recall,0.8527298850574713,0.6631284916201118,0.25479858225950835,test,logistic_regression,lr-oulad-c105-s42-v4
Precision-Recall,0.8527298850574713,0.6634991615427613,0.25479974347455764,test,logistic_regression,lr-oulad-c105-s42-v4
Precision-Recall,0.8527298850574713,0.6638702460850112,0.2551434443290099,test,logistic_regression,lr-oulad-c105-s42-v4
Precision-Recall,0.8527298850574713,0.6642417459429211,0.2557975421040559,test,logistic_regression,lr-oulad-c105-s42-v4
Precision-Recall,0.8520114942528736,0.6640537513997761,0.25593733211185254,test,logistic_regression,lr-oulad-c105-s42-v4
Precision-Recall,0.8520114942528736,0.6644257703081232,0.2559528532587833,test,logistic_regression,lr-oulad-c105-s42-v4
Precision-Recall,0.8512931034482759,0.6642376681614349,0.25624351201586504,test,logistic_regression,lr-oulad-c105-s42-v4
Precision-Recall,0.8512931034482759,0.6646102075154234,0.2562554245865602,test,logistic_regression,lr-oulad-c105-s42-v4
Precision-Recall,0.8505747126436781,0.6644219977553311,0.25627384205830345,test,logistic_regression,lr-oulad-c105-s42-v4
Precision-Recall,0.8505747126436781,0.664795058955643,0.25634057872369304,test,logistic_regression,lr-oulad-c105-s42-v4
Precision-Recall,0.8505747126436781,0.6651685393258427,0.25652879134164114,test,logistic_regression,lr-oulad-c105-s42-v4
Precision-Recall,0.8505747126436781,0.6655424395727937,0.2567026024272833,test,logistic_regression,lr-oulad-c105-s42-v4
Precision-Recall,0.8505747126436781,0.6659167604049494,0.2575709038281748,test,logistic_regression,lr-oulad-c105-s42-v4
Precision-Recall,0.8498563218390804,0.6657287563308948,0.25759346022880014,test,logistic_regression,lr-oulad-c105-s42-v4
Precision-Recall,0.8498563218390804,0.6661036036036037,0.2575967677446461,test,logistic_regression,lr-oulad-c105-s42-v4
Precision-Recall,0.8491379310344828,0.6659154929577464,0.2576917193613148,test,logistic_regression,lr-oulad-c105-s42-v4
Precision-Recall,0.8484195402298851,0.6657271702367531,0.2578271548547742,test,logistic_regression,lr-oulad-c105-s42-v4
Precision-Recall,0.8484195402298851,0.6661026508742245,0.25805948475912227,test,logistic_regression,lr-oulad-c105-s42-v4
Precision-Recall,0.8484195402298851,0.6664785553047404,0.2582200425757808,test,logistic_regression,lr-oulad-c105-s42-v4
Precision-Recall,0.8484195402298851,0.6668548842461886,0.25826419409966844,test,logistic_regression,lr-oulad-c105-s42-v4
Precision-Recall,0.8484195402298851,0.6672316384180791,0.25855453568759307,test,logistic_regression,lr-oulad-c105-s42-v4
Precision-Recall,0.8484195402298851,0.6676088185415489,0.25857741255383093,test,logistic_regression,lr-oulad-c105-s42-v4
Precision-Recall,0.8484195402298851,0.6679864253393665,0.25868038711722446,test,logistic_regression,lr-oulad-c105-s42-v4
Precision-Recall,0.8477011494252874,0.6677985285795133,0.25873583734993333,test,logistic_regression,lr-oulad-c105-s42-v4
Precision-Recall,0.8477011494252874,0.6681766704416761,0.2590002287280279,test,logistic_regression,lr-oulad-c105-s42-v4
Precision-Recall,0.8477011494252874,0.6685552407932012,0.2590746455441545,test,logistic_regression,lr-oulad-c105-s42-v4
Precision-Recall,0.8469827586206896,0.6683673469387755,0.2596379444698093,test,logistic_regression,lr-oulad-c105-s42-v4
Precision-Recall,0.8469827586206896,0.6687464549064095,0.2604639732713992,test,logistic_regression,lr-oulad-c105-s42-v4
Precision-Recall,0.8469827586206896,0.6691259931895573,0.26073175315128644,test,logistic_regression,lr-oulad-c105-s42-v4
Precision-Recall,0.8469827586206896,0.6695059625212947,0.2611339509150162,test,logistic_regression,lr-oulad-c105-s42-v4
Precision-Recall,0.8469827586206896,0.6698863636363637,0.26116800134768914,test,logistic_regression,lr-oulad-c105-s42-v4
Precision-Recall,0.8469827586206896,0.6702671972711768,0.26127557929021306,test,logistic_regression,lr-oulad-c105-s42-v4
Precision-Recall,0.8469827586206896,0.6706484641638225,0.261436985981158,test,logistic_regression,lr-oulad-c105-s42-v4
Precision-Recall,0.8462643678160919,0.6704610130904952,0.26151005556322476,test,logistic_regression,lr-oulad-c105-s42-v4
Precision-Recall,0.8462643678160919,0.6708428246013668,0.2617527438986495,test,logistic_regression,lr-oulad-c105-s42-v4
Precision-Recall,0.8462643678160919,0.6712250712250712,0.26196034900326287,test,logistic_regression,lr-oulad-c105-s42-v4
Precision-Recall,0.8462643678160919,0.6716077537058153,0.26214602899732,test,logistic_regression,lr-oulad-c105-s42-v4
Precision-Recall,0.8462643678160919,0.6719908727895038,0.2622352963587686,test,logistic_regression,lr-oulad-c105-s42-v4
Precision-Recall,0.8462643678160919,0.6723744292237442,0.26231570004614535,test,logistic_regression,lr-oulad-c105-s42-v4
Precision-Recall,0.8455459770114943,0.6721873215305539,0.2623240042073872,test,logistic_regression,lr-oulad-c105-s42-v4
Precision-Recall,0.8448275862068966,0.672,0.26236602865356423,test,logistic_regression,lr-oulad-c105-s42-v4
Precision-Recall,0.8448275862068966,0.6723842195540308,0.2628084781198212,test,logistic_regression,lr-oulad-c105-s42-v4
Precision-Recall,0.8448275862068966,0.6727688787185355,0.26306968784588564,test,logistic_regression,lr-oulad-c105-s42-v4
Precision-Recall,0.8448275862068966,0.6731539782484258,0.26334804959568153,test,logistic_regression,lr-oulad-c105-s42-v4
Precision-Recall,0.8448275862068966,0.6735395189003437,0.26364787625137615,test,logistic_regression,lr-oulad-c105-s42-v4
Precision-Recall,0.8448275862068966,0.6739255014326647,0.2637878838804697,test,logistic_regression,lr-oulad-c105-s42-v4
Precision-Recall,0.8441091954022989,0.6737385321100917,0.2641746828206495,test,logistic_regression,lr-oulad-c105-s42-v4
Precision-Recall,0.8441091954022989,0.6741250717154331,0.2643518029465346,test,logistic_regression,lr-oulad-c105-s42-v4
Precision-Recall,0.8441091954022989,0.6745120551090701,0.2651180362828203,test,logistic_regression,lr-oulad-c105-s42-v4
Precision-Recall,0.8441091954022989,0.6748994830557151,0.26553568464215116,test,logistic_regression,lr-oulad-c105-s42-v4
Precision-Recall,0.8441091954022989,0.6752873563218391,0.2657869782474759,test,logistic_regression,lr-oulad-c105-s42-v4
Precision-Recall,0.8441091954022989,0.6756756756756757,0.26581322438198324,test,logistic_regression,lr-oulad-c105-s42-v4
Precision-Recall,0.8441091954022989,0.6760644418872267,0.26610540727572957,test,logistic_regression,lr-oulad-c105-s42-v4
Precision-Recall,0.8433908045977011,0.6758779504893494,0.26620199247858917,test,logistic_regression,lr-oulad-c105-s42-v4
Precision-Recall,0.8433908045977011,0.6762672811059908,0.2662252617684107,test,logistic_regression,lr-oulad-c105-s42-v4
Precision-Recall,0.8426724137931034,0.6760806916426513,0.2663217209854699,test,logistic_regression,lr-oulad-c105-s42-v4
Precision-Recall,0.8426724137931034,0.6764705882352942,0.2672057766688276,test,logistic_regression,lr-oulad-c105-s42-v4
Precision-Recall,0.8426724137931034,0.676860934795153,0.2672178479088527,test,logistic_regression,lr-oulad-c105-s42-v4
Precision-Recall,0.8426724137931034,0.6772517321016166,0.2672536810235166,test,logistic_regression,lr-oulad-c105-s42-v4
Precision-Recall,0.8426724137931034,0.6776429809358753,0.26746413058993496,test,logistic_regression,lr-oulad-c105-s42-v4
Precision-Recall,0.8426724137931034,0.6780346820809249,0.26753368263473243,test,logistic_regression,lr-oulad-c105-s42-v4
Precision-Recall,0.8426724137931034,0.6784268363215732,0.2676396902575612,test,logistic_regression,lr-oulad-c105-s42-v4
Precision-Recall,0.8426724137931034,0.6788194444444444,0.26808822892943496,test,logistic_regression,lr-oulad-c105-s42-v4
Precision-Recall,0.8426724137931034,0.679212507237985,0.2684041295894721,test,logistic_regression,lr-oulad-c105-s42-v4
Precision-Recall,0.8426724137931034,0.6796060254924682,0.26873223700076926,test,logistic_regression,lr-oulad-c105-s42-v4
Precision-Recall,0.8426724137931034,0.68,0.26877160044982984,test,logistic_regression,lr-oulad-c105-s42-v4
Precision-Recall,0.8426724137931034,0.6803944315545244,0.2696368785067274,test,logistic_regression,lr-oulad-c105-s42-v4
Precision-Recall,0.8426724137931034,0.6807893209518282,0.2696899813610788,test,logistic_regression,lr-oulad-c105-s42-v4
Precision-Recall,0.8419540229885057,0.6806039488966318,0.2699585386938594,test,logistic_regression,lr-oulad-c105-s42-v4
Precision-Recall,0.8419540229885057,0.6809994189424753,0.2699700933833943,test,logistic_regression,lr-oulad-c105-s42-v4
Precision-Recall,0.8419540229885057,0.6813953488372093,0.2705170438420141,test,logistic_regression,lr-oulad-c105-s42-v4
Precision-Recall,0.8412356321839081,0.6812100058173357,0.2705841014874125,test,logistic_regression,lr-oulad-c105-s42-v4
Precision-Recall,0.8412356321839081,0.6816065192083819,0.27061397711883994,test,logistic_regression,lr-oulad-c105-s42-v4
Precision-Recall,0.8412356321839081,0.6820034944670937,0.2712733596892334,test,logistic_regression,lr-oulad-c105-s42-v4
Precision-Recall,0.8412356321839081,0.6824009324009324,0.27152190697166567,test,logistic_regression,lr-oulad-c105-s42-v4
Precision-Recall,0.8405172413793104,0.6822157434402333,0.2720183410896589,test,logistic_regression,lr-oulad-c105-s42-v4
Precision-Recall,0.8405172413793104,0.6826137689614936,0.2725538774029917,test,logistic_regression,lr-oulad-c105-s42-v4
Precision-Recall,0.8405172413793104,0.6830122591943958,0.27260059349186316,test,logistic_regression,lr-oulad-c105-s42-v4
Precision-Recall,0.8405172413793104,0.6834112149532711,0.27316253136056523,test,logistic_regression,lr-oulad-c105-s42-v4
Precision-Recall,0.8405172413793104,0.6838106370543542,0.27365087856331616,test,logistic_regression,lr-oulad-c105-s42-v4
Precision-Recall,0.8405172413793104,0.6842105263157895,0.2741151149346441,test,logistic_regression,lr-oulad-c105-s42-v4
Precision-Recall,0.8397988505747126,0.6840257460503218,0.2741227009512556,test,logistic_regression,lr-oulad-c105-s42-v4
Precision-Recall,0.8397988505747126,0.6844262295081968,0.274273468975055,test,logistic_regression,lr-oulad-c105-s42-v4
Precision-Recall,0.8397988505747126,0.6848271821909784,0.2742984490965184,test,logistic_regression,lr-oulad-c105-s42-v4
Precision-Recall,0.8397988505747126,0.6852286049237983,0.27466307019450514,test,logistic_regression,lr-oulad-c105-s42-v4
Precision-Recall,0.8397988505747126,0.6856304985337244,0.2757738229597478,test,logistic_regression,lr-oulad-c105-s42-v4
Precision-Recall,0.8397988505747126,0.6860328638497653,0.27580810070881856,test,logistic_regression,lr-oulad-c105-s42-v4
Precision-Recall,0.8397988505747126,0.6864357017028773,0.2761450920397791,test,logistic_regression,lr-oulad-c105-s42-v4
Precision-Recall,0.8397988505747126,0.6868390129259695,0.2764336794619966,test,logistic_regression,lr-oulad-c105-s42-v4
Precision-Recall,0.8397988505747126,0.6872427983539094,0.2764744379595843,test,logistic_regression,lr-oulad-c105-s42-v4
Precision-Recall,0.8397988505747126,0.6876470588235294,0.2769010836847609,test,logistic_regression,lr-oulad-c105-s42-v4
Precision-Recall,0.8397988505747126,0.6880517951736316,0.277169532487219,test,logistic_regression,lr-oulad-c105-s42-v4
Precision-Recall,0.8397988505747126,0.6884570082449941,0.277395263471684,test,logistic_regression,lr-oulad-c105-s42-v4
Precision-Recall,0.8390804597701149,0.6882734236888627,0.2774179294015369,test,logistic_regression,lr-oulad-c105-s42-v4
Precision-Recall,0.8390804597701149,0.6886792452830188,0.27792193837217904,test,logistic_regression,lr-oulad-c105-s42-v4
Precision-Recall,0.8390804597701149,0.6890855457227139,0.2787015189993304,test,logistic_regression,lr-oulad-c105-s42-v4
Precision-Recall,0.8390804597701149,0.6894923258559622,0.27927768124432256,test,logistic_regression,lr-oulad-c105-s42-v4
Precision-Recall,0.8390804597701149,0.689899586532782,0.27975862667032425,test,logistic_regression,lr-oulad-c105-s42-v4
Precision-Recall,0.8390804597701149,0.6903073286052009,0.2801338041329422,test,logistic_regression,lr-oulad-c105-s42-v4
Precision-Recall,0.8390804597701149,0.6907155529272619,0.2803098535360915,test,logistic_regression,lr-oulad-c105-s42-v4
Precision-Recall,0.8383620689655172,0.6905325443786983,0.2804798234457577,test,logistic_regression,lr-oulad-c105-s42-v4
Precision-Recall,0.8383620689655172,0.6909413854351687,0.28074502535931545,test,logistic_regression,lr-oulad-c105-s42-v4
Precision-Recall,0.8376436781609196,0.6907582938388626,0.28080662176439547,test,logistic_regression,lr-oulad-c105-s42-v4
Precision-Recall,0.8369252873563219,0.6905749851807943,0.28140286411655757,test,logistic_regression,lr-oulad-c105-s42-v4
Precision-Recall,0.8369252873563219,0.6909845788849348,0.28160808722102093,test,logistic_regression,lr-oulad-c105-s42-v4
Precision-Recall,0.8362068965517241,0.6908011869436201,0.281724917209025,test,logistic_regression,lr-oulad-c105-s42-v4
Precision-Recall,0.8362068965517241,0.6912114014251781,0.28193127192216627,test,logistic_regression,lr-oulad-c105-s42-v4
Precision-Recall,0.8362068965517241,0.6916221033868093,0.28195234493805227,test,logistic_regression,lr-oulad-c105-s42-v4
Precision-Recall,0.8362068965517241,0.6920332936979786,0.28197376954144493,test,logistic_regression,lr-oulad-c105-s42-v4
Precision-Recall,0.8354885057471264,0.6918500892325996,0.2820908095220315,test,logistic_regression,lr-oulad-c105-s42-v4
Precision-Recall,0.8354885057471264,0.6922619047619047,0.2823490479942419,test,logistic_regression,lr-oulad-c105-s42-v4
Precision-Recall,0.8354885057471264,0.6926742108397855,0.2829933889116503,test,logistic_regression,lr-oulad-c105-s42-v4
Precision-Recall,0.8354885057471264,0.6930870083432658,0.28304007585317015,test,logistic_regression,lr-oulad-c105-s42-v4
Precision-Recall,0.8354885057471264,0.693500298151461,0.283726430665404,test,logistic_regression,lr-oulad-c105-s42-v4
Precision-Recall,0.8354885057471264,0.6939140811455847,0.28402628004058916,test,logistic_regression,lr-oulad-c105-s42-v4
Precision-Recall,0.8354885057471264,0.6943283582089552,0.28433798973255164,test,logistic_regression,lr-oulad-c105-s42-v4
Precision-Recall,0.8354885057471264,0.6947431302270012,0.28458336569596304,test,logistic_regression,lr-oulad-c105-s42-v4
Precision-Recall,0.8354885057471264,0.6951583980872684,0.2853883188179083,test,logistic_regression,lr-oulad-c105-s42-v4
Precision-Recall,0.8354885057471264,0.6955741626794258,0.28553609983447636,test,logistic_regression,lr-oulad-c105-s42-v4
Precision-Recall,0.8347701149425287,0.6953919808497906,0.2856939851992035,test,logistic_regression,lr-oulad-c105-s42-v4
Precision-Recall,0.834051724137931,0.6952095808383234,0.28574717913090475,test,logistic_regression,lr-oulad-c105-s42-v4
Precision-Recall,0.834051724137931,0.6956261234272019,0.2861099916295807,test,logistic_regression,lr-oulad-c105-s42-v4
Precision-Recall,0.834051724137931,0.6960431654676259,0.2861781921255324,test,logistic_regression,lr-oulad-c105-s42-v4
Precision-Recall,0.8333333333333334,0.6958608278344331,0.28668460564695747,test,logistic_regression,lr-oulad-c105-s42-v4
Precision-Recall,0.8333333333333334,0.6962785114045619,0.28695049899287334,test,logistic_regression,lr-oulad-c105-s42-v4
Precision-Recall,0.8333333333333334,0.6966966966966966,0.2871955401751266,test,logistic_regression,lr-oulad-c105-s42-v4
Precision-Recall,0.8333333333333334,0.6971153846153846,0.287260394865346,test,logistic_regression,lr-oulad-c105-s42-v4
Precision-Recall,0.8326149425287356,0.6969332531569453,0.28754934584038927,test,logistic_regression,lr-oulad-c105-s42-v4
Precision-Recall,0.8318965517241379,0.6967509025270758,0.2876605792773005,test,logistic_regression,lr-oulad-c105-s42-v4
Precision-Recall,0.8311781609195402,0.6965683323299218,0.28812429547718754,test,logistic_regression,lr-oulad-c105-s42-v4
Precision-Recall,0.8311781609195402,0.696987951807229,0.2881275481611861,test,logistic_regression,lr-oulad-c105-s42-v4
Precision-Recall,0.8311781609195402,0.6974080771549126,0.2887201537605978,test,logistic_regression,lr-oulad-c105-s42-v4
Precision-Recall,0.8304597701149425,0.6972255729794934,0.2888333631064926,test,logistic_regression,lr-oulad-c105-s42-v4
Precision-Recall,0.8304597701149425,0.6976463488231744,0.2889119507399337,test,logistic_regression,lr-oulad-c105-s42-v4
Precision-Recall,0.8304597701149425,0.6980676328502415,0.2896426026713939,test,logistic_regression,lr-oulad-c105-s42-v4
Precision-Recall,0.8304597701149425,0.6984894259818731,0.28983039972665237,test,logistic_regression,lr-oulad-c105-s42-v4
Precision-Recall,0.8304597701149425,0.6989117291414753,0.2898509941473976,test,logistic_regression,lr-oulad-c105-s42-v4
Precision-Recall,0.8297413793103449,0.6987295825771325,0.29052775577502743,test,logistic_regression,lr-oulad-c105-s42-v4
Precision-Recall,0.8297413793103449,0.6991525423728814,0.29075689998352605,test,logistic_regression,lr-oulad-c105-s42-v4
Precision-Recall,0.8297413793103449,0.6995760145366444,0.2909316480568492,test,logistic_regression,lr-oulad-c105-s42-v4
Precision-Recall,0.8297413793103449,0.7,0.29204602377121147,test,logistic_regression,lr-oulad-c105-s42-v4
Precision-Recall,0.8297413793103449,0.7004244996967859,0.29234212890787536,test,logistic_regression,lr-oulad-c105-s42-v4
Precision-Recall,0.8297413793103449,0.7008495145631068,0.2925183626878613,test,logistic_regression,lr-oulad-c105-s42-v4
Precision-Recall,0.8290229885057471,0.7006678809957498,0.2927038099849582,test,logistic_regression,lr-oulad-c105-s42-v4
Precision-Recall,0.8283045977011494,0.7004860267314702,0.2927512736000099,test,logistic_regression,lr-oulad-c105-s42-v4
Precision-Recall,0.8283045977011494,0.7009118541033434,0.2932881917965569,test,logistic_regression,lr-oulad-c105-s42-v4
Precision-Recall,0.8283045977011494,0.7013381995133819,0.2936641653747425,test,logistic_regression,lr-oulad-c105-s42-v4
Precision-Recall,0.8283045977011494,0.7017650639074863,0.29455457965794274,test,logistic_regression,lr-oulad-c105-s42-v4
Precision-Recall,0.8283045977011494,0.7021924482338612,0.29485732208774895,test,logistic_regression,lr-oulad-c105-s42-v4
Precision-Recall,0.8283045977011494,0.7026203534430225,0.2950065039981238,test,logistic_regression,lr-oulad-c105-s42-v4
Precision-Recall,0.8283045977011494,0.7030487804878048,0.2950188767242288,test,logistic_regression,lr-oulad-c105-s42-v4
Precision-Recall,0.8283045977011494,0.7034777303233679,0.29515673450699903,test,logistic_regression,lr-oulad-c105-s42-v4
Precision-Recall,0.8275862068965517,0.7032967032967034,0.29540688285066663,test,logistic_regression,lr-oulad-c105-s42-v4
Precision-Recall,0.8275862068965517,0.7037263286499694,0.2955388754840367,test,logistic_regression,lr-oulad-c105-s42-v4
Precision-Recall,0.8275862068965517,0.7041564792176039,0.29584115346114054,test,logistic_regression,lr-oulad-c105-s42-v4
Precision-Recall,0.8275862068965517,0.7045871559633028,0.296176853029522,test,logistic_regression,lr-oulad-c105-s42-v4
Precision-Recall,0.8275862068965517,0.7050183598531212,0.29634238132212787,test,logistic_regression,lr-oulad-c105-s42-v4
Precision-Recall,0.826867816091954,0.7048377219840783,0.29635512568593475,test,logistic_regression,lr-oulad-c105-s42-v4
Precision-Recall,0.826867816091954,0.7052696078431373,0.2963571823827653,test,logistic_regression,lr-oulad-c105-s42-v4
Precision-Recall,0.826867816091954,0.7057020232985898,0.2963666546097044,test,logistic_regression,lr-oulad-c105-s42-v4
Precision-Recall,0.8261494252873564,0.7055214723926381,0.29646804494681195,test,logistic_regression,lr-oulad-c105-s42-v4
Precision-Recall,0.8254310344827587,0.7053406998158379,0.2966178025105785,test,logistic_regression,lr-oulad-c105-s42-v4
Precision-Recall,0.8247126436781609,0.7051597051597052,0.2968357611793893,test,logistic_regression,lr-oulad-c105-s42-v4
Precision-Recall,0.8247126436781609,0.7055931161647203,0.297895140218943,test,logistic_regression,lr-oulad-c105-s42-v4
Precision-Recall,0.8239942528735632,0.7054120541205412,0.2979479982139336,test,logistic_regression,lr-oulad-c105-s42-v4
Precision-Recall,0.8239942528735632,0.7058461538461539,0.29795495974776137,test,logistic_regression,lr-oulad-c105-s42-v4
Precision-Recall,0.8239942528735632,0.7062807881773399,0.29811215431812416,test,logistic_regression,lr-oulad-c105-s42-v4
Precision-Recall,0.8239942528735632,0.7067159581022797,0.29829191639384905,test,logistic_regression,lr-oulad-c105-s42-v4
Precision-Recall,0.8239942528735632,0.7071516646115906,0.2989000029630873,test,logistic_regression,lr-oulad-c105-s42-v4
Precision-Recall,0.8239942528735632,0.7075879086983343,0.2989952980308221,test,logistic_regression,lr-oulad-c105-s42-v4
Precision-Recall,0.8232758620689655,0.7074074074074074,0.29916819466898903,test,logistic_regression,lr-oulad-c105-s42-v4
Precision-Recall,0.8232758620689655,0.7078443483631871,0.2993127998460577,test,logistic_regression,lr-oulad-c105-s42-v4
Precision-Recall,0.8232758620689655,0.7082818294190358,0.29948483203975146,test,logistic_regression,lr-oulad-c105-s42-v4
Precision-Recall,0.8232758620689655,0.7087198515769945,0.3001850712389289,test,logistic_regression,lr-oulad-c105-s42-v4
Precision-Recall,0.8232758620689655,0.7091584158415841,0.3004352342133401,test,logistic_regression,lr-oulad-c105-s42-v4
Precision-Recall,0.8232758620689655,0.7095975232198143,0.30045988438384913,test,logistic_regression,lr-oulad-c105-s42-v4
Precision-Recall,0.8232758620689655,0.7100371747211895,0.3012317363703494,test,logistic_regression,lr-oulad-c105-s42-v4
Precision-Recall,0.8232758620689655,0.7104773713577185,0.3017741290321792,test,logistic_regression,lr-oulad-c105-s42-v4
Precision-Recall,0.8232758620689655,0.7109181141439206,0.30209966759388895,test,logistic_regression,lr-oulad-c105-s42-v4
Precision-Recall,0.8225574712643678,0.7107386716325264,0.3022605507032461,test,logistic_regression,lr-oulad-c105-s42-v4
Precision-Recall,0.8225574712643678,0.7111801242236024,0.302318226038354,test,logistic_regression,lr-oulad-c105-s42-v4
Precision-Recall,0.8218390804597702,0.7110006215040398,0.3025121769153857,test,logistic_regression,lr-oulad-c105-s42-v4
Precision-Recall,0.8218390804597702,0.7114427860696517,0.302666618923685,test,logistic_regression,lr-oulad-c105-s42-v4
Precision-Recall,0.8218390804597702,0.7118855009334163,0.30301290917000545,test,logistic_regression,lr-oulad-c105-s42-v4
Precision-Recall,0.8218390804597702,0.7123287671232876,0.3031975688384508,test,logistic_regression,lr-oulad-c105-s42-v4
Precision-Recall,0.8211206896551724,0.7121495327102804,0.3039629206520176,test,logistic_regression,lr-oulad-c105-s42-v4
Precision-Recall,0.8204022988505747,0.7119700748129676,0.30398802110447853,test,logistic_regression,lr-oulad-c105-s42-v4
Precision-Recall,0.819683908045977,0.7117903930131004,0.3040699842033535,test,logistic_regression,lr-oulad-c105-s42-v4
Precision-Recall,0.819683908045977,0.712234706616729,0.30411708194600073,test,logistic_regression,lr-oulad-c105-s42-v4
Precision-Recall,0.819683908045977,0.7126795752654591,0.30412644246622683,test,logistic_regression,lr-oulad-c105-s42-v4
Precision-Recall,0.819683908045977,0.713125,0.30416954267947277,test,logistic_regression,lr-oulad-c105-s42-v4
Precision-Recall,0.819683908045977,0.7135709818636647,0.3044330677309881,test,logistic_regression,lr-oulad-c105-s42-v4
Precision-Recall,0.819683908045977,0.714017521902378,0.30452341152664597,test,logistic_regression,lr-oulad-c105-s42-v4
Precision-Recall,0.819683908045977,0.7144646211646838,0.30464471145025734,test,logistic_regression,lr-oulad-c105-s42-v4
Precision-Recall,0.819683908045977,0.7149122807017544,0.3046886770165501,test,logistic_regression,lr-oulad-c105-s42-v4
Precision-Recall,0.819683908045977,0.7153605015673982,0.30503530309630733,test,logistic_regression,lr-oulad-c105-s42-v4
Precision-Recall,0.819683908045977,0.7158092848180677,0.3052537155658776,test,logistic_regression,lr-oulad-c105-s42-v4
Precision-Recall,0.819683908045977,0.7162586315128688,0.3052854790771663,test,logistic_regression,lr-oulad-c105-s42-v4
Precision-Recall,0.819683908045977,0.7167085427135679,0.30538885583460307,test,logistic_regression,lr-oulad-c105-s42-v4
Precision-Recall,0.819683908045977,0.7171590194846009,0.30623330623617007,test,logistic_regression,lr-oulad-c105-s42-v4
Precision-Recall,0.8189655172413793,0.7169811320754716,0.30665439844733544,test,logistic_regression,lr-oulad-c105-s42-v4
Precision-Recall,0.8189655172413793,0.7174323473882945,0.30672988647895233,test,logistic_regression,lr-oulad-c105-s42-v4
Precision-Recall,0.8189655172413793,0.7178841309823678,0.30710187009510936,test,logistic_regression,lr-oulad-c105-s42-v4
Precision-Recall,0.8189655172413793,0.718336483931947,0.30725004083123825,test,logistic_regression,lr-oulad-c105-s42-v4
Precision-Recall,0.8189655172413793,0.7187894073139974,0.3081450397427055,test,logistic_regression,lr-oulad-c105-s42-v4
Precision-Recall,0.8182471264367817,0.7186119873817035,0.3090536246929903,test,logistic_regression,lr-oulad-c105-s42-v4
Precision-Recall,0.8175287356321839,0.7184343434343434,0.30962421500286913,test,logistic_regression,lr-oulad-c105-s42-v4
Precision-Recall,0.8168103448275862,0.7182564750473784,0.3102547499013621,test,logistic_regression,lr-oulad-c105-s42-v4
Precision-Recall,0.8168103448275862,0.7187104930467763,0.31031795561492526,test,logistic_regression,lr-oulad-c105-s42-v4
Precision-Recall,0.8168103448275862,0.7191650853889943,0.3107502642330245,test,logistic_regression,lr-oulad-c105-s42-v4
Precision-Recall,0.8168103448275862,0.7196202531645569,0.3116861715749635,test,logistic_regression,lr-oulad-c105-s42-v4
Precision-Recall,0.8168103448275862,0.7200759974667511,0.31206287619676276,test,logistic_regression,lr-oulad-c105-s42-v4
Precision-Recall,0.8168103448275862,0.720532319391635,0.31232610389270177,test,logistic_regression,lr-oulad-c105-s42-v4
Precision-Recall,0.8168103448275862,0.7209892200380469,0.31236105591407853,test,logistic_regression,lr-oulad-c105-s42-v4
Precision-Recall,0.8168103448275862,0.7214467005076142,0.3125093535553677,test,logistic_regression,lr-oulad-c105-s42-v4
Precision-Recall,0.8160919540229885,0.7212698412698413,0.31287003957414267,test,logistic_regression,lr-oulad-c105-s42-v4
Precision-Recall,0.8160919540229885,0.7217280813214739,0.31300249717566603,test,logistic_regression,lr-oulad-c105-s42-v4
Precision-Recall,0.8153735632183908,0.7215511760966307,0.31337556843321335,test,logistic_regression,lr-oulad-c105-s42-v4
Precision-Recall,0.8153735632183908,0.7220101781170484,0.3137524867437171,test,logistic_regression,lr-oulad-c105-s42-v4
Precision-Recall,0.8153735632183908,0.7224697644812221,0.31386536172158985,test,logistic_regression,lr-oulad-c105-s42-v4
Precision-Recall,0.8153735632183908,0.7229299363057324,0.31400911863074277,test,logistic_regression,lr-oulad-c105-s42-v4
Precision-Recall,0.8153735632183908,0.7233906947100064,0.3143063963911781,test,logistic_regression,lr-oulad-c105-s42-v4
Precision-Recall,0.8153735632183908,0.7238520408163265,0.31445516598654266,test,logistic_regression,lr-oulad-c105-s42-v4
Precision-Recall,0.8146551724137931,0.7236758136566688,0.3144790020151935,test,logistic_regression,lr-oulad-c105-s42-v4
Precision-Recall,0.8146551724137931,0.7241379310344828,0.31475042565588357,test,logistic_regression,lr-oulad-c105-s42-v4
Precision-Recall,0.8146551724137931,0.7246006389776358,0.3150436561667942,test,logistic_regression,lr-oulad-c105-s42-v4
Precision-Recall,0.8139367816091954,0.7244245524296675,0.31512877429502245,test,logistic_regression,lr-oulad-c105-s42-v4
Precision-Recall,0.8132183908045977,0.7242482405630198,0.3158879438454918,test,logistic_regression,lr-oulad-c105-s42-v4
Precision-Recall,0.8132183908045977,0.7247119078104993,0.3161006585807153,test,logistic_regression,lr-oulad-c105-s42-v4
Precision-Recall,0.8132183908045977,0.7251761691223575,0.316161546746754,test,logistic_regression,lr-oulad-c105-s42-v4
Precision-Recall,0.8132183908045977,0.7256410256410256,0.31629715385823365,test,logistic_regression,lr-oulad-c105-s42-v4
Precision-Recall,0.8125,0.7254650416933932,0.3162994623576991,test,logistic_regression,lr-oulad-c105-s42-v4
Precision-Recall,0.8125,0.7259306803594352,0.31636558955809063,test,logistic_regression,lr-oulad-c105-s42-v4
Precision-Recall,0.8117816091954023,0.7257546563904945,0.3165184717388287,test,logistic_regression,lr-oulad-c105-s42-v4
Precision-Recall,0.8117816091954023,0.7262210796915167,0.31655488468727755,test,logistic_regression,lr-oulad-c105-s42-v4
Precision-Recall,0.8117816091954023,0.7266881028938906,0.3173002764577896,test,logistic_regression,lr-oulad-c105-s42-v4
Precision-Recall,0.8110632183908046,0.7265122265122265,0.3179357184680981,test,logistic_regression,lr-oulad-c105-s42-v4
Precision-Recall,0.8103448275862069,0.7263361236316807,0.3179758032914631,test,logistic_regression,lr-oulad-c105-s42-v4
Precision-Recall,0.8103448275862069,0.7268041237113402,0.31844690553568866,test,logistic_regression,lr-oulad-c105-s42-v4
Precision-Recall,0.8096264367816092,0.7266279819471309,0.318593561752752,test,logistic_regression,lr-oulad-c105-s42-v4
Precision-Recall,0.8096264367816092,0.7270967741935483,0.3186785307410188,test,logistic_regression,lr-oulad-c105-s42-v4
Precision-Recall,0.8089080459770115,0.7269205939315687,0.31868632221031606,test,logistic_regression,lr-oulad-c105-s42-v4
Precision-Recall,0.8089080459770115,0.727390180878553,0.3187697568252472,test,logistic_regression,lr-oulad-c105-s42-v4
Precision-Recall,0.8089080459770115,0.7278603749191984,0.3191159882232002,test,logistic_regression,lr-oulad-c105-s42-v4
Precision-Recall,0.8081896551724138,0.7276843467011643,0.32007706161919136,test,logistic_regression,lr-oulad-c105-s42-v4
Precision-Recall,0.8081896551724138,0.7281553398058253,0.32052131334316386,test,logistic_regression,lr-oulad-c105-s42-v4
Precision-Recall,0.8074712643678161,0.727979274611399,0.3206773443204282,test,logistic_regression,lr-oulad-c105-s42-v4
Precision-Recall,0.8067528735632183,0.727802981205444,0.32071713859753004,test,logistic_regression,lr-oulad-c105-s42-v4
Precision-Recall,0.8060344827586207,0.7276264591439688,0.32074384801005773,test,logistic_regression,lr-oulad-c105-s42-v4
Precision-Recall,0.8060344827586207,0.72809863724854,0.3208064834918003,test,logistic_regression,lr-oulad-c105-s42-v4
Precision-Recall,0.8060344827586207,0.7285714285714285,0.3208245318524249,test,logistic_regression,lr-oulad-c105-s42-v4
Precision-Recall,0.8060344827586207,0.7290448343079922,0.32118063977982186,test,logistic_regression,lr-oulad-c105-s42-v4
Precision-Recall,0.8060344827586207,0.729518855656697,0.321382387621742,test,logistic_regression,lr-oulad-c105-s42-v4
Precision-Recall,0.8060344827586207,0.7299934938191281,0.32182237647949336,test,logistic_regression,lr-oulad-c105-s42-v4
Precision-Recall,0.805316091954023,0.7298177083333334,0.32186948626318107,test,logistic_regression,lr-oulad-c105-s42-v4
Precision-Recall,0.805316091954023,0.7302931596091206,0.3219137136693836,test,logistic_regression,lr-oulad-c105-s42-v4
Precision-Recall,0.805316091954023,0.7307692307692307,0.3223832866272558,test,logistic_regression,lr-oulad-c105-s42-v4
Precision-Recall,0.8045977011494253,0.730593607305936,0.32242035806569963,test,logistic_regression,lr-oulad-c105-s42-v4
Precision-Recall,0.8045977011494253,0.7310704960835509,0.3228701667635706,test,logistic_regression,lr-oulad-c105-s42-v4
Precision-Recall,0.8045977011494253,0.7315480078380143,0.3232155737093263,test,logistic_regression,lr-oulad-c105-s42-v4
Precision-Recall,0.8045977011494253,0.7320261437908496,0.323254989611628,test,logistic_regression,lr-oulad-c105-s42-v4
Precision-Recall,0.8038793103448276,0.7318508829300197,0.32329033216785036,test,logistic_regression,lr-oulad-c105-s42-v4
Precision-Recall,0.8038793103448276,0.7323298429319371,0.3233564180479796,test,logistic_regression,lr-oulad-c105-s42-v4
Precision-Recall,0.8038793103448276,0.7328094302554028,0.32353357454694653,test,logistic_regression,lr-oulad-c105-s42-v4
Precision-Recall,0.8038793103448276,0.7332896461336829,0.3237699978090508,test,logistic_regression,lr-oulad-c105-s42-v4
Precision-Recall,0.8038793103448276,0.7337704918032787,0.3239150989682479,test,logistic_regression,lr-oulad-c105-s42-v4
Precision-Recall,0.8031609195402298,0.7335958005249343,0.32440296248789413,test,logistic_regression,lr-oulad-c105-s42-v4
Precision-Recall,0.8031609195402298,0.7340774786605384,0.32459513015219016,test,logistic_regression,lr-oulad-c105-s42-v4
Precision-Recall,0.8024425287356322,0.7339027595269383,0.32507425323142985,test,logistic_regression,lr-oulad-c105-s42-v4
Precision-Recall,0.8017241379310345,0.7337278106508875,0.32554380040919384,test,logistic_regression,lr-oulad-c105-s42-v4
Precision-Recall,0.8017241379310345,0.7342105263157894,0.3256834528579032,test,logistic_regression,lr-oulad-c105-s42-v4
Precision-Recall,0.8017241379310345,0.7346938775510204,0.3258507209326408,test,logistic_regression,lr-oulad-c105-s42-v4
Precision-Recall,0.8010057471264368,0.7345191040843215,0.32596144291150075,test,logistic_regression,lr-oulad-c105-s42-v4
Precision-Recall,0.8010057471264368,0.7350032959789057,0.32624491014696305,test,logistic_regression,lr-oulad-c105-s42-v4
Precision-Recall,0.8010057471264368,0.7354881266490765,0.3265692764689831,test,logistic_regression,lr-oulad-c105-s42-v4
Precision-Recall,0.8010057471264368,0.735973597359736,0.3269200255474443,test,logistic_regression,lr-oulad-c105-s42-v4
Precision-Recall,0.8010057471264368,0.7364597093791282,0.3269667261081289,test,logistic_regression,lr-oulad-c105-s42-v4
Precision-Recall,0.8010057471264368,0.73694646397885,0.3269838060988221,test,logistic_regression,lr-oulad-c105-s42-v4
Precision-Recall,0.8002873563218391,0.7367724867724867,0.3270356180632508,test,logistic_regression,lr-oulad-c105-s42-v4
Precision-Recall,0.7995689655172413,0.7365982792852416,0.32758757554251694,test,logistic_regression,lr-oulad-c105-s42-v4
Precision-Recall,0.7988505747126436,0.7364238410596027,0.3284771973126384,test,logistic_regression,lr-oulad-c105-s42-v4
Precision-Recall,0.798132183908046,0.7362491716368456,0.3295760193564959,test,logistic_regression,lr-oulad-c105-s42-v4
Precision-Recall,0.7974137931034483,0.7360742705570292,0.3297452522774297,test,logistic_regression,lr-oulad-c105-s42-v4
Precision-Recall,0.7974137931034483,0.7365627073656271,0.3300082719347562,test,logistic_regression,lr-oulad-c105-s42-v4
Precision-Recall,0.7974137931034483,0.7370517928286853,0.3301170964773058,test,logistic_regression,lr-oulad-c105-s42-v4
Precision-Recall,0.7966954022988506,0.7368770764119601,0.33018438563808333,test,logistic_regression,lr-oulad-c105-s42-v4
Precision-Recall,0.7966954022988506,0.7373670212765957,0.33021261256125556,test,logistic_regression,lr-oulad-c105-s42-v4
Precision-Recall,0.7966954022988506,0.737857618097139,0.3303194172951208,test,logistic_regression,lr-oulad-c105-s42-v4
Precision-Recall,0.7966954022988506,0.7383488681757656,0.33058393515052503,test,logistic_regression,lr-oulad-c105-s42-v4
Precision-Recall,0.7966954022988506,0.7388407728181212,0.33095743413791684,test,logistic_regression,lr-oulad-c105-s42-v4
Precision-Recall,0.7966954022988506,0.7393333333333333,0.33095928701442706,test,logistic_regression,lr-oulad-c105-s42-v4
Precision-Recall,0.7966954022988506,0.7398265510340227,0.33106136478382076,test,logistic_regression,lr-oulad-c105-s42-v4
Precision-Recall,0.7966954022988506,0.7403204272363151,0.3312531877921158,test,logistic_regression,lr-oulad-c105-s42-v4
Precision-Recall,0.7966954022988506,0.7408149632598531,0.3321160156049262,test,logistic_regression,lr-oulad-c105-s42-v4
Precision-Recall,0.7966954022988506,0.7413101604278075,0.33235648715959343,test,logistic_regression,lr-oulad-c105-s42-v4
Precision-Recall,0.7966954022988506,0.7418060200668897,0.33369782815291066,test,logistic_regression,lr-oulad-c105-s42-v4
Precision-Recall,0.7966954022988506,0.7423025435073628,0.33406895446061524,test,logistic_regression,lr-oulad-c105-s42-v4
Precision-Recall,0.7959770114942529,0.7421299397186872,0.3341804764947421,test,logistic_regression,lr-oulad-c105-s42-v4
Precision-Recall,0.7959770114942529,0.7426273458445041,0.33426872324554063,test,logistic_regression,lr-oulad-c105-s42-v4
Precision-Recall,0.7959770114942529,0.7431254191817572,0.33442468558788113,test,logistic_regression,lr-oulad-c105-s42-v4
Precision-Recall,0.7959770114942529,0.7436241610738255,0.3347800861445615,test,logistic_regression,lr-oulad-c105-s42-v4
Precision-Recall,0.7959770114942529,0.7441235728676965,0.33497485343199834,test,logistic_regression,lr-oulad-c105-s42-v4
Precision-Recall,0.7959770114942529,0.7446236559139785,0.3350264178227806,test,logistic_regression,lr-oulad-c105-s42-v4
Precision-Recall,0.7959770114942529,0.7451244115669132,0.33503497346173056,test,logistic_regression,lr-oulad-c105-s42-v4
Precision-Recall,0.7959770114942529,0.7456258411843876,0.33545538054782775,test,logistic_regression,lr-oulad-c105-s42-v4
Precision-Recall,0.7952586206896551,0.7454545454545455,0.33571317812356244,test,logistic_regression,lr-oulad-c105-s42-v4
Precision-Recall,0.7945402298850575,0.7452830188679245,0.3357947486934831,test,logistic_regression,lr-oulad-c105-s42-v4
Precision-Recall,0.7945402298850575,0.7457855697909642,0.33717595669218214,test,logistic_regression,lr-oulad-c105-s42-v4
Precision-Recall,0.7938218390804598,0.7456140350877193,0.3380638170563374,test,logistic_regression,lr-oulad-c105-s42-v4
Precision-Recall,0.7938218390804598,0.7461174881836596,0.3382924963433701,test,logistic_regression,lr-oulad-c105-s42-v4
Precision-Recall,0.7938218390804598,0.7466216216216216,0.3384264955831801,test,logistic_regression,lr-oulad-c105-s42-v4
Precision-Recall,0.7931034482758621,0.7464503042596349,0.33850028059353865,test,logistic_regression,lr-oulad-c105-s42-v4
Precision-Recall,0.7923850574712644,0.7462787550744249,0.3387716546719474,test,logistic_regression,lr-oulad-c105-s42-v4
Precision-Recall,0.7923850574712644,0.7467840216655383,0.33898857023957135,test,logistic_regression,lr-oulad-c105-s42-v4
Precision-Recall,0.7923850574712644,0.747289972899729,0.340172108545417,test,logistic_regression,lr-oulad-c105-s42-v4
Precision-Recall,0.7916666666666666,0.7471186440677966,0.34086730608869764,test,logistic_regression,lr-oulad-c105-s42-v4
Precision-Recall,0.7916666666666666,0.7476255088195387,0.3420733308511001,test,logistic_regression,lr-oulad-c105-s42-v4
Precision-Recall,0.7916666666666666,0.748133061778683,0.3422236458246391,test,logistic_regression,lr-oulad-c105-s42-v4
Precision-Recall,0.7916666666666666,0.748641304347826,0.3423918545391788,test,logistic_regression,lr-oulad-c105-s42-v4
Precision-Recall,0.7916666666666666,0.7491502379333786,0.34249735161349393,test,logistic_regression,lr-oulad-c105-s42-v4
Precision-Recall,0.7916666666666666,0.7496598639455783,0.34264814487204975,test,logistic_regression,lr-oulad-c105-s42-v4
Precision-Recall,0.7916666666666666,0.7501701837985024,0.3428081364663971,test,logistic_regression,lr-oulad-c105-s42-v4
Precision-Recall,0.7916666666666666,0.7506811989100818,0.34324018015363866,test,logistic_regression,lr-oulad-c105-s42-v4
Precision-Recall,0.7916666666666666,0.7511929107021131,0.34364949908032155,test,logistic_regression,lr-oulad-c105-s42-v4
Precision-Recall,0.7916666666666666,0.7517053206002728,0.34367384402863943,test,logistic_regression,lr-oulad-c105-s42-v4
Precision-Recall,0.790948275862069,0.7515358361774744,0.34386883463725937,test,logistic_regression,lr-oulad-c105-s42-v4
Precision-Recall,0.790948275862069,0.7520491803278688,0.3440754661689958,test,logistic_regression,lr-oulad-c105-s42-v4
Precision-Recall,0.790948275862069,0.7525632262474368,0.3446917948399095,test,logistic_regression,lr-oulad-c105-s42-v4
Precision-Recall,0.790948275862069,0.753077975376197,0.34513278321280005,test,logistic_regression,lr-oulad-c105-s42-v4
Precision-Recall,0.790948275862069,0.7535934291581109,0.34533900038776794,test,logistic_regression,lr-oulad-c105-s42-v4
Precision-Recall,0.790948275862069,0.7541095890410959,0.34602329581585184,test,logistic_regression,lr-oulad-c105-s42-v4
Precision-Recall,0.7902298850574713,0.7539410555174777,0.34627840951418276,test,logistic_regression,lr-oulad-c105-s42-v4
Precision-Recall,0.7902298850574713,0.7544581618655692,0.34699831029327693,test,logistic_regression,lr-oulad-c105-s42-v4
Precision-Recall,0.7902298850574713,0.7549759780370625,0.3473289755871295,test,logistic_regression,lr-oulad-c105-s42-v4
Precision-Recall,0.7895114942528736,0.7548076923076923,0.34734140872187064,test,logistic_regression,lr-oulad-c105-s42-v4
Precision-Recall,0.7887931034482759,0.7546391752577319,0.34796790865063276,test,logistic_regression,lr-oulad-c105-s42-v4
Precision-Recall,0.7887931034482759,0.7551581843191196,0.3480185222681265,test,logistic_regression,lr-oulad-c105-s42-v4
Precision-Recall,0.7880747126436781,0.7549896765313145,0.3485401162951557,test,logistic_regression,lr-oulad-c105-s42-v4
Precision-Recall,0.7880747126436781,0.7555096418732782,0.34857165546825947,test,logistic_regression,lr-oulad-c105-s42-v4
Precision-Recall,0.7880747126436781,0.7560303239145417,0.34884491677631013,test,logistic_regression,lr-oulad-c105-s42-v4
Precision-Recall,0.7880747126436781,0.756551724137931,0.3489446271301114,test,logistic_regression,lr-oulad-c105-s42-v4
Precision-Recall,0.7873563218390804,0.756383712905452,0.34904826279276874,test,logistic_regression,lr-oulad-c105-s42-v4
Precision-Recall,0.7866379310344828,0.7562154696132597,0.3490693832667978,test,logistic_regression,lr-oulad-c105-s42-v4
Precision-Recall,0.7859195402298851,0.756046993780235,0.3492683070203667,test,logistic_regression,lr-oulad-c105-s42-v4
Precision-Recall,0.7859195402298851,0.7565698478561549,0.34974975226791294,test,logistic_regression,lr-oulad-c105-s42-v4
Precision-Recall,0.7852011494252874,0.756401384083045,0.34989419165480756,test,logistic_regression,lr-oulad-c105-s42-v4
Precision-Recall,0.7844827586206896,0.7562326869806094,0.3499677188671862,test,logistic_regression,lr-oulad-c105-s42-v4
Precision-Recall,0.7844827586206896,0.7567567567567568,0.35073649532634815,test,logistic_regression,lr-oulad-c105-s42-v4
Precision-Recall,0.7837643678160919,0.7565880721220527,0.3509559762428247,test,logistic_regression,lr-oulad-c105-s42-v4
Precision-Recall,0.7830459770114943,0.7564191533657183,0.35128029771615377,test,logistic_regression,lr-oulad-c105-s42-v4
Precision-Recall,0.7830459770114943,0.7569444444444444,0.35167157765051116,test,logistic_regression,lr-oulad-c105-s42-v4
Precision-Recall,0.7830459770114943,0.7574704656011119,0.35256142593939765,test,logistic_regression,lr-oulad-c105-s42-v4
Precision-Recall,0.7823275862068966,0.7573018080667594,0.35291242460342065,test,logistic_regression,lr-oulad-c105-s42-v4
Precision-Recall,0.7823275862068966,0.7578288100208769,0.3532934276387734,test,logistic_regression,lr-oulad-c105-s42-v4
Precision-Recall,0.7816091954022989,0.7576601671309192,0.3537133448598688,test,logistic_regression,lr-oulad-c105-s42-v4
Precision-Recall,0.7808908045977011,0.7574912891986063,0.3537891242462521,test,logistic_regression,lr-oulad-c105-s42-v4
Precision-Recall,0.7801724137931034,0.7573221757322176,0.3538432960223869,test,logistic_regression,lr-oulad-c105-s42-v4
Precision-Recall,0.7801724137931034,0.7578506629448709,0.3548785481328111,test,logistic_regression,lr-oulad-c105-s42-v4
Precision-Recall,0.7801724137931034,0.7583798882681564,0.3549366093665908,test,logistic_regression,lr-oulad-c105-s42-v4
Precision-Recall,0.7801724137931034,0.7589098532494759,0.3550673860854678,test,logistic_regression,lr-oulad-c105-s42-v4
Precision-Recall,0.7801724137931034,0.7594405594405594,0.35515217938479543,test,logistic_regression,lr-oulad-c105-s42-v4
Precision-Recall,0.7801724137931034,0.7599720083974808,0.3551942641463607,test,logistic_regression,lr-oulad-c105-s42-v4
Precision-Recall,0.7801724137931034,0.7605042016806722,0.35535931854050895,test,logistic_regression,lr-oulad-c105-s42-v4
Precision-Recall,0.7801724137931034,0.7610371408549405,0.3559394344960762,test,logistic_regression,lr-oulad-c105-s42-v4
Precision-Recall,0.7794540229885057,0.7608695652173914,0.35619331178146796,test,logistic_regression,lr-oulad-c105-s42-v4
Precision-Recall,0.7787356321839081,0.7607017543859649,0.3562142015656741,test,logistic_regression,lr-oulad-c105-s42-v4
Precision-Recall,0.7787356321839081,0.7612359550561798,0.3563028483220524,test,logistic_regression,lr-oulad-c105-s42-v4
Precision-Recall,0.7780172413793104,0.7610681658468025,0.35655425516400696,test,logistic_regression,lr-oulad-c105-s42-v4
Precision-Recall,0.7780172413793104,0.7616033755274262,0.35659828451105946,test,logistic_regression,lr-oulad-c105-s42-v4
Precision-Recall,0.7772988505747126,0.7614356087262492,0.3577069873395001,test,logistic_regression,lr-oulad-c105-s42-v4
Precision-Recall,0.7772988505747126,0.7619718309859155,0.35786464513038996,test,logistic_regression,lr-oulad-c105-s42-v4
Precision-Recall,0.7765804597701149,0.7618040873854828,0.35814853097170485,test,logistic_regression,lr-oulad-c105-s42-v4
Precision-Recall,0.7758620689655172,0.7616361071932299,0.35844753993327044,test,logistic_regression,lr-oulad-c105-s42-v4
Precision-Recall,0.7758620689655172,0.7621736062103035,0.3585702739719131,test,logistic_regression,lr-oulad-c105-s42-v4
Precision-Recall,0.7758620689655172,0.7627118644067796,0.3589325027629654,test,logistic_regression,lr-oulad-c105-s42-v4
Precision-Recall,0.7751436781609196,0.7625441696113074,0.3601944258035895,test,logistic_regression,lr-oulad-c105-s42-v4
Precision-Recall,0.7744252873563219,0.7623762376237624,0.36083859021974757,test,logistic_regression,lr-oulad-c105-s42-v4
Precision-Recall,0.7744252873563219,0.7629157820240623,0.3611797405848682,test,logistic_regression,lr-oulad-c105-s42-v4
Precision-Recall,0.7744252873563219,0.7634560906515581,0.36139757824426333,test,logistic_regression,lr-oulad-c105-s42-v4
Precision-Recall,0.7744252873563219,0.7639971651311127,0.36161882984900817,test,logistic_regression,lr-oulad-c105-s42-v4
Precision-Recall,0.7737068965517241,0.7638297872340426,0.3620986888276683,test,logistic_regression,lr-oulad-c105-s42-v4
Precision-Recall,0.7729885057471264,0.7636621717530163,0.36239999669116013,test,logistic_regression,lr-oulad-c105-s42-v4
Precision-Recall,0.7729885057471264,0.7642045454545454,0.36260340981440564,test,logistic_regression,lr-oulad-c105-s42-v4
Precision-Recall,0.7729885057471264,0.7647476901208244,0.3627553161815824,test,logistic_regression,lr-oulad-c105-s42-v4
Precision-Recall,0.7729885057471264,0.7652916073968705,0.36312488032378776,test,logistic_regression,lr-oulad-c105-s42-v4
Precision-Recall,0.7729885057471264,0.7658362989323844,0.36327596936531875,test,logistic_regression,lr-oulad-c105-s42-v4
Precision-Recall,0.7729885057471264,0.7663817663817664,0.3632927601641524,test,logistic_regression,lr-oulad-c105-s42-v4
Precision-Recall,0.7722701149425287,0.7662152530292231,0.36353640805374376,test,logistic_regression,lr-oulad-c105-s42-v4
Precision-Recall,0.7722701149425287,0.7667617689015692,0.3652250677691455,test,logistic_regression,lr-oulad-c105-s42-v4
Precision-Recall,0.7722701149425287,0.7673090649536045,0.3654355574021128,test,logistic_regression,lr-oulad-c105-s42-v4
Precision-Recall,0.7722701149425287,0.7678571428571429,0.3655277482276928,test,logistic_regression,lr-oulad-c105-s42-v4
Precision-Recall,0.771551724137931,0.7676912080057183,0.3660449892920861,test,logistic_regression,lr-oulad-c105-s42-v4
Precision-Recall,0.7708333333333334,0.7675250357653791,0.36716427418928255,test,logistic_regression,lr-oulad-c105-s42-v4
Precision-Recall,0.7708333333333334,0.7680744452397996,0.3676930070609457,test,logistic_regression,lr-oulad-c105-s42-v4
Precision-Recall,0.7708333333333334,0.7686246418338109,0.3677015319499219,test,logistic_regression,lr-oulad-c105-s42-v4
Precision-Recall,0.7708333333333334,0.7691756272401433,0.36808080582042524,test,logistic_regression,lr-oulad-c105-s42-v4
Precision-Recall,0.7701149425287356,0.7690100430416069,0.36820436721851835,test,logistic_regression,lr-oulad-c105-s42-v4
Precision-Recall,0.7701149425287356,0.7695620961952621,0.3686279632545237,test,logistic_regression,lr-oulad-c105-s42-v4
Precision-Recall,0.7693965517241379,0.7693965517241379,0.36956280346958903,test,logistic_regression,lr-oulad-c105-s42-v4
Precision-Recall,0.7693965517241379,0.7699496764917325,0.37003420580896235,test,logistic_regression,lr-oulad-c105-s42-v4
Precision-Recall,0.7686781609195402,0.7697841726618705,0.37111925464950934,test,logistic_regression,lr-oulad-c105-s42-v4
Precision-Recall,0.7686781609195402,0.7703383729301656,0.37209690244662463,test,logistic_regression,lr-oulad-c105-s42-v4
Precision-Recall,0.7679597701149425,0.7701729106628242,0.3721247982914534,test,logistic_regression,lr-oulad-c105-s42-v4
Precision-Recall,0.7672413793103449,0.7700072098053352,0.372150633172816,test,logistic_regression,lr-oulad-c105-s42-v4
Precision-Recall,0.7672413793103449,0.7705627705627706,0.37220346492898193,test,logistic_regression,lr-oulad-c105-s42-v4
Precision-Recall,0.7672413793103449,0.7711191335740072,0.3727999279334559,test,logistic_regression,lr-oulad-c105-s42-v4
Precision-Recall,0.7665229885057471,0.7709537572254336,0.37334912036719003,test,logistic_regression,lr-oulad-c105-s42-v4
Precision-Recall,0.7658045977011494,0.7707881417208966,0.37382879107262057,test,logistic_regression,lr-oulad-c105-s42-v4
Precision-Recall,0.7658045977011494,0.7713458755426917,0.3738934941169319,test,logistic_regression,lr-oulad-c105-s42-v4
Precision-Recall,0.7658045977011494,0.7719044170890659,0.37491362150370683,test,logistic_regression,lr-oulad-c105-s42-v4
Precision-Recall,0.7658045977011494,0.7724637681159421,0.3753650374814644,test,logistic_regression,lr-oulad-c105-s42-v4
Precision-Recall,0.7650862068965517,0.7722987672226251,0.3761411917083954,test,logistic_regression,lr-oulad-c105-s42-v4
Precision-Recall,0.7650862068965517,0.7728592162554426,0.3761974341071374,test,logistic_regression,lr-oulad-c105-s42-v4
Precision-Recall,0.7650862068965517,0.7734204793028322,0.37689353472836473,test,logistic_regression,lr-oulad-c105-s42-v4
Precision-Recall,0.7650862068965517,0.7739825581395349,0.37691615787937993,test,logistic_regression,lr-oulad-c105-s42-v4
Precision-Recall,0.7650862068965517,0.7745454545454545,0.3771843933138739,test,logistic_regression,lr-oulad-c105-s42-v4
Precision-Recall,0.7650862068965517,0.7751091703056768,0.3772938257323463,test,logistic_regression,lr-oulad-c105-s42-v4
Precision-Recall,0.764367816091954,0.7749453750910416,0.37743751416254656,test,logistic_regression,lr-oulad-c105-s42-v4
Precision-Recall,0.764367816091954,0.7755102040816326,0.37812907297033865,test,logistic_regression,lr-oulad-c105-s42-v4
Precision-Recall,0.7636494252873564,0.775346462436178,0.3782150436953458,test,logistic_regression,lr-oulad-c105-s42-v4
Precision-Recall,0.7636494252873564,0.775912408759124,0.3788594950686313,test,logistic_regression,lr-oulad-c105-s42-v4
Precision-Recall,0.7636494252873564,0.7764791818845873,0.37958648085766794,test,logistic_regression,lr-oulad-c105-s42-v4
Precision-Recall,0.7636494252873564,0.777046783625731,0.38074730297128534,test,logistic_regression,lr-oulad-c105-s42-v4
Precision-Recall,0.7636494252873564,0.7776152158010241,0.3808159939782787,test,logistic_regression,lr-oulad-c105-s42-v4
Precision-Recall,0.7636494252873564,0.7781844802342606,0.38102757775740226,test,logistic_regression,lr-oulad-c105-s42-v4
Precision-Recall,0.7629310344827587,0.778021978021978,0.38110735325486045,test,logistic_regression,lr-oulad-c105-s42-v4
Precision-Recall,0.7629310344827587,0.7785923753665689,0.38124751336008417,test,logistic_regression,lr-oulad-c105-s42-v4
Precision-Recall,0.7629310344827587,0.7791636096845195,0.38130447882740365,test,logistic_regression,lr-oulad-c105-s42-v4
Precision-Recall,0.7629310344827587,0.7797356828193832,0.381388711223068,test,logistic_regression,lr-oulad-c105-s42-v4
Precision-Recall,0.7629310344827587,0.7803085966201323,0.3817189931814448,test,logistic_regression,lr-oulad-c105-s42-v4
Precision-Recall,0.7622126436781609,0.7801470588235294,0.3821194752130411,test,logistic_regression,lr-oulad-c105-s42-v4
Precision-Recall,0.7614942528735632,0.7799852832965416,0.3825649590927729,test,logistic_regression,lr-oulad-c105-s42-v4
Precision-Recall,0.7614942528735632,0.780559646539028,0.3836396901679248,test,logistic_regression,lr-oulad-c105-s42-v4
Precision-Recall,0.7607758620689655,0.7803979366249079,0.38437690668947544,test,logistic_regression,lr-oulad-c105-s42-v4
Precision-Recall,0.7600574712643678,0.7802359882005899,0.3850747412579539,test,logistic_regression,lr-oulad-c105-s42-v4
Precision-Recall,0.7600574712643678,0.7808118081180812,0.38514296343690785,test,logistic_regression,lr-oulad-c105-s42-v4
Precision-Recall,0.7600574712643678,0.7813884785819794,0.38527728993111354,test,logistic_regression,lr-oulad-c105-s42-v4
Precision-Recall,0.7593390804597702,0.7812269031781227,0.38530042101961903,test,logistic_regression,lr-oulad-c105-s42-v4
Precision-Recall,0.7586206896551724,0.7810650887573964,0.38588434931076987,test,logistic_regression,lr-oulad-c105-s42-v4
Precision-Recall,0.7586206896551724,0.7816432272390822,0.3860071098156264,test,logistic_regression,lr-oulad-c105-s42-v4
Precision-Recall,0.7579022988505747,0.7814814814814814,0.3868765877941423,test,logistic_regression,lr-oulad-c105-s42-v4
Precision-Recall,0.7579022988505747,0.782060785767235,0.3870481394211608,test,logistic_regression,lr-oulad-c105-s42-v4
Precision-Recall,0.7579022988505747,0.7826409495548962,0.3871375511771729,test,logistic_regression,lr-oulad-c105-s42-v4
Precision-Recall,0.7579022988505747,0.7832219747587231,0.38723372058661903,test,logistic_regression,lr-oulad-c105-s42-v4
Precision-Recall,0.757183908045977,0.7830609212481426,0.38734359442962496,test,logistic_regression,lr-oulad-c105-s42-v4
Precision-Recall,0.7564655172413793,0.7828996282527881,0.3874820630668796,test,logistic_regression,lr-oulad-c105-s42-v4
Precision-Recall,0.7564655172413793,0.7834821428571429,0.38766365278348697,test,logistic_regression,lr-oulad-c105-s42-v4
Precision-Recall,0.7564655172413793,0.7840655249441548,0.38897437268404605,test,logistic_regression,lr-oulad-c105-s42-v4
Precision-Recall,0.7564655172413793,0.7846497764530551,0.389686218168792,test,logistic_regression,lr-oulad-c105-s42-v4
Precision-Recall,0.7557471264367817,0.7844891871737509,0.39032340208366406,test,logistic_regression,lr-oulad-c105-s42-v4
Precision-Recall,0.7550287356321839,0.7843283582089552,0.390854288165743,test,logistic_regression,lr-oulad-c105-s42-v4
Precision-Recall,0.7550287356321839,0.7849141150112023,0.3912748449221597,test,logistic_regression,lr-oulad-c105-s42-v4
Precision-Recall,0.7550287356321839,0.7855007473841554,0.3912958880583106,test,logistic_regression,lr-oulad-c105-s42-v4
Precision-Recall,0.7550287356321839,0.7860882572924458,0.3914174204882877,test,logistic_regression,lr-oulad-c105-s42-v4
Precision-Recall,0.7550287356321839,0.7866766467065869,0.39160203141920685,test,logistic_regression,lr-oulad-c105-s42-v4
Precision-Recall,0.7543103448275862,0.7865168539325843,0.39188060041752737,test,logistic_regression,lr-oulad-c105-s42-v4
Precision-Recall,0.7543103448275862,0.7871064467766117,0.39222182372460584,test,logistic_regression,lr-oulad-c105-s42-v4
Precision-Recall,0.7535919540229885,0.786946736684171,0.39232236566609263,test,logistic_regression,lr-oulad-c105-s42-v4
Precision-Recall,0.7535919540229885,0.7875375375375375,0.39291057115815353,test,logistic_regression,lr-oulad-c105-s42-v4
Precision-Recall,0.7535919540229885,0.7881292261457551,0.39314885396246235,test,logistic_regression,lr-oulad-c105-s42-v4
Precision-Recall,0.7528735632183908,0.7879699248120301,0.39327646765072083,test,logistic_regression,lr-oulad-c105-s42-v4
Precision-Recall,0.7521551724137931,0.7878103837471784,0.39386867528646236,test,logistic_regression,lr-oulad-c105-s42-v4
Precision-Recall,0.7521551724137931,0.7884036144578314,0.3948634977725012,test,logistic_regression,lr-oulad-c105-s42-v4
Precision-Recall,0.7521551724137931,0.7889977392614921,0.3955725521834334,test,logistic_regression,lr-oulad-c105-s42-v4
Precision-Recall,0.7521551724137931,0.7895927601809954,0.3959492379232101,test,logistic_regression,lr-oulad-c105-s42-v4
Precision-Recall,0.7521551724137931,0.790188679245283,0.3959569128043333,test,logistic_regression,lr-oulad-c105-s42-v4
Precision-Recall,0.7514367816091954,0.7900302114803626,0.3959868269157494,test,logistic_regression,lr-oulad-c105-s42-v4
Precision-Recall,0.7514367816091954,0.7906273620559335,0.3966351715587182,test,logistic_regression,lr-oulad-c105-s42-v4
Precision-Recall,0.7507183908045977,0.7904689863842662,0.39721947305837385,test,logistic_regression,lr-oulad-c105-s42-v4
Precision-Recall,0.75,0.7903103709311128,0.39827332657694464,test,logistic_regression,lr-oulad-c105-s42-v4
Precision-Recall,0.7492816091954023,0.7901515151515152,0.39863993698660694,test,logistic_regression,lr-oulad-c105-s42-v4
Precision-Recall,0.7485632183908046,0.7899924184988628,0.3988018588488904,test,logistic_regression,lr-oulad-c105-s42-v4
Precision-Recall,0.7478448275862069,0.7898330804248862,0.39910490699689843,test,logistic_regression,lr-oulad-c105-s42-v4
Precision-Recall,0.7478448275862069,0.7904328018223234,0.3993181282292108,test,logistic_regression,lr-oulad-c105-s42-v4
Precision-Recall,0.7478448275862069,0.791033434650456,0.39939188134355,test,logistic_regression,lr-oulad-c105-s42-v4
Precision-Recall,0.7471264367816092,0.7908745247148289,0.4004288648547151,test,logistic_regression,lr-oulad-c105-s42-v4
Precision-Recall,0.7471264367816092,0.791476407914764,0.40075518317545805,test,logistic_regression,lr-oulad-c105-s42-v4
Precision-Recall,0.7471264367816092,0.7920792079207921,0.400963216361547,test,logistic_regression,lr-oulad-c105-s42-v4
Precision-Recall,0.7471264367816092,0.7926829268292683,0.40110118539776146,test,logistic_regression,lr-oulad-c105-s42-v4
Precision-Recall,0.7471264367816092,0.7932875667429443,0.40168106407580306,test,logistic_regression,lr-oulad-c105-s42-v4
Precision-Recall,0.7471264367816092,0.7938931297709924,0.4019908017782041,test,logistic_regression,lr-oulad-c105-s42-v4
Precision-Recall,0.7464080459770115,0.7937356760886173,0.4023956511862006,test,logistic_regression,lr-oulad-c105-s42-v4
Precision-Recall,0.7456896551724138,0.7935779816513762,0.4028892604218083,test,logistic_regression,lr-oulad-c105-s42-v4
Precision-Recall,0.7456896551724138,0.7941851568477429,0.40294720964194464,test,logistic_regression,lr-oulad-c105-s42-v4
Precision-Recall,0.7456896551724138,0.7947932618683001,0.4033841388986754,test,logistic_regression,lr-oulad-c105-s42-v4
Precision-Recall,0.7456896551724138,0.7954022988505747,0.4037965368711803,test,logistic_regression,lr-oulad-c105-s42-v4
Precision-Recall,0.7456896551724138,0.7960122699386503,0.403855394013564,test,logistic_regression,lr-oulad-c105-s42-v4
Precision-Recall,0.7449712643678161,0.7958557175748273,0.403857981537836,test,logistic_regression,lr-oulad-c105-s42-v4
Precision-Recall,0.7449712643678161,0.7964669738863287,0.403888001287545,test,logistic_regression,lr-oulad-c105-s42-v4
Precision-Recall,0.7449712643678161,0.7970791698693312,0.40446362151746434,test,logistic_regression,lr-oulad-c105-s42-v4
Precision-Recall,0.7442528735632183,0.796923076923077,0.40492540307025704,test,logistic_regression,lr-oulad-c105-s42-v4
Precision-Recall,0.7435344827586207,0.7967667436489607,0.40570155522917933,test,logistic_regression,lr-oulad-c105-s42-v4
Precision-Recall,0.742816091954023,0.7966101694915254,0.4061723860496322,test,logistic_regression,lr-oulad-c105-s42-v4
Precision-Recall,0.742816091954023,0.7972243639167309,0.4067341898025857,test,logistic_regression,lr-oulad-c105-s42-v4
Precision-Recall,0.742816091954023,0.7978395061728395,0.4070518028507857,test,logistic_regression,lr-oulad-c105-s42-v4
Precision-Recall,0.7420977011494253,0.7976833976833977,0.407065506058072,test,logistic_regression,lr-oulad-c105-s42-v4
Precision-Recall,0.7413793103448276,0.7975270479134466,0.4070826755068762,test,logistic_regression,lr-oulad-c105-s42-v4
Precision-Recall,0.7413793103448276,0.7981438515081206,0.4072436300169254,test,logistic_regression,lr-oulad-c105-s42-v4
Precision-Recall,0.7406609195402298,0.7979876160990712,0.40737763859356446,test,logistic_regression,lr-oulad-c105-s42-v4
Precision-Recall,0.7399425287356322,0.7978311386522076,0.4074452488504242,test,logistic_regression,lr-oulad-c105-s42-v4
Precision-Recall,0.7399425287356322,0.7984496124031008,0.40902201764158475,test,logistic_regression,lr-oulad-c105-s42-v4
Precision-Recall,0.7392241379310345,0.7982932505818464,0.40929290280623626,test,logistic_regression,lr-oulad-c105-s42-v4
Precision-Recall,0.7392241379310345,0.7989130434782609,0.40984380454626806,test,logistic_regression,lr-oulad-c105-s42-v4
Precision-Recall,0.7385057471264368,0.7987567987567987,0.409954684772406,test,logistic_regression,lr-oulad-c105-s42-v4
Precision-Recall,0.7377873563218391,0.7986003110419907,0.4100346404696024,test,logistic_regression,lr-oulad-c105-s42-v4
Precision-Recall,0.7377873563218391,0.7992217898832685,0.41016052193383185,test,logistic_regression,lr-oulad-c105-s42-v4
Precision-Recall,0.7377873563218391,0.7998442367601246,0.4109970310816461,test,logistic_regression,lr-oulad-c105-s42-v4
Precision-Recall,0.7377873563218391,0.8004676539360873,0.41122684386126557,test,logistic_regression,lr-oulad-c105-s42-v4
Precision-Recall,0.7377873563218391,0.8010920436817472,0.4120683663124862,test,logistic_regression,lr-oulad-c105-s42-v4
Precision-Recall,0.7377873563218391,0.8017174082747853,0.4124234939439577,test,logistic_regression,lr-oulad-c105-s42-v4
Precision-Recall,0.7370689655172413,0.8015625,0.412625262870779,test,logistic_regression,lr-oulad-c105-s42-v4
Precision-Recall,0.7370689655172413,0.8021892103205629,0.4136130342838105,test,logistic_regression,lr-oulad-c105-s42-v4
Precision-Recall,0.7370689655172413,0.8028169014084507,0.4138645367340845,test,logistic_regression,lr-oulad-c105-s42-v4
Precision-Recall,0.7363505747126436,0.8026624902114331,0.41398558360713067,test,logistic_regression,lr-oulad-c105-s42-v4
Precision-Recall,0.735632183908046,0.8025078369905956,0.414913132759622,test,logistic_regression,lr-oulad-c105-s42-v4
Precision-Recall,0.7349137931034483,0.8023529411764706,0.4155925737549534,test,logistic_regression,lr-oulad-c105-s42-v4
Precision-Recall,0.7341954022988506,0.8021978021978022,0.4164921599682817,test,logistic_regression,lr-oulad-c105-s42-v4
Precision-Recall,0.7334770114942529,0.8020424194815396,0.4170206166856539,test,logistic_regression,lr-oulad-c105-s42-v4
Precision-Recall,0.7327586206896551,0.8018867924528302,0.41746800417557395,test,logistic_regression,lr-oulad-c105-s42-v4
Precision-Recall,0.7320402298850575,0.8017309205350118,0.41827426655062305,test,logistic_regression,lr-oulad-c105-s42-v4
Precision-Recall,0.7313218390804598,0.8015748031496063,0.41875896869647017,test,logistic_regression,lr-oulad-c105-s42-v4
Precision-Recall,0.7306034482758621,0.8014184397163121,0.4188520548671677,test,logistic_regression,lr-oulad-c105-s42-v4
Precision-Recall,0.7298850574712644,0.8012618296529969,0.4194941206009181,test,logistic_regression,lr-oulad-c105-s42-v4
Precision-Recall,0.7298850574712644,0.8018942383583267,0.4200058247093383,test,logistic_regression,lr-oulad-c105-s42-v4
Precision-Recall,0.7298850574712644,0.8025276461295419,0.4203756053733901,test,logistic_regression,lr-oulad-c105-s42-v4
Precision-Recall,0.7291666666666666,0.8023715415019763,0.4219674285877272,test,logistic_regression,lr-oulad-c105-s42-v4
Precision-Recall,0.728448275862069,0.8022151898734177,0.42244753653851513,test,logistic_regression,lr-oulad-c105-s42-v4
Precision-Recall,0.728448275862069,0.8028503562945368,0.4224974612902402,test,logistic_regression,lr-oulad-c105-s42-v4
Precision-Recall,0.7277298850574713,0.8026941362916006,0.4226255678071717,test,logistic_regression,lr-oulad-c105-s42-v4
Precision-Recall,0.7277298850574713,0.8033306899286281,0.4229757704003169,test,logistic_regression,lr-oulad-c105-s42-v4
Precision-Recall,0.7277298850574713,0.803968253968254,0.42334782718264086,test,logistic_regression,lr-oulad-c105-s42-v4
Precision-Recall,0.7277298850574713,0.8046068308181096,0.4239341892886584,test,logistic_regression,lr-oulad-c105-s42-v4
Precision-Recall,0.7277298850574713,0.8052464228934817,0.4246181021103569,test,logistic_regression,lr-oulad-c105-s42-v4
Precision-Recall,0.7277298850574713,0.8058870326173428,0.4248202183620713,test,logistic_regression,lr-oulad-c105-s42-v4
Precision-Recall,0.7277298850574713,0.8065286624203821,0.4249847120665833,test,logistic_regression,lr-oulad-c105-s42-v4
Precision-Recall,0.7270114942528736,0.8063745019920319,0.4252753828739421,test,logistic_regression,lr-oulad-c105-s42-v4
Precision-Recall,0.7270114942528736,0.8070175438596491,0.4256915945151162,test,logistic_regression,lr-oulad-c105-s42-v4
Precision-Recall,0.7262931034482759,0.8068635275339185,0.4267950200864339,test,logistic_regression,lr-oulad-c105-s42-v4
Precision-Recall,0.7255747126436781,0.8067092651757188,0.42693834834518146,test,logistic_regression,lr-oulad-c105-s42-v4
Precision-Recall,0.7248563218390804,0.806554756195044,0.4271453904694948,test,logistic_regression,lr-oulad-c105-s42-v4
Precision-Recall,0.7241379310344828,0.8064,0.42728706161993096,test,logistic_regression,lr-oulad-c105-s42-v4
Precision-Recall,0.7241379310344828,0.8070456365092074,0.42847060866226006,test,logistic_regression,lr-oulad-c105-s42-v4
Precision-Recall,0.7241379310344828,0.8076923076923077,0.4286764317704742,test,logistic_regression,lr-oulad-c105-s42-v4
Precision-Recall,0.7234195402298851,0.8075380914194066,0.4296256315098904,test,logistic_regression,lr-oulad-c105-s42-v4
Precision-Recall,0.7234195402298851,0.8081861958266453,0.42965014847808175,test,logistic_regression,lr-oulad-c105-s42-v4
Precision-Recall,0.7227011494252874,0.8080321285140563,0.42972005389215484,test,logistic_regression,lr-oulad-c105-s42-v4
Precision-Recall,0.7219827586206896,0.8078778135048231,0.43085944719728814,test,logistic_regression,lr-oulad-c105-s42-v4
Precision-Recall,0.7212643678160919,0.8077232502011263,0.4318317174217957,test,logistic_regression,lr-oulad-c105-s42-v4
Precision-Recall,0.7205459770114943,0.8075684380032206,0.43223522202684905,test,logistic_regression,lr-oulad-c105-s42-v4
Precision-Recall,0.7205459770114943,0.8082191780821918,0.43229615122251996,test,logistic_regression,lr-oulad-c105-s42-v4
Precision-Recall,0.7198275862068966,0.8080645161290323,0.4328753789055835,test,logistic_regression,lr-oulad-c105-s42-v4
Precision-Recall,0.7198275862068966,0.8087167070217918,0.4330762418316437,test,logistic_regression,lr-oulad-c105-s42-v4
Precision-Recall,0.7198275862068966,0.8093699515347335,0.4344263100764274,test,logistic_regression,lr-oulad-c105-s42-v4
Precision-Recall,0.7198275862068966,0.8100242522231205,0.43451039600833163,test,logistic_regression,lr-oulad-c105-s42-v4
Precision-Recall,0.7198275862068966,0.8106796116504854,0.43466257066534564,test,logistic_regression,lr-oulad-c105-s42-v4
Precision-Recall,0.7191091954022989,0.8105263157894737,0.43509926129329013,test,logistic_regression,lr-oulad-c105-s42-v4
Precision-Recall,0.7183908045977011,0.8103727714748784,0.4351829246641106,test,logistic_regression,lr-oulad-c105-s42-v4
Precision-Recall,0.7183908045977011,0.8110300081103001,0.4374786269454933,test,logistic_regression,lr-oulad-c105-s42-v4
Precision-Recall,0.7176724137931034,0.8108766233766234,0.43916613427739687,test,logistic_regression,lr-oulad-c105-s42-v4
Precision-Recall,0.7176724137931034,0.8115353371242892,0.43936636006052515,test,logistic_regression,lr-oulad-c105-s42-v4
Precision-Recall,0.7169540229885057,0.8113821138211382,0.43991690673314127,test,logistic_regression,lr-oulad-c105-s42-v4
Precision-Recall,0.7162356321839081,0.8112286411716843,0.4409389075598953,test,logistic_regression,lr-oulad-c105-s42-v4
Precision-Recall,0.7162356321839081,0.8118892508143323,0.4415882559369355,test,logistic_regression,lr-oulad-c105-s42-v4
Precision-Recall,0.7155172413793104,0.8117359413202934,0.441674894211078,test,logistic_regression,lr-oulad-c105-s42-v4
Precision-Recall,0.7155172413793104,0.8123980424143556,0.44205057400921827,test,logistic_regression,lr-oulad-c105-s42-v4
Precision-Recall,0.7155172413793104,0.8130612244897959,0.44232150322642666,test,logistic_regression,lr-oulad-c105-s42-v4
Precision-Recall,0.7155172413793104,0.8137254901960784,0.44237633231801843,test,logistic_regression,lr-oulad-c105-s42-v4
Precision-Recall,0.7155172413793104,0.8143908421913328,0.4434236023619633,test,logistic_regression,lr-oulad-c105-s42-v4
Precision-Recall,0.7155172413793104,0.8150572831423896,0.44346902345672035,test,logistic_regression,lr-oulad-c105-s42-v4
Precision-Recall,0.7155172413793104,0.8157248157248157,0.4441069209491107,test,logistic_regression,lr-oulad-c105-s42-v4
Precision-Recall,0.7147988505747126,0.8155737704918032,0.4445292014813472,test,logistic_regression,lr-oulad-c105-s42-v4
Precision-Recall,0.7147988505747126,0.8162428219852338,0.4451081448905715,test,logistic_regression,lr-oulad-c105-s42-v4
Precision-Recall,0.7140804597701149,0.8160919540229885,0.4453436779096383,test,logistic_regression,lr-oulad-c105-s42-v4
Precision-Recall,0.7133620689655172,0.8159408381265407,0.44722042744479534,test,logistic_regression,lr-oulad-c105-s42-v4
Precision-Recall,0.7133620689655172,0.8166118421052632,0.4494909505417632,test,logistic_regression,lr-oulad-c105-s42-v4
Precision-Recall,0.7126436781609196,0.8164609053497942,0.44971178155532066,test,logistic_regression,lr-oulad-c105-s42-v4
Precision-Recall,0.7126436781609196,0.8171334431630972,0.4499481603108891,test,logistic_regression,lr-oulad-c105-s42-v4
Precision-Recall,0.7119252873563219,0.8169826875515251,0.450693708641338,test,logistic_regression,lr-oulad-c105-s42-v4
Precision-Recall,0.7112068965517241,0.8168316831683168,0.45074611192622066,test,logistic_regression,lr-oulad-c105-s42-v4
Precision-Recall,0.7112068965517241,0.8175061932287366,0.4509662072261768,test,logistic_regression,lr-oulad-c105-s42-v4
Precision-Recall,0.7112068965517241,0.8181818181818182,0.4511663405178703,test,logistic_regression,lr-oulad-c105-s42-v4
Precision-Recall,0.7104885057471264,0.8180314309346567,0.4514314455263142,test,logistic_regression,lr-oulad-c105-s42-v4
Precision-Recall,0.7104885057471264,0.8187086092715232,0.452325692144982,test,logistic_regression,lr-oulad-c105-s42-v4
Precision-Recall,0.7104885057471264,0.8193869096934548,0.4525569647519734,test,logistic_regression,lr-oulad-c105-s42-v4
Precision-Recall,0.7097701149425287,0.8192371475953566,0.4530691246786129,test,logistic_regression,lr-oulad-c105-s42-v4
Precision-Recall,0.7097701149425287,0.8199170124481328,0.4536132892628897,test,logistic_regression,lr-oulad-c105-s42-v4
Precision-Recall,0.709051724137931,0.8197674418604651,0.4538104546269292,test,logistic_regression,lr-oulad-c105-s42-v4
Precision-Recall,0.709051724137931,0.8204488778054863,0.4541229476895536,test,logistic_regression,lr-oulad-c105-s42-v4
Precision-Recall,0.709051724137931,0.8211314475873545,0.45453664662389115,test,logistic_regression,lr-oulad-c105-s42-v4
Precision-Recall,0.709051724137931,0.8218151540383014,0.45564065620691574,test,logistic_regression,lr-oulad-c105-s42-v4
Precision-Recall,0.709051724137931,0.8225,0.45677630690653903,test,logistic_regression,lr-oulad-c105-s42-v4
Precision-Recall,0.7083333333333334,0.8223519599666389,0.4576916244546089,test,logistic_regression,lr-oulad-c105-s42-v4
Precision-Recall,0.7076149425287356,0.82220367278798,0.458555375981613,test,logistic_regression,lr-oulad-c105-s42-v4
Precision-Recall,0.7068965517241379,0.8220551378446115,0.458699725718279,test,logistic_regression,lr-oulad-c105-s42-v4
Precision-Recall,0.7061781609195402,0.8219063545150501,0.45977672056804103,test,logistic_regression,lr-oulad-c105-s42-v4
Precision-Recall,0.7054597701149425,0.8217573221757322,0.46115723982114026,test,logistic_regression,lr-oulad-c105-s42-v4
Precision-Recall,0.7047413793103449,0.821608040201005,0.46135218462705785,test,logistic_regression,lr-oulad-c105-s42-v4
Precision-Recall,0.7047413793103449,0.8222967309304275,0.46169444162117307,test,logistic_regression,lr-oulad-c105-s42-v4
Precision-Recall,0.7047413793103449,0.822986577181208,0.4624322726866338,test,logistic_regression,lr-oulad-c105-s42-v4
Precision-Recall,0.7040229885057471,0.8228379513014273,0.46256643332018116,test,logistic_regression,lr-oulad-c105-s42-v4
Precision-Recall,0.7040229885057471,0.8235294117647058,0.46270047554590926,test,logistic_regression,lr-oulad-c105-s42-v4
Precision-Recall,0.7040229885057471,0.8242220353238016,0.4627908290580038,test,logistic_regression,lr-oulad-c105-s42-v4
Precision-Recall,0.7040229885057471,0.8249158249158249,0.46289755383016246,test,logistic_regression,lr-oulad-c105-s42-v4
Precision-Recall,0.7033045977011494,0.8247683235046336,0.46313443676477256,test,logistic_regression,lr-oulad-c105-s42-v4
Precision-Recall,0.7025862068965517,0.8246205733558178,0.4643989392672372,test,logistic_regression,lr-oulad-c105-s42-v4
Precision-Recall,0.701867816091954,0.8244725738396624,0.464937130707031,test,logistic_regression,lr-oulad-c105-s42-v4
Precision-Recall,0.701867816091954,0.825168918918919,0.465687011570353,test,logistic_regression,lr-oulad-c105-s42-v4
Precision-Recall,0.701867816091954,0.8258664412510567,0.46591952247700735,test,logistic_regression,lr-oulad-c105-s42-v4
Precision-Recall,0.701867816091954,0.8265651438240271,0.46840035219262094,test,logistic_regression,lr-oulad-c105-s42-v4
Precision-Recall,0.701867816091954,0.8272650296359018,0.46857170020542477,test,logistic_regression,lr-oulad-c105-s42-v4
Precision-Recall,0.7011494252873564,0.8271186440677966,0.4687258001526609,test,logistic_regression,lr-oulad-c105-s42-v4
Precision-Recall,0.7004310344827587,0.8269720101781171,0.4697331229519557,test,logistic_regression,lr-oulad-c105-s42-v4
Precision-Recall,0.7004310344827587,0.8276740237691002,0.47187766126923886,test,logistic_regression,lr-oulad-c105-s42-v4
Precision-Recall,0.7004310344827587,0.8283772302463891,0.4720130732093686,test,logistic_regression,lr-oulad-c105-s42-v4
Precision-Recall,0.6997126436781609,0.8282312925170068,0.4721171875460116,test,logistic_regression,lr-oulad-c105-s42-v4
Precision-Recall,0.6989942528735632,0.8280851063829787,0.47215133137108073,test,logistic_regression,lr-oulad-c105-s42-v4
Precision-Recall,0.6982758620689655,0.82793867120954,0.47242737335107426,test,logistic_regression,lr-oulad-c105-s42-v4
Precision-Recall,0.6982758620689655,0.8286445012787724,0.47260555495747747,test,logistic_regression,lr-oulad-c105-s42-v4
Precision-Recall,0.6982758620689655,0.8293515358361775,0.47409764417056577,test,logistic_regression,lr-oulad-c105-s42-v4
Precision-Recall,0.6975574712643678,0.829205807002562,0.47425788058613344,test,logistic_regression,lr-oulad-c105-s42-v4
Precision-Recall,0.6968390804597702,0.8290598290598291,0.4747109557916027,test,logistic_regression,lr-oulad-c105-s42-v4
Precision-Recall,0.6968390804597702,0.8297690333618477,0.47487746514398227,test,logistic_regression,lr-oulad-c105-s42-v4
Precision-Recall,0.6968390804597702,0.8304794520547946,0.47493849887048434,test,logistic_regression,lr-oulad-c105-s42-v4
Precision-Recall,0.6961206896551724,0.8303341902313625,0.4750111116605778,test,logistic_regression,lr-oulad-c105-s42-v4
Precision-Recall,0.6961206896551724,0.8310463121783876,0.47513625856642855,test,logistic_regression,lr-oulad-c105-s42-v4
Precision-Recall,0.6961206896551724,0.8317596566523605,0.47526935541835086,test,logistic_regression,lr-oulad-c105-s42-v4
Precision-Recall,0.6954022988505747,0.8316151202749141,0.47616823019886917,test,logistic_regression,lr-oulad-c105-s42-v4
Precision-Recall,0.694683908045977,0.8314703353396389,0.47713246550381394,test,logistic_regression,lr-oulad-c105-s42-v4
Precision-Recall,0.694683908045977,0.8321858864027539,0.4771675517099498,test,logistic_regression,lr-oulad-c105-s42-v4
Precision-Recall,0.6939655172413793,0.8320413436692506,0.47760157358355576,test,logistic_regression,lr-oulad-c105-s42-v4
Precision-Recall,0.6939655172413793,0.8327586206896552,0.4789110780573075,test,logistic_regression,lr-oulad-c105-s42-v4
Precision-Recall,0.6939655172413793,0.8334771354616048,0.47918633461409316,test,logistic_regression,lr-oulad-c105-s42-v4
Precision-Recall,0.6939655172413793,0.8341968911917098,0.4795800895707542,test,logistic_regression,lr-oulad-c105-s42-v4
Precision-Recall,0.6932471264367817,0.8340535868625756,0.4797864260098857,test,logistic_regression,lr-oulad-c105-s42-v4
Precision-Recall,0.6932471264367817,0.8347750865051903,0.47981199320900464,test,logistic_regression,lr-oulad-c105-s42-v4
Precision-Recall,0.6925287356321839,0.8346320346320346,0.4804274222378397,test,logistic_regression,lr-oulad-c105-s42-v4
Precision-Recall,0.6925287356321839,0.8353552859618717,0.4805503638524223,test,logistic_regression,lr-oulad-c105-s42-v4
Precision-Recall,0.6925287356321839,0.8360797918473547,0.4807302970669726,test,logistic_regression,lr-oulad-c105-s42-v4
Precision-Recall,0.6918103448275862,0.8359375,0.4807756069007868,test,logistic_regression,lr-oulad-c105-s42-v4
Precision-Recall,0.6918103448275862,0.8366637706342311,0.4808383461548186,test,logistic_regression,lr-oulad-c105-s42-v4
Precision-Recall,0.6910919540229885,0.8365217391304348,0.48441610441441185,test,logistic_regression,lr-oulad-c105-s42-v4
Precision-Recall,0.6910919540229885,0.8372497824194952,0.48482131756877234,test,logistic_regression,lr-oulad-c105-s42-v4
Precision-Recall,0.6910919540229885,0.837979094076655,0.4854740791286818,test,logistic_regression,lr-oulad-c105-s42-v4
Precision-Recall,0.6910919540229885,0.8387096774193549,0.48656744136656727,test,logistic_regression,lr-oulad-c105-s42-v4
Precision-Recall,0.6903735632183908,0.8385689354275742,0.48672502443668253,test,logistic_regression,lr-oulad-c105-s42-v4
Precision-Recall,0.6896551724137931,0.8384279475982532,0.48740350143983024,test,logistic_regression,lr-oulad-c105-s42-v4
Precision-Recall,0.6889367816091954,0.8382867132867133,0.48744678039971934,test,logistic_regression,lr-oulad-c105-s42-v4
Precision-Recall,0.6889367816091954,0.8390201224846894,0.4884877184856265,test,logistic_regression,lr-oulad-c105-s42-v4
Precision-Recall,0.6882183908045977,0.8388791593695272,0.48894371288364635,test,logistic_regression,lr-oulad-c105-s42-v4
Precision-Recall,0.6875,0.838737949167397,0.4890268734003908,test,logistic_regression,lr-oulad-c105-s42-v4
Precision-Recall,0.6875,0.8394736842105263,0.48929387209296715,test,logistic_regression,lr-oulad-c105-s42-v4
Precision-Recall,0.6875,0.8402107111501317,0.4894051765105588,test,logistic_regression,lr-oulad-c105-s42-v4
Precision-Recall,0.6875,0.8409490333919156,0.48978177122424776,test,logistic_regression,lr-oulad-c105-s42-v4
Precision-Recall,0.6867816091954023,0.8408091468777484,0.4905530117914827,test,logistic_regression,lr-oulad-c105-s42-v4
Precision-Recall,0.6860632183908046,0.840669014084507,0.4918439654253959,test,logistic_regression,lr-oulad-c105-s42-v4
Precision-Recall,0.6853448275862069,0.8405286343612335,0.4934518929990654,test,logistic_regression,lr-oulad-c105-s42-v4
Precision-Recall,0.6846264367816092,0.8403880070546738,0.4937768022003694,test,logistic_regression,lr-oulad-c105-s42-v4
Precision-Recall,0.6839080459770115,0.8402471315092674,0.4939408801689144,test,logistic_regression,lr-oulad-c105-s42-v4
Precision-Recall,0.6831896551724138,0.8401060070671378,0.49402955396445203,test,logistic_regression,lr-oulad-c105-s42-v4
Precision-Recall,0.6831896551724138,0.8408488063660478,0.49430433866840995,test,logistic_regression,lr-oulad-c105-s42-v4
Precision-Recall,0.6824712643678161,0.8407079646017699,0.49479621065878304,test,logistic_regression,lr-oulad-c105-s42-v4
Precision-Recall,0.6824712643678161,0.8414526129317981,0.49506318252132253,test,logistic_regression,lr-oulad-c105-s42-v4
Precision-Recall,0.6817528735632183,0.8413120567375887,0.4950763374776283,test,logistic_regression,lr-oulad-c105-s42-v4
Precision-Recall,0.6810344827586207,0.8411712511091393,0.495192371879631,test,logistic_regression,lr-oulad-c105-s42-v4
Precision-Recall,0.680316091954023,0.8410301953818827,0.4952941224782457,test,logistic_regression,lr-oulad-c105-s42-v4
Precision-Recall,0.6795977011494253,0.8408888888888889,0.4953316866629781,test,logistic_regression,lr-oulad-c105-s42-v4
Precision-Recall,0.6795977011494253,0.8416370106761566,0.4958507051285177,test,logistic_regression,lr-oulad-c105-s42-v4
Precision-Recall,0.6795977011494253,0.8423864648263579,0.4967937411331339,test,logistic_regression,lr-oulad-c105-s42-v4
Precision-Recall,0.6795977011494253,0.8431372549019608,0.496878300025907,test,logistic_regression,lr-oulad-c105-s42-v4
Precision-Recall,0.6788793103448276,0.8429973238180196,0.4977008285000941,test,logistic_regression,lr-oulad-c105-s42-v4
Precision-Recall,0.6781609195402298,0.8428571428571429,0.4980657517948905,test,logistic_regression,lr-oulad-c105-s42-v4
Precision-Recall,0.6781609195402298,0.8436103663985701,0.4988942293514491,test,logistic_regression,lr-oulad-c105-s42-v4
Precision-Recall,0.6781609195402298,0.8443649373881932,0.49940241187453277,test,logistic_regression,lr-oulad-c105-s42-v4
Precision-Recall,0.6774425287356322,0.8442256042972247,0.4995113596771671,test,logistic_regression,lr-oulad-c105-s42-v4
Precision-Recall,0.6767241379310345,0.8440860215053764,0.499713976127331,test,logistic_regression,lr-oulad-c105-s42-v4
Precision-Recall,0.6760057471264368,0.8439461883408071,0.49985579003216,test,logistic_regression,lr-oulad-c105-s42-v4
Precision-Recall,0.6760057471264368,0.8447037701974865,0.5007756641275672,test,logistic_regression,lr-oulad-c105-s42-v4
Precision-Recall,0.6760057471264368,0.8454627133872417,0.5009231681162074,test,logistic_regression,lr-oulad-c105-s42-v4
Precision-Recall,0.6752873563218391,0.8453237410071942,0.5012698739558689,test,logistic_regression,lr-oulad-c105-s42-v4
Precision-Recall,0.6752873563218391,0.8460846084608461,0.501754531917084,test,logistic_regression,lr-oulad-c105-s42-v4
Precision-Recall,0.6745689655172413,0.845945945945946,0.501817704633203,test,logistic_regression,lr-oulad-c105-s42-v4
Precision-Recall,0.6745689655172413,0.8467087466185753,0.5023420169654368,test,logistic_regression,lr-oulad-c105-s42-v4
Precision-Recall,0.6738505747126436,0.8465703971119134,0.5023462260758361,test,logistic_regression,lr-oulad-c105-s42-v4
Precision-Recall,0.673132183908046,0.8464317976513098,0.5024495093997545,test,logistic_regression,lr-oulad-c105-s42-v4
Precision-Recall,0.6724137931034483,0.8462929475587704,0.5034618979887542,test,logistic_regression,lr-oulad-c105-s42-v4
Precision-Recall,0.6716954022988506,0.8461538461538461,0.5036443687192826,test,logistic_regression,lr-oulad-c105-s42-v4
Precision-Recall,0.6709770114942529,0.8460144927536232,0.5039150854323118,test,logistic_regression,lr-oulad-c105-s42-v4
Precision-Recall,0.6702586206896551,0.8458748866727108,0.5046593672250471,test,logistic_regression,lr-oulad-c105-s42-v4
Precision-Recall,0.6695402298850575,0.8457350272232305,0.5049462534428325,test,logistic_regression,lr-oulad-c105-s42-v4
Precision-Recall,0.6695402298850575,0.846503178928247,0.505211350046363,test,logistic_regression,lr-oulad-c105-s42-v4
Precision-Recall,0.6695402298850575,0.8472727272727273,0.5052298954070629,test,logistic_regression,lr-oulad-c105-s42-v4
Precision-Recall,0.6688218390804598,0.8471337579617835,0.5059150121060167,test,logistic_regression,lr-oulad-c105-s42-v4
Precision-Recall,0.6681034482758621,0.8469945355191257,0.5064502075826071,test,logistic_regression,lr-oulad-c105-s42-v4
Precision-Recall,0.6681034482758621,0.8477666362807658,0.5072888342123156,test,logistic_regression,lr-oulad-c105-s42-v4
Precision-Recall,0.6673850574712644,0.8476277372262774,0.5083048324083451,test,logistic_regression,lr-oulad-c105-s42-v4
Precision-Recall,0.6666666666666666,0.8474885844748858,0.5093471023709282,test,logistic_regression,lr-oulad-c105-s42-v4
Precision-Recall,0.6666666666666666,0.8482632541133455,0.5096303315086802,test,logistic_regression,lr-oulad-c105-s42-v4
Precision-Recall,0.665948275862069,0.848124428179323,0.5101346289470752,test,logistic_regression,lr-oulad-c105-s42-v4
Precision-Recall,0.6652298850574713,0.847985347985348,0.5105553118366656,test,logistic_regression,lr-oulad-c105-s42-v4
Precision-Recall,0.6645114942528736,0.847846012832264,0.511582023358014,test,logistic_regression,lr-oulad-c105-s42-v4
Precision-Recall,0.6637931034482759,0.8477064220183487,0.5116349561898592,test,logistic_regression,lr-oulad-c105-s42-v4
Precision-Recall,0.6637931034482759,0.8484848484848485,0.5121463725763445,test,logistic_regression,lr-oulad-c105-s42-v4
Precision-Recall,0.6637931034482759,0.8492647058823529,0.5123142651781695,test,logistic_regression,lr-oulad-c105-s42-v4
Precision-Recall,0.6630747126436781,0.8491260349586016,0.5139627178795624,test,logistic_regression,lr-oulad-c105-s42-v4
Precision-Recall,0.6630747126436781,0.8499079189686924,0.5141527843380206,test,logistic_regression,lr-oulad-c105-s42-v4
Precision-Recall,0.6623563218390804,0.8497695852534562,0.5145828232458258,test,logistic_regression,lr-oulad-c105-s42-v4
Precision-Recall,0.6623563218390804,0.8505535055350554,0.5159151745685305,test,logistic_regression,lr-oulad-c105-s42-v4
Precision-Recall,0.6616379310344828,0.850415512465374,0.5170960563377324,test,logistic_regression,lr-oulad-c105-s42-v4
Precision-Recall,0.6616379310344828,0.8512014787430684,0.517255579534161,test,logistic_regression,lr-oulad-c105-s42-v4
Precision-Recall,0.6609195402298851,0.851063829787234,0.5179657263434698,test,logistic_regression,lr-oulad-c105-s42-v4
Precision-Recall,0.6609195402298851,0.8518518518518519,0.5181734202042031,test,logistic_regression,lr-oulad-c105-s42-v4
Precision-Recall,0.6602011494252874,0.8517145505097312,0.5183952904785226,test,logistic_regression,lr-oulad-c105-s42-v4
Precision-Recall,0.6594827586206896,0.8515769944341373,0.5192987720953653,test,logistic_regression,lr-oulad-c105-s42-v4
Precision-Recall,0.6587643678160919,0.851439182915506,0.5197522214749604,test,logistic_regression,lr-oulad-c105-s42-v4
Precision-Recall,0.6580459770114943,0.8513011152416357,0.5208776938816188,test,logistic_regression,lr-oulad-c105-s42-v4
Precision-Recall,0.6573275862068966,0.8511627906976744,0.5209619700459379,test,logistic_regression,lr-oulad-c105-s42-v4
Precision-Recall,0.6573275862068966,0.8519553072625698,0.5219783178417372,test,logistic_regression,lr-oulad-c105-s42-v4
Precision-Recall,0.6573275862068966,0.8527493010251631,0.5233426669563433,test,logistic_regression,lr-oulad-c105-s42-v4
Precision-Recall,0.6566091954022989,0.8526119402985075,0.5233824545094306,test,logistic_regression,lr-oulad-c105-s42-v4
Precision-Recall,0.6566091954022989,0.8534080298786181,0.5237386088961716,test,logistic_regression,lr-oulad-c105-s42-v4
Precision-Recall,0.6558908045977011,0.8532710280373832,0.524721340912422,test,logistic_regression,lr-oulad-c105-s42-v4
Precision-Recall,0.6558908045977011,0.8540692235734331,0.5250185510379992,test,logistic_regression,lr-oulad-c105-s42-v4
Precision-Recall,0.6558908045977011,0.8548689138576779,0.5250405614143451,test,logistic_regression,lr-oulad-c105-s42-v4
Precision-Recall,0.6551724137931034,0.8547328959700093,0.5257600473382299,test,logistic_regression,lr-oulad-c105-s42-v4
Precision-Recall,0.6544540229885057,0.8545966228893058,0.5271062924193577,test,logistic_regression,lr-oulad-c105-s42-v4
Precision-Recall,0.6537356321839081,0.8544600938967136,0.5284154386635848,test,logistic_regression,lr-oulad-c105-s42-v4
Precision-Recall,0.6530172413793104,0.8543233082706767,0.529412961114707,test,logistic_regression,lr-oulad-c105-s42-v4
Precision-Recall,0.6522988505747126,0.8541862652869238,0.5294442363551531,test,logistic_regression,lr-oulad-c105-s42-v4
Precision-Recall,0.6522988505747126,0.8549905838041432,0.5305883907859673,test,logistic_regression,lr-oulad-c105-s42-v4
Precision-Recall,0.6515804597701149,0.8548539114043355,0.5306931450954172,test,logistic_regression,lr-oulad-c105-s42-v4
Precision-Recall,0.6515804597701149,0.8556603773584905,0.5310170828781476,test,logistic_regression,lr-oulad-c105-s42-v4
Precision-Recall,0.6515804597701149,0.8564683663833805,0.5312340210875978,test,logistic_regression,lr-oulad-c105-s42-v4
Precision-Recall,0.6508620689655172,0.8563327032136105,0.5322457590773861,test,logistic_regression,lr-oulad-c105-s42-v4
Precision-Recall,0.6501436781609196,0.8561967833491012,0.5323372987084556,test,logistic_regression,lr-oulad-c105-s42-v4
Precision-Recall,0.6501436781609196,0.8570075757575758,0.5327734087278876,test,logistic_regression,lr-oulad-c105-s42-v4
Precision-Recall,0.6501436781609196,0.8578199052132701,0.5331633371758231,test,logistic_regression,lr-oulad-c105-s42-v4
Precision-Recall,0.6501436781609196,0.8586337760910816,0.5365593371091572,test,logistic_regression,lr-oulad-c105-s42-v4
Precision-Recall,0.6501436781609196,0.8594491927825261,0.5376372909826558,test,logistic_regression,lr-oulad-c105-s42-v4
Precision-Recall,0.6501436781609196,0.8602661596958175,0.5391182420089083,test,logistic_regression,lr-oulad-c105-s42-v4
Precision-Recall,0.6494252873563219,0.8601332064700286,0.5392077317816542,test,logistic_regression,lr-oulad-c105-s42-v4
Precision-Recall,0.6494252873563219,0.8609523809523809,0.5404891378061388,test,logistic_regression,lr-oulad-c105-s42-v4
Precision-Recall,0.6487068965517241,0.8608198284080076,0.5408361495224285,test,logistic_regression,lr-oulad-c105-s42-v4
Precision-Recall,0.6487068965517241,0.8616412213740458,0.5411530564774955,test,logistic_regression,lr-oulad-c105-s42-v4
Precision-Recall,0.6479885057471264,0.8615090735434575,0.5414711394743982,test,logistic_regression,lr-oulad-c105-s42-v4
Precision-Recall,0.6479885057471264,0.8623326959847036,0.5423622971053929,test,logistic_regression,lr-oulad-c105-s42-v4
Precision-Recall,0.6479885057471264,0.8631578947368421,0.5429618965589291,test,logistic_regression,lr-oulad-c105-s42-v4
Precision-Recall,0.6472701149425287,0.8630268199233716,0.5433290598833493,test,logistic_regression,lr-oulad-c105-s42-v4
Precision-Recall,0.646551724137931,0.862895493767977,0.543772670021521,test,logistic_regression,lr-oulad-c105-s42-v4
Precision-Recall,0.6458333333333334,0.8627639155470249,0.5445634817143621,test,logistic_regression,lr-oulad-c105-s42-v4
Precision-Recall,0.6458333333333334,0.8635926993275697,0.5453078332452346,test,logistic_regression,lr-oulad-c105-s42-v4
Precision-Recall,0.6451149425287356,0.8634615384615385,0.5457783939748533,test,logistic_regression,lr-oulad-c105-s42-v4
Precision-Recall,0.6451149425287356,0.8642925890279115,0.5461837516299853,test,logistic_regression,lr-oulad-c105-s42-v4
Precision-Recall,0.6443965517241379,0.8641618497109826,0.5467335897847413,test,logistic_regression,lr-oulad-c105-s42-v4
Precision-Recall,0.6443965517241379,0.8649951783992286,0.5471073917152348,test,logistic_regression,lr-oulad-c105-s42-v4
Precision-Recall,0.6436781609195402,0.8648648648648649,0.5502890203891252,test,logistic_regression,lr-oulad-c105-s42-v4
Precision-Recall,0.6429597701149425,0.8647342995169082,0.5507638480924244,test,logistic_regression,lr-oulad-c105-s42-v4
Precision-Recall,0.6422413793103449,0.8646034816247582,0.5511381083016228,test,logistic_regression,lr-oulad-c105-s42-v4
Precision-Recall,0.6422413793103449,0.8654404646660213,0.5513534815711396,test,logistic_regression,lr-oulad-c105-s42-v4
Precision-Recall,0.6415229885057471,0.8653100775193798,0.5520142666167787,test,logistic_regression,lr-oulad-c105-s42-v4
Precision-Recall,0.6408045977011494,0.8651794374393792,0.5522776660071101,test,logistic_regression,lr-oulad-c105-s42-v4
Precision-Recall,0.6400862068965517,0.8650485436893204,0.5525817349276663,test,logistic_regression,lr-oulad-c105-s42-v4
Precision-Recall,0.639367816091954,0.8649173955296404,0.5529605593564181,test,logistic_regression,lr-oulad-c105-s42-v4
Precision-Recall,0.6386494252873564,0.8647859922178989,0.5537071246481535,test,logistic_regression,lr-oulad-c105-s42-v4
Precision-Recall,0.6379310344827587,0.8646543330087634,0.5541721482031136,test,logistic_regression,lr-oulad-c105-s42-v4
Precision-Recall,0.6379310344827587,0.8654970760233918,0.5543464862933796,test,logistic_regression,lr-oulad-c105-s42-v4
Precision-Recall,0.6372126436781609,0.8653658536585366,0.5544615667150912,test,logistic_regression,lr-oulad-c105-s42-v4
Precision-Recall,0.6364942528735632,0.865234375,0.5545208628047926,test,logistic_regression,lr-oulad-c105-s42-v4
Precision-Recall,0.6357758620689655,0.8651026392961877,0.5548454718663508,test,logistic_regression,lr-oulad-c105-s42-v4
Precision-Recall,0.6357758620689655,0.8659491193737769,0.5552211545974773,test,logistic_regression,lr-oulad-c105-s42-v4
Precision-Recall,0.6350574712643678,0.8658178256611165,0.5556679148494325,test,logistic_regression,lr-oulad-c105-s42-v4
Precision-Recall,0.6350574712643678,0.8666666666666667,0.5561016760436267,test,logistic_regression,lr-oulad-c105-s42-v4
Precision-Recall,0.6350574712643678,0.8675171736997056,0.5569289461613343,test,logistic_regression,lr-oulad-c105-s42-v4
Precision-Recall,0.6343390804597702,0.8673870333988212,0.5583444702938709,test,logistic_regression,lr-oulad-c105-s42-v4
Precision-Recall,0.6336206896551724,0.8672566371681416,0.5585032091472841,test,logistic_regression,lr-oulad-c105-s42-v4
Precision-Recall,0.6329022988505747,0.8671259842519685,0.558806481542155,test,logistic_regression,lr-oulad-c105-s42-v4
Precision-Recall,0.632183908045977,0.8669950738916257,0.5590642544660132,test,logistic_regression,lr-oulad-c105-s42-v4
Precision-Recall,0.632183908045977,0.8678500986193294,0.5597175880330292,test,logistic_regression,lr-oulad-c105-s42-v4
Precision-Recall,0.6314655172413793,0.8677196446199408,0.5609302595909352,test,logistic_regression,lr-oulad-c105-s42-v4
Precision-Recall,0.6307471264367817,0.8675889328063241,0.561415554257196,test,logistic_regression,lr-oulad-c105-s42-v4
Precision-Recall,0.6300287356321839,0.8674579624134521,0.5620653027131923,test,logistic_regression,lr-oulad-c105-s42-v4
Precision-Recall,0.6293103448275862,0.8673267326732673,0.5637744907661755,test,logistic_regression,lr-oulad-c105-s42-v4
Precision-Recall,0.6293103448275862,0.8681863230921705,0.564047747105085,test,logistic_regression,lr-oulad-c105-s42-v4
Precision-Recall,0.6293103448275862,0.8690476190476191,0.5641892246030431,test,logistic_regression,lr-oulad-c105-s42-v4
Precision-Recall,0.6293103448275862,0.8699106256206555,0.5643319624114528,test,logistic_regression,lr-oulad-c105-s42-v4
Precision-Recall,0.6285919540229885,0.8697813121272365,0.5644896996191802,test,logistic_regression,lr-oulad-c105-s42-v4
Precision-Recall,0.6285919540229885,0.8706467661691543,0.5649121305347885,test,logistic_regression,lr-oulad-c105-s42-v4
Precision-Recall,0.6285919540229885,0.8715139442231076,0.5651164257792911,test,logistic_regression,lr-oulad-c105-s42-v4
Precision-Recall,0.6285919540229885,0.872382851445663,0.5663693036243101,test,logistic_regression,lr-oulad-c105-s42-v4
Precision-Recall,0.6285919540229885,0.873253493013972,0.5663998230116575,test,logistic_regression,lr-oulad-c105-s42-v4
Precision-Recall,0.6278735632183908,0.8731268731268731,0.5667748306790464,test,logistic_regression,lr-oulad-c105-s42-v4
Precision-Recall,0.6278735632183908,0.874,0.5675931480474227,test,logistic_regression,lr-oulad-c105-s42-v4
Precision-Recall,0.6278735632183908,0.8748748748748749,0.5679295539899201,test,logistic_regression,lr-oulad-c105-s42-v4
Precision-Recall,0.6271551724137931,0.874749498997996,0.5688199631577256,test,logistic_regression,lr-oulad-c105-s42-v4
Precision-Recall,0.6264367816091954,0.8746238716148446,0.5691278758168011,test,logistic_regression,lr-oulad-c105-s42-v4
Precision-Recall,0.6257183908045977,0.8744979919678715,0.5702326230285911,test,logistic_regression,lr-oulad-c105-s42-v4
Precision-Recall,0.625,0.8743718592964824,0.5722024773605222,test,logistic_regression,lr-oulad-c105-s42-v4
Precision-Recall,0.625,0.8752515090543259,0.5723079244434162,test,logistic_regression,lr-oulad-c105-s42-v4
Precision-Recall,0.6242816091954023,0.8751258811681772,0.5726640642901147,test,logistic_regression,lr-oulad-c105-s42-v4
Precision-Recall,0.6235632183908046,0.875,0.5744333638249793,test,logistic_regression,lr-oulad-c105-s42-v4
Precision-Recall,0.6228448275862069,0.8748738647830474,0.5750083274570035,test,logistic_regression,lr-oulad-c105-s42-v4
Precision-Recall,0.6228448275862069,0.8757575757575757,0.5756735502319251,test,logistic_regression,lr-oulad-c105-s42-v4
Precision-Recall,0.6221264367816092,0.8756319514661274,0.5757521171370488,test,logistic_regression,lr-oulad-c105-s42-v4
Precision-Recall,0.6214080459770115,0.8755060728744939,0.5761807664391183,test,logistic_regression,lr-oulad-c105-s42-v4
Precision-Recall,0.6214080459770115,0.8763931104356636,0.5771809621413186,test,logistic_regression,lr-oulad-c105-s42-v4
Precision-Recall,0.6206896551724138,0.8762677484787018,0.5772554061877115,test,logistic_regression,lr-oulad-c105-s42-v4
Precision-Recall,0.6199712643678161,0.8761421319796955,0.5773700367747567,test,logistic_regression,lr-oulad-c105-s42-v4
Precision-Recall,0.6199712643678161,0.8770325203252033,0.5783977697806216,test,logistic_regression,lr-oulad-c105-s42-v4
Precision-Recall,0.6192528735632183,0.8769074262461851,0.5786243943553168,test,logistic_regression,lr-oulad-c105-s42-v4
Precision-Recall,0.6192528735632183,0.8778004073319755,0.5786367204278715,test,logistic_regression,lr-oulad-c105-s42-v4
Precision-Recall,0.6185344827586207,0.8776758409785933,0.5789460587090974,test,logistic_regression,lr-oulad-c105-s42-v4
Precision-Recall,0.617816091954023,0.8775510204081632,0.5790826998479504,test,logistic_regression,lr-oulad-c105-s42-v4
Precision-Recall,0.617816091954023,0.8784473953013279,0.5791685347938292,test,logistic_regression,lr-oulad-c105-s42-v4
Precision-Recall,0.617816091954023,0.8793456032719836,0.5806080974711207,test,logistic_regression,lr-oulad-c105-s42-v4
Precision-Recall,0.617816091954023,0.8802456499488229,0.5808954098393222,test,logistic_regression,lr-oulad-c105-s42-v4
Precision-Recall,0.6170977011494253,0.8801229508196722,0.5834039729749484,test,logistic_regression,lr-oulad-c105-s42-v4
Precision-Recall,0.6163793103448276,0.88,0.583566971585902,test,logistic_regression,lr-oulad-c105-s42-v4
Precision-Recall,0.6156609195402298,0.8798767967145791,0.5842843370168431,test,logistic_regression,lr-oulad-c105-s42-v4
Precision-Recall,0.6149425287356322,0.8797533401849948,0.5844178427761542,test,logistic_regression,lr-oulad-c105-s42-v4
Precision-Recall,0.6142241379310345,0.8796296296296297,0.5844397293467205,test,logistic_regression,lr-oulad-c105-s42-v4
Precision-Recall,0.6135057471264368,0.8795056642636457,0.5845097499005805,test,logistic_regression,lr-oulad-c105-s42-v4
Precision-Recall,0.6127873563218391,0.8793814432989691,0.5857971938947876,test,logistic_regression,lr-oulad-c105-s42-v4
Precision-Recall,0.6127873563218391,0.8802889576883385,0.5875721190761458,test,logistic_regression,lr-oulad-c105-s42-v4
Precision-Recall,0.6127873563218391,0.881198347107438,0.5881115119082344,test,logistic_regression,lr-oulad-c105-s42-v4
Precision-Recall,0.6120689655172413,0.8810754912099276,0.5891098609686759,test,logistic_regression,lr-oulad-c105-s42-v4
Precision-Recall,0.6120689655172413,0.8819875776397516,0.5892485628299562,test,logistic_regression,lr-oulad-c105-s42-v4
Precision-Recall,0.6113505747126436,0.8818652849740932,0.5893571965077002,test,logistic_regression,lr-oulad-c105-s42-v4
Precision-Recall,0.610632183908046,0.8817427385892116,0.5898626001815005,test,logistic_regression,lr-oulad-c105-s42-v4
Precision-Recall,0.610632183908046,0.8826583592938733,0.5899226364648376,test,logistic_regression,lr-oulad-c105-s42-v4
Precision-Recall,0.610632183908046,0.8835758835758836,0.5900172701596678,test,logistic_regression,lr-oulad-c105-s42-v4
Precision-Recall,0.6099137931034483,0.8834547346514048,0.592332279564695,test,logistic_regression,lr-oulad-c105-s42-v4
Precision-Recall,0.6091954022988506,0.8833333333333333,0.5943769039324228,test,logistic_regression,lr-oulad-c105-s42-v4
Precision-Recall,0.6091954022988506,0.8842544316996872,0.5955223380404623,test,logistic_regression,lr-oulad-c105-s42-v4
Precision-Recall,0.6084770114942529,0.884133611691023,0.5957126138212826,test,logistic_regression,lr-oulad-c105-s42-v4
Precision-Recall,0.6077586206896551,0.8840125391849529,0.5958082007949353,test,logistic_regression,lr-oulad-c105-s42-v4
Precision-Recall,0.6070402298850575,0.8838912133891214,0.5962873659529027,test,logistic_regression,lr-oulad-c105-s42-v4
Precision-Recall,0.6063218390804598,0.8837696335078534,0.5963530764500943,test,logistic_regression,lr-oulad-c105-s42-v4
Precision-Recall,0.6056034482758621,0.8836477987421384,0.5968383816029583,test,logistic_regression,lr-oulad-c105-s42-v4
Precision-Recall,0.6048850574712644,0.8835257082896117,0.5976603951057061,test,logistic_regression,lr-oulad-c105-s42-v4
Precision-Recall,0.6041666666666666,0.8834033613445378,0.5978935856381522,test,logistic_regression,lr-oulad-c105-s42-v4
Precision-Recall,0.6041666666666666,0.8843322818086226,0.5984532850317135,test,logistic_regression,lr-oulad-c105-s42-v4
Precision-Recall,0.603448275862069,0.8842105263157894,0.5984946593707053,test,logistic_regression,lr-oulad-c105-s42-v4
Precision-Recall,0.603448275862069,0.8851422550052687,0.5988761984840643,test,logistic_regression,lr-oulad-c105-s42-v4
Precision-Recall,0.6027298850574713,0.8850210970464135,0.5997644057166354,test,logistic_regression,lr-oulad-c105-s42-v4
Precision-Recall,0.6027298850574713,0.8859556494192186,0.6000103422929258,test,logistic_regression,lr-oulad-c105-s42-v4
Precision-Recall,0.6020114942528736,0.8858350951374208,0.6007246741128337,test,logistic_regression,lr-oulad-c105-s42-v4
Precision-Recall,0.6012931034482759,0.8857142857142857,0.6010038045474398,test,logistic_regression,lr-oulad-c105-s42-v4
Precision-Recall,0.6005747126436781,0.885593220338983,0.601114644832376,test,logistic_regression,lr-oulad-c105-s42-v4
Precision-Recall,0.5998563218390804,0.8854718981972428,0.6016961165553307,test,logistic_regression,lr-oulad-c105-s42-v4
Precision-Recall,0.5998563218390804,0.886411889596603,0.6021969238138318,test,logistic_regression,lr-oulad-c105-s42-v4
Precision-Recall,0.5991379310344828,0.8862911795961743,0.6025605675982104,test,logistic_regression,lr-oulad-c105-s42-v4
Precision-Recall,0.5991379310344828,0.8872340425531915,0.6026498351339418,test,logistic_regression,lr-oulad-c105-s42-v4
Precision-Recall,0.5984195402298851,0.8871139510117146,0.6037292997725546,test,logistic_regression,lr-oulad-c105-s42-v4
Precision-Recall,0.5977011494252874,0.8869936034115139,0.6041981328407893,test,logistic_regression,lr-oulad-c105-s42-v4
Precision-Recall,0.5977011494252874,0.887940234791889,0.6046209362311621,test,logistic_regression,lr-oulad-c105-s42-v4
Precision-Recall,0.5969827586206896,0.8878205128205128,0.6049107981970343,test,logistic_regression,lr-oulad-c105-s42-v4
Precision-Recall,0.5962643678160919,0.8877005347593583,0.6053668530589316,test,logistic_regression,lr-oulad-c105-s42-v4
Precision-Recall,0.5962643678160919,0.8886509635974305,0.6056359119115217,test,logistic_regression,lr-oulad-c105-s42-v4
Precision-Recall,0.5962643678160919,0.8896034297963559,0.6057222693405084,test,logistic_regression,lr-oulad-c105-s42-v4
Precision-Recall,0.5955459770114943,0.8894849785407726,0.6079660265504412,test,logistic_regression,lr-oulad-c105-s42-v4
Precision-Recall,0.5955459770114943,0.8904403866809882,0.6094299355144656,test,logistic_regression,lr-oulad-c105-s42-v4
Precision-Recall,0.5948275862068966,0.8903225806451613,0.6094661167581935,test,logistic_regression,lr-oulad-c105-s42-v4
Precision-Recall,0.5941091954022989,0.8902045209903121,0.6101881941729199,test,logistic_regression,lr-oulad-c105-s42-v4
Precision-Recall,0.5941091954022989,0.8911637931034483,0.6103370253116798,test,logistic_regression,lr-oulad-c105-s42-v4
Precision-Recall,0.5933908045977011,0.8910463861920173,0.610704712426674,test,logistic_regression,lr-oulad-c105-s42-v4
Precision-Recall,0.5933908045977011,0.8920086393088553,0.6108731207164574,test,logistic_regression,lr-oulad-c105-s42-v4
Precision-Recall,0.5933908045977011,0.892972972972973,0.6113660276114308,test,logistic_regression,lr-oulad-c105-s42-v4
Precision-Recall,0.5933908045977011,0.8939393939393939,0.6128478881201234,test,logistic_regression,lr-oulad-c105-s42-v4
Precision-Recall,0.5926724137931034,0.8938244853737811,0.6129837411869354,test,logistic_regression,lr-oulad-c105-s42-v4
Precision-Recall,0.5919540229885057,0.8937093275488069,0.6136963726017369,test,logistic_regression,lr-oulad-c105-s42-v4
Precision-Recall,0.5912356321839081,0.8935939196525515,0.6142364768708295,test,logistic_regression,lr-oulad-c105-s42-v4
Precision-Recall,0.5905172413793104,0.8934782608695652,0.6142629876641367,test,logistic_regression,lr-oulad-c105-s42-v4
Precision-Recall,0.5905172413793104,0.8944504896626768,0.6154908675235312,test,logistic_regression,lr-oulad-c105-s42-v4
Precision-Recall,0.5905172413793104,0.8954248366013072,0.6156228204002402,test,logistic_regression,lr-oulad-c105-s42-v4
Precision-Recall,0.5897988505747126,0.8953107960741549,0.6156391823376393,test,logistic_regression,lr-oulad-c105-s42-v4
Precision-Recall,0.5890804597701149,0.8951965065502183,0.6170398314811889,test,logistic_regression,lr-oulad-c105-s42-v4
Precision-Recall,0.5890804597701149,0.8961748633879781,0.6172643420038832,test,logistic_regression,lr-oulad-c105-s42-v4
Precision-Recall,0.5890804597701149,0.8971553610503282,0.6185164997180811,test,logistic_regression,lr-oulad-c105-s42-v4
Precision-Recall,0.5890804597701149,0.8981380065717415,0.6192856983052956,test,logistic_regression,lr-oulad-c105-s42-v4
Precision-Recall,0.5883620689655172,0.8980263157894737,0.6193677164160255,test,logistic_regression,lr-oulad-c105-s42-v4
Precision-Recall,0.5883620689655172,0.8990120746432492,0.6199566448142223,test,logistic_regression,lr-oulad-c105-s42-v4
Precision-Recall,0.5876436781609196,0.8989010989010989,0.6200049164327325,test,logistic_regression,lr-oulad-c105-s42-v4
Precision-Recall,0.5869252873563219,0.8987898789878987,0.6200644544172969,test,logistic_regression,lr-oulad-c105-s42-v4
Precision-Recall,0.5869252873563219,0.8997797356828194,0.6219211500849333,test,logistic_regression,lr-oulad-c105-s42-v4
Precision-Recall,0.5869252873563219,0.9007717750826902,0.6221562781187412,test,logistic_regression,lr-oulad-c105-s42-v4
Precision-Recall,0.5862068965517241,0.9006622516556292,0.6237455388047152,test,logistic_regression,lr-oulad-c105-s42-v4
Precision-Recall,0.5854885057471264,0.9005524861878453,0.6248764970039046,test,logistic_regression,lr-oulad-c105-s42-v4
Precision-Recall,0.5854885057471264,0.9015486725663717,0.6250319226224087,test,logistic_regression,lr-oulad-c105-s42-v4
Precision-Recall,0.5854885057471264,0.902547065337763,0.6258089116194087,test,logistic_regression,lr-oulad-c105-s42-v4
Precision-Recall,0.5847701149425287,0.9024390243902439,0.6262391788661626,test,logistic_regression,lr-oulad-c105-s42-v4
Precision-Recall,0.584051724137931,0.902330743618202,0.6271964868690033,test,logistic_regression,lr-oulad-c105-s42-v4
Precision-Recall,0.5833333333333334,0.9022222222222223,0.6279478629436989,test,logistic_regression,lr-oulad-c105-s42-v4
Precision-Recall,0.5833333333333334,0.9032258064516129,0.6279608782287801,test,logistic_regression,lr-oulad-c105-s42-v4
Precision-Recall,0.5826149425287356,0.9031180400890868,0.6295576779855848,test,logistic_regression,lr-oulad-c105-s42-v4
Precision-Recall,0.5818965517241379,0.903010033444816,0.6328530614043063,test,logistic_regression,lr-oulad-c105-s42-v4
Precision-Recall,0.5811781609195402,0.9029017857142857,0.6332470110241372,test,logistic_regression,lr-oulad-c105-s42-v4
Precision-Recall,0.5811781609195402,0.9039106145251397,0.6349117212011244,test,logistic_regression,lr-oulad-c105-s42-v4
Precision-Recall,0.5811781609195402,0.9049217002237137,0.6350155913243064,test,logistic_regression,lr-oulad-c105-s42-v4
Precision-Recall,0.5811781609195402,0.9059350503919373,0.6368515950942725,test,logistic_regression,lr-oulad-c105-s42-v4
Precision-Recall,0.5804597701149425,0.905829596412556,0.6371606500962727,test,logistic_regression,lr-oulad-c105-s42-v4
Precision-Recall,0.5804597701149425,0.9068462401795735,0.6379213751347325,test,logistic_regression,lr-oulad-c105-s42-v4
Precision-Recall,0.5797413793103449,0.9067415730337078,0.6383745184278472,test,logistic_regression,lr-oulad-c105-s42-v4
Precision-Recall,0.5790229885057471,0.906636670416198,0.6386383908138948,test,logistic_regression,lr-oulad-c105-s42-v4
Precision-Recall,0.5783045977011494,0.9065315315315315,0.6389750458226555,test,logistic_regression,lr-oulad-c105-s42-v4
Precision-Recall,0.5783045977011494,0.9075535512965051,0.6396362100216882,test,logistic_regression,lr-oulad-c105-s42-v4
Precision-Recall,0.5783045977011494,0.9085778781038375,0.6406282198870529,test,logistic_regression,lr-oulad-c105-s42-v4
Precision-Recall,0.5775862068965517,0.9084745762711864,0.6411008000712941,test,logistic_regression,lr-oulad-c105-s42-v4
Precision-Recall,0.576867816091954,0.9083710407239819,0.6416179452147996,test,logistic_regression,lr-oulad-c105-s42-v4
Precision-Recall,0.5761494252873564,0.9082672706681767,0.6433224769258545,test,logistic_regression,lr-oulad-c105-s42-v4
Precision-Recall,0.5761494252873564,0.909297052154195,0.6436328229638862,test,logistic_regression,lr-oulad-c105-s42-v4
Precision-Recall,0.5754310344827587,0.9091940976163451,0.6440480924819296,test,logistic_regression,lr-oulad-c105-s42-v4
Precision-Recall,0.5747126436781609,0.9090909090909091,0.6441850625630239,test,logistic_regression,lr-oulad-c105-s42-v4
Precision-Recall,0.5739942528735632,0.9089874857792947,0.644551883725547,test,logistic_regression,lr-oulad-c105-s42-v4
Precision-Recall,0.5732758620689655,0.908883826879271,0.6448064447793821,test,logistic_regression,lr-oulad-c105-s42-v4
Precision-Recall,0.5725574712643678,0.9087799315849487,0.6453592928736558,test,logistic_regression,lr-oulad-c105-s42-v4
Precision-Recall,0.5718390804597702,0.908675799086758,0.6460154530410798,test,logistic_regression,lr-oulad-c105-s42-v4
Precision-Recall,0.5711206896551724,0.9085714285714286,0.6460436898267025,test,logistic_regression,lr-oulad-c105-s42-v4
Precision-Recall,0.5711206896551724,0.9096109839816934,0.6468177854458694,test,logistic_regression,lr-oulad-c105-s42-v4
Precision-Recall,0.5704022988505747,0.9095074455899198,0.6483418841480136,test,logistic_regression,lr-oulad-c105-s42-v4
Precision-Recall,0.569683908045977,0.9094036697247706,0.6487483564071118,test,logistic_regression,lr-oulad-c105-s42-v4
Precision-Recall,0.5689655172413793,0.9092996555683123,0.6489815963092086,test,logistic_regression,lr-oulad-c105-s42-v4
Precision-Recall,0.5682471264367817,0.9091954022988505,0.6498251132544498,test,logistic_regression,lr-oulad-c105-s42-v4
Precision-Recall,0.5675287356321839,0.9090909090909091,0.6502880994069042,test,logistic_regression,lr-oulad-c105-s42-v4
Precision-Recall,0.5668103448275862,0.9089861751152074,0.6504941824983156,test,logistic_regression,lr-oulad-c105-s42-v4
Precision-Recall,0.5668103448275862,0.9100346020761245,0.6506286426512703,test,logistic_regression,lr-oulad-c105-s42-v4
Precision-Recall,0.5660919540229885,0.9099307159353349,0.6514955732228208,test,logistic_regression,lr-oulad-c105-s42-v4
Precision-Recall,0.5653735632183908,0.9098265895953758,0.652492272819805,test,logistic_regression,lr-oulad-c105-s42-v4
Precision-Recall,0.5646551724137931,0.9097222222222222,0.6526763239146175,test,logistic_regression,lr-oulad-c105-s42-v4
Precision-Recall,0.5639367816091954,0.9096176129779838,0.6540715899785479,test,logistic_regression,lr-oulad-c105-s42-v4
Precision-Recall,0.5632183908045977,0.9095127610208816,0.6546168794104382,test,logistic_regression,lr-oulad-c105-s42-v4
Precision-Recall,0.5625,0.9094076655052264,0.6547327472634775,test,logistic_regression,lr-oulad-c105-s42-v4
Precision-Recall,0.5617816091954023,0.9093023255813953,0.6553971837335592,test,logistic_regression,lr-oulad-c105-s42-v4
Precision-Recall,0.5610632183908046,0.9091967403958091,0.6556356203167865,test,logistic_regression,lr-oulad-c105-s42-v4
Precision-Recall,0.5603448275862069,0.9090909090909091,0.6565538914125113,test,logistic_regression,lr-oulad-c105-s42-v4
Precision-Recall,0.5603448275862069,0.9101516919486581,0.6567381719338856,test,logistic_regression,lr-oulad-c105-s42-v4
Precision-Recall,0.5603448275862069,0.9112149532710281,0.6572527404028797,test,logistic_regression,lr-oulad-c105-s42-v4
Precision-Recall,0.5596264367816092,0.9111111111111111,0.658048315498995,test,logistic_regression,lr-oulad-c105-s42-v4
Precision-Recall,0.5596264367816092,0.9121779859484778,0.658811793919764,test,logistic_regression,lr-oulad-c105-s42-v4
Precision-Recall,0.5589080459770115,0.9120750293083235,0.6601464434892403,test,logistic_regression,lr-oulad-c105-s42-v4
Precision-Recall,0.5589080459770115,0.9131455399061033,0.6603130644181255,test,logistic_regression,lr-oulad-c105-s42-v4
Precision-Recall,0.5589080459770115,0.9142185663924794,0.6604826856735375,test,logistic_regression,lr-oulad-c105-s42-v4
Precision-Recall,0.5581896551724138,0.9141176470588235,0.6621342368601274,test,logistic_regression,lr-oulad-c105-s42-v4
Precision-Recall,0.5574712643678161,0.9140164899882215,0.6623523097069488,test,logistic_regression,lr-oulad-c105-s42-v4
Precision-Recall,0.5567528735632183,0.9139150943396226,0.6624623345358864,test,logistic_regression,lr-oulad-c105-s42-v4
Precision-Recall,0.5560344827586207,0.9138134592680047,0.6647335591589126,test,logistic_regression,lr-oulad-c105-s42-v4
Precision-Recall,0.5560344827586207,0.9148936170212766,0.6649213093987524,test,logistic_regression,lr-oulad-c105-s42-v4
Precision-Recall,0.5560344827586207,0.9159763313609467,0.6650414137280042,test,logistic_regression,lr-oulad-c105-s42-v4
Precision-Recall,0.5560344827586207,0.9170616113744076,0.6651338268310797,test,logistic_regression,lr-oulad-c105-s42-v4
Precision-Recall,0.555316091954023,0.9169632265717675,0.6655042504170962,test,logistic_regression,lr-oulad-c105-s42-v4
Precision-Recall,0.5545977011494253,0.9168646080760094,0.6659736481718799,test,logistic_regression,lr-oulad-c105-s42-v4
Precision-Recall,0.5545977011494253,0.9179548156956004,0.6665940666847606,test,logistic_regression,lr-oulad-c105-s42-v4
Precision-Recall,0.5538793103448276,0.9178571428571428,0.6671812842596785,test,logistic_regression,lr-oulad-c105-s42-v4
Precision-Recall,0.5531609195402298,0.9177592371871275,0.6690757310736748,test,logistic_regression,lr-oulad-c105-s42-v4
Precision-Recall,0.5531609195402298,0.918854415274463,0.6699793447601222,test,logistic_regression,lr-oulad-c105-s42-v4
Precision-Recall,0.5524425287356322,0.918757467144564,0.6702244311957352,test,logistic_regression,lr-oulad-c105-s42-v4
Precision-Recall,0.5517241379310345,0.9186602870813397,0.6709448372112959,test,logistic_regression,lr-oulad-c105-s42-v4
Precision-Recall,0.5510057471264368,0.918562874251497,0.671545513595431,test,logistic_regression,lr-oulad-c105-s42-v4
Precision-Recall,0.5502873563218391,0.9184652278177458,0.6728035401804641,test,logistic_regression,lr-oulad-c105-s42-v4
Precision-Recall,0.5502873563218391,0.9195678271308524,0.6732075009551236,test,logistic_regression,lr-oulad-c105-s42-v4
Precision-Recall,0.5495689655172413,0.9194711538461539,0.6760004187128649,test,logistic_regression,lr-oulad-c105-s42-v4
Precision-Recall,0.5488505747126436,0.9193742478941035,0.6768970401047819,test,logistic_regression,lr-oulad-c105-s42-v4
Precision-Recall,0.548132183908046,0.9192771084337349,0.6769545020138334,test,logistic_regression,lr-oulad-c105-s42-v4
Precision-Recall,0.548132183908046,0.9203860072376358,0.6772102375169319,test,logistic_regression,lr-oulad-c105-s42-v4
Precision-Recall,0.5474137931034483,0.9202898550724637,0.6775183177084544,test,logistic_regression,lr-oulad-c105-s42-v4
Precision-Recall,0.5466954022988506,0.9201934703748489,0.6797006388724585,test,logistic_regression,lr-oulad-c105-s42-v4
Precision-Recall,0.5459770114942529,0.9200968523002422,0.6808503686279839,test,logistic_regression,lr-oulad-c105-s42-v4
Precision-Recall,0.5452586206896551,0.92,0.6829683850649859,test,logistic_regression,lr-oulad-c105-s42-v4
Precision-Recall,0.5452586206896551,0.9211165048543689,0.6831884208330571,test,logistic_regression,lr-oulad-c105-s42-v4
Precision-Recall,0.5445402298850575,0.9210206561360875,0.6835448848172627,test,logistic_regression,lr-oulad-c105-s42-v4
Precision-Recall,0.5445402298850575,0.9221411192214112,0.6863899157505006,test,logistic_regression,lr-oulad-c105-s42-v4
Precision-Recall,0.5445402298850575,0.9232643118148599,0.6866328710545108,test,logistic_regression,lr-oulad-c105-s42-v4
Precision-Recall,0.5438218390804598,0.9231707317073171,0.6871354255642084,test,logistic_regression,lr-oulad-c105-s42-v4
Precision-Recall,0.5431034482758621,0.9230769230769231,0.6880224283656637,test,logistic_regression,lr-oulad-c105-s42-v4
Precision-Recall,0.5423850574712644,0.9229828850855746,0.6888758587755682,test,logistic_regression,lr-oulad-c105-s42-v4
Precision-Recall,0.5416666666666666,0.9228886168910648,0.6915753451822161,test,logistic_regression,lr-oulad-c105-s42-v4
Precision-Recall,0.540948275862069,0.9227941176470589,0.6918233821641825,test,logistic_regression,lr-oulad-c105-s42-v4
Precision-Recall,0.5402298850574713,0.9226993865030675,0.692408039941695,test,logistic_regression,lr-oulad-c105-s42-v4
Precision-Recall,0.5395114942528736,0.9226044226044227,0.695122567262251,test,logistic_regression,lr-oulad-c105-s42-v4
Precision-Recall,0.5387931034482759,0.922509225092251,0.6956131593844821,test,logistic_regression,lr-oulad-c105-s42-v4
Precision-Recall,0.5380747126436781,0.9224137931034483,0.6988572875108054,test,logistic_regression,lr-oulad-c105-s42-v4
Precision-Recall,0.5373563218390804,0.9223181257706535,0.6996099629223417,test,logistic_regression,lr-oulad-c105-s42-v4
Precision-Recall,0.5373563218390804,0.9234567901234568,0.7001512845052172,test,logistic_regression,lr-oulad-c105-s42-v4
Precision-Recall,0.5373563218390804,0.9245982694684796,0.7020756523293223,test,logistic_regression,lr-oulad-c105-s42-v4
Precision-Recall,0.5373563218390804,0.9257425742574258,0.7021073182547016,test,logistic_regression,lr-oulad-c105-s42-v4
Precision-Recall,0.5366379310344828,0.9256505576208178,0.7027874214000249,test,logistic_regression,lr-oulad-c105-s42-v4
Precision-Recall,0.5359195402298851,0.9255583126550868,0.7033449004319621,test,logistic_regression,lr-oulad-c105-s42-v4
Precision-Recall,0.5359195402298851,0.9267080745341615,0.7043534238098705,test,logistic_regression,lr-oulad-c105-s42-v4
Precision-Recall,0.5352011494252874,0.9266169154228856,0.7048355788096904,test,logistic_regression,lr-oulad-c105-s42-v4
Precision-Recall,0.5352011494252874,0.9277708592777086,0.7057570378387936,test,logistic_regression,lr-oulad-c105-s42-v4
Precision-Recall,0.5344827586206896,0.9276807980049875,0.7066482982239732,test,logistic_regression,lr-oulad-c105-s42-v4
Precision-Recall,0.5344827586206896,0.9288389513108615,0.7068060596930553,test,logistic_regression,lr-oulad-c105-s42-v4
Precision-Recall,0.5337643678160919,0.92875,0.7072268026916023,test,logistic_regression,lr-oulad-c105-s42-v4
Precision-Recall,0.5330459770114943,0.9286608260325406,0.707659040165234,test,logistic_regression,lr-oulad-c105-s42-v4
Precision-Recall,0.5323275862068966,0.9285714285714286,0.707679803052799,test,logistic_regression,lr-oulad-c105-s42-v4
Precision-Recall,0.5316091954022989,0.9284818067754078,0.7080296673579737,test,logistic_regression,lr-oulad-c105-s42-v4
Precision-Recall,0.5308908045977011,0.928391959798995,0.7088239452533593,test,logistic_regression,lr-oulad-c105-s42-v4
Precision-Recall,0.5301724137931034,0.9283018867924528,0.7093887664048238,test,logistic_regression,lr-oulad-c105-s42-v4
Precision-Recall,0.5294540229885057,0.9282115869017632,0.7135362868171248,test,logistic_regression,lr-oulad-c105-s42-v4
Precision-Recall,0.5287356321839081,0.9281210592686002,0.7137861223229094,test,logistic_regression,lr-oulad-c105-s42-v4
Precision-Recall,0.5287356321839081,0.9292929292929293,0.7144149053295019,test,logistic_regression,lr-oulad-c105-s42-v4
Precision-Recall,0.5280172413793104,0.9292035398230089,0.7144449525166019,test,logistic_regression,lr-oulad-c105-s42-v4
Precision-Recall,0.5280172413793104,0.930379746835443,0.7150617033004929,test,logistic_regression,lr-oulad-c105-s42-v4
Precision-Recall,0.5280172413793104,0.9315589353612167,0.7160783382696541,test,logistic_regression,lr-oulad-c105-s42-v4
Precision-Recall,0.5272988505747126,0.9314720812182741,0.7161327127450321,test,logistic_regression,lr-oulad-c105-s42-v4
Precision-Recall,0.5272988505747126,0.9326556543837357,0.7180787425019721,test,logistic_regression,lr-oulad-c105-s42-v4
Precision-Recall,0.5265804597701149,0.9325699745547074,0.7186765533867274,test,logistic_regression,lr-oulad-c105-s42-v4
Precision-Recall,0.5258620689655172,0.932484076433121,0.7212794243155615,test,logistic_regression,lr-oulad-c105-s42-v4
Precision-Recall,0.5251436781609196,0.9323979591836735,0.7213750512447837,test,logistic_regression,lr-oulad-c105-s42-v4
Precision-Recall,0.5244252873563219,0.9323116219667944,0.7216949087304232,test,logistic_regression,lr-oulad-c105-s42-v4
Precision-Recall,0.5237068965517241,0.9322250639386189,0.72178713667702,test,logistic_regression,lr-oulad-c105-s42-v4
Precision-Recall,0.5229885057471264,0.9321382842509603,0.723885632917453,test,logistic_regression,lr-oulad-c105-s42-v4
Precision-Recall,0.5222701149425287,0.9320512820512821,0.7241228970237102,test,logistic_regression,lr-oulad-c105-s42-v4
Precision-Recall,0.5222701149425287,0.9332477535301669,0.7250456803213601,test,logistic_regression,lr-oulad-c105-s42-v4
Precision-Recall,0.521551724137931,0.9331619537275064,0.7265945621761765,test,logistic_regression,lr-oulad-c105-s42-v4
Precision-Recall,0.5208333333333334,0.9330759330759331,0.7298511275622117,test,logistic_regression,lr-oulad-c105-s42-v4
Precision-Recall,0.5201149425287356,0.9329896907216495,0.731160238048068,test,logistic_regression,lr-oulad-c105-s42-v4
Precision-Recall,0.5193965517241379,0.9329032258064516,0.7312678438159965,test,logistic_regression,lr-oulad-c105-s42-v4
Precision-Recall,0.5186781609195402,0.9328165374677002,0.7325135463008473,test,logistic_regression,lr-oulad-c105-s42-v4
Precision-Recall,0.5179597701149425,0.9327296248382924,0.7333194026443226,test,logistic_regression,lr-oulad-c105-s42-v4
Precision-Recall,0.5172413793103449,0.9326424870466321,0.7354999873954065,test,logistic_regression,lr-oulad-c105-s42-v4
Precision-Recall,0.5165229885057471,0.9325551232166018,0.7362833763003064,test,logistic_regression,lr-oulad-c105-s42-v4
Precision-Recall,0.5158045977011494,0.9324675324675324,0.7367297257983065,test,logistic_regression,lr-oulad-c105-s42-v4
Precision-Recall,0.5158045977011494,0.9336801040312094,0.7378282216410893,test,logistic_regression,lr-oulad-c105-s42-v4
Precision-Recall,0.5150862068965517,0.93359375,0.738541664697002,test,logistic_regression,lr-oulad-c105-s42-v4
Precision-Recall,0.5150862068965517,0.9348109517601043,0.7387388880182253,test,logistic_regression,lr-oulad-c105-s42-v4
Precision-Recall,0.514367816091954,0.9347258485639687,0.7387700047781373,test,logistic_regression,lr-oulad-c105-s42-v4
Precision-Recall,0.5136494252873564,0.934640522875817,0.7401575956196204,test,logistic_regression,lr-oulad-c105-s42-v4
Precision-Recall,0.5129310344827587,0.9345549738219895,0.740227707756178,test,logistic_regression,lr-oulad-c105-s42-v4
Precision-Recall,0.5122126436781609,0.9344692005242464,0.7403207828790493,test,logistic_regression,lr-oulad-c105-s42-v4
Precision-Recall,0.5122126436781609,0.9356955380577427,0.7410285993789453,test,logistic_regression,lr-oulad-c105-s42-v4
Precision-Recall,0.5114942528735632,0.9356110381077529,0.7418425129445112,test,logistic_regression,lr-oulad-c105-s42-v4
Precision-Recall,0.5107758620689655,0.9355263157894737,0.7429243830330106,test,logistic_regression,lr-oulad-c105-s42-v4
Precision-Recall,0.5100574712643678,0.9354413702239789,0.7432860262243556,test,logistic_regression,lr-oulad-c105-s42-v4
Precision-Recall,0.5100574712643678,0.9366754617414248,0.7461238922682296,test,logistic_regression,lr-oulad-c105-s42-v4
Precision-Recall,0.5093390804597702,0.9365918097754293,0.7465969505971708,test,logistic_regression,lr-oulad-c105-s42-v4
Precision-Recall,0.5086206896551724,0.9365079365079365,0.7476273581919339,test,logistic_regression,lr-oulad-c105-s42-v4
Precision-Recall,0.5079022988505747,0.9364238410596026,0.7477548620289363,test,logistic_regression,lr-oulad-c105-s42-v4
Precision-Recall,0.5079022988505747,0.9376657824933687,0.7488995098526201,test,logistic_regression,lr-oulad-c105-s42-v4
Precision-Recall,0.507183908045977,0.9375830013280213,0.7498530458932433,test,logistic_regression,lr-oulad-c105-s42-v4
Precision-Recall,0.5064655172413793,0.9375,0.7506767563169291,test,logistic_regression,lr-oulad-c105-s42-v4
Precision-Recall,0.5057471264367817,0.9374167776298269,0.750882514041496,test,logistic_regression,lr-oulad-c105-s42-v4
Precision-Recall,0.5050287356321839,0.9373333333333334,0.751834481355737,test,logistic_regression,lr-oulad-c105-s42-v4
Precision-Recall,0.5043103448275862,0.9372496662216289,0.7521135422744667,test,logistic_regression,lr-oulad-c105-s42-v4
Precision-Recall,0.5035919540229885,0.9371657754010695,0.753496534960297,test,logistic_regression,lr-oulad-c105-s42-v4
Precision-Recall,0.5028735632183908,0.9370816599732262,0.7545792854696523,test,logistic_regression,lr-oulad-c105-s42-v4
Precision-Recall,0.5028735632183908,0.938337801608579,0.7546959302058972,test,logistic_regression,lr-oulad-c105-s42-v4
Precision-Recall,0.5021551724137931,0.938255033557047,0.7555305369186077,test,logistic_regression,lr-oulad-c105-s42-v4
Precision-Recall,0.5014367816091954,0.9381720430107527,0.7559144841240928,test,logistic_regression,lr-oulad-c105-s42-v4
Precision-Recall,0.5007183908045977,0.9380888290713324,0.7563693458694312,test,logistic_regression,lr-oulad-c105-s42-v4
Precision-Recall,0.5007183908045977,0.9393530997304582,0.7580312024301115,test,logistic_regression,lr-oulad-c105-s42-v4
Precision-Recall,0.5,0.9392712550607287,0.7588093570526637,test,logistic_regression,lr-oulad-c105-s42-v4
Precision-Recall,0.4992816091954023,0.9391891891891891,0.7614311022808778,test,logistic_regression,lr-oulad-c105-s42-v4
Precision-Recall,0.4985632183908046,0.939106901217862,0.7619338872652659,test,logistic_regression,lr-oulad-c105-s42-v4
Precision-Recall,0.4978448275862069,0.9390243902439024,0.7624778333684776,test,logistic_regression,lr-oulad-c105-s42-v4
Precision-Recall,0.49712643678160917,0.9389416553595658,0.7628645942501675,test,logistic_regression,lr-oulad-c105-s42-v4
Precision-Recall,0.4964080459770115,0.938858695652174,0.7657395659545949,test,logistic_regression,lr-oulad-c105-s42-v4
Precision-Recall,0.4964080459770115,0.9401360544217687,0.7664704547521408,test,logistic_regression,lr-oulad-c105-s42-v4
Precision-Recall,0.4964080459770115,0.94141689373297,0.7665804987053505,test,logistic_regression,lr-oulad-c105-s42-v4
Precision-Recall,0.4956896551724138,0.9413369713506139,0.7685441485105406,test,logistic_regression,lr-oulad-c105-s42-v4
Precision-Recall,0.4949712643678161,0.9412568306010929,0.7685961361383008,test,logistic_regression,lr-oulad-c105-s42-v4
Precision-Recall,0.4942528735632184,0.9411764705882353,0.7688093493005563,test,logistic_regression,lr-oulad-c105-s42-v4
Precision-Recall,0.49353448275862066,0.9410958904109589,0.770542048035233,test,logistic_regression,lr-oulad-c105-s42-v4
Precision-Recall,0.492816091954023,0.9410150891632373,0.7711103021436735,test,logistic_regression,lr-oulad-c105-s42-v4
Precision-Recall,0.4920977011494253,0.9409340659340659,0.771706922942061,test,logistic_regression,lr-oulad-c105-s42-v4
Precision-Recall,0.4920977011494253,0.9422283356258597,0.7742354421151166,test,logistic_regression,lr-oulad-c105-s42-v4
Precision-Recall,0.49137931034482757,0.9421487603305785,0.7742872274095592,test,logistic_regression,lr-oulad-c105-s42-v4
Precision-Recall,0.49137931034482757,0.9434482758620689,0.7754575989997491,test,logistic_regression,lr-oulad-c105-s42-v4
Precision-Recall,0.4906609195402299,0.9433701657458563,0.7762547058768541,test,logistic_regression,lr-oulad-c105-s42-v4
Precision-Recall,0.4899425287356322,0.9432918395573997,0.7766368175393203,test,logistic_regression,lr-oulad-c105-s42-v4
Precision-Recall,0.4899425287356322,0.9445983379501385,0.7769942453816385,test,logistic_regression,lr-oulad-c105-s42-v4
Precision-Recall,0.4892241379310345,0.9445214979195562,0.7784786416473509,test,logistic_regression,lr-oulad-c105-s42-v4
Precision-Recall,0.4892241379310345,0.9458333333333333,0.7797739724989512,test,logistic_regression,lr-oulad-c105-s42-v4
Precision-Recall,0.4885057471264368,0.9457579972183588,0.7801674168834737,test,logistic_regression,lr-oulad-c105-s42-v4
Precision-Recall,0.48778735632183906,0.9456824512534819,0.7810533763868767,test,logistic_regression,lr-oulad-c105-s42-v4
Precision-Recall,0.4870689655172414,0.9456066945606695,0.7812071728819008,test,logistic_regression,lr-oulad-c105-s42-v4
Precision-Recall,0.4863505747126437,0.9455307262569832,0.7814948493168987,test,logistic_regression,lr-oulad-c105-s42-v4
Precision-Recall,0.48563218390804597,0.9454545454545454,0.7817318592838963,test,logistic_regression,lr-oulad-c105-s42-v4
Precision-Recall,0.48563218390804597,0.9467787114845938,0.7825548905001236,test,logistic_regression,lr-oulad-c105-s42-v4
Precision-Recall,0.48563218390804597,0.9481065918653576,0.7856202678992956,test,logistic_regression,lr-oulad-c105-s42-v4
Precision-Recall,0.4849137931034483,0.9480337078651685,0.7858254377938977,test,logistic_regression,lr-oulad-c105-s42-v4
Precision-Recall,0.4849137931034483,0.9493670886075949,0.7868813836671,test,logistic_regression,lr-oulad-c105-s42-v4
Precision-Recall,0.48419540229885055,0.9492957746478873,0.7872864820674911,test,logistic_regression,lr-oulad-c105-s42-v4
Precision-Recall,0.4834770114942529,0.9492242595204513,0.788000153869261,test,logistic_regression,lr-oulad-c105-s42-v4
Precision-Recall,0.4827586206896552,0.9491525423728814,0.7880734632080207,test,logistic_regression,lr-oulad-c105-s42-v4
Precision-Recall,0.4827586206896552,0.9504950495049505,0.7883680521333589,test,logistic_regression,lr-oulad-c105-s42-v4
Precision-Recall,0.48204022988505746,0.9504249291784702,0.7909366074797788,test,logistic_regression,lr-oulad-c105-s42-v4
Precision-Recall,0.4813218390804598,0.950354609929078,0.793882998487618,test,logistic_regression,lr-oulad-c105-s42-v4
Precision-Recall,0.48060344827586204,0.9502840909090909,0.7948155340056617,test,logistic_regression,lr-oulad-c105-s42-v4
Precision-Recall,0.47988505747126436,0.9502133712660028,0.794888021259418,test,logistic_regression,lr-oulad-c105-s42-v4
Precision-Recall,0.4791666666666667,0.9501424501424501,0.7952440284879626,test,logistic_regression,lr-oulad-c105-s42-v4
Precision-Recall,0.47844827586206895,0.9500713266761769,0.7964028351201774,test,logistic_regression,lr-oulad-c105-s42-v4
Precision-Recall,0.47772988505747127,0.95,0.7967582957557747,test,logistic_regression,lr-oulad-c105-s42-v4
Precision-Recall,0.47772988505747127,0.9513590844062947,0.8005871439391928,test,logistic_regression,lr-oulad-c105-s42-v4
Precision-Recall,0.47772988505747127,0.9527220630372493,0.8009264892681701,test,logistic_regression,lr-oulad-c105-s42-v4
Precision-Recall,0.47772988505747127,0.9540889526542324,0.8014493202124737,test,logistic_regression,lr-oulad-c105-s42-v4
Precision-Recall,0.47701149425287354,0.9540229885057471,0.8023383847695794,test,logistic_regression,lr-oulad-c105-s42-v4
Precision-Recall,0.47629310344827586,0.9539568345323741,0.8027570013866303,test,logistic_regression,lr-oulad-c105-s42-v4
Precision-Recall,0.4755747126436782,0.9538904899135446,0.8033518307829518,test,logistic_regression,lr-oulad-c105-s42-v4
Precision-Recall,0.4755747126436782,0.9552669552669553,0.8043805842266933,test,logistic_regression,lr-oulad-c105-s42-v4
Precision-Recall,0.47485632183908044,0.9552023121387283,0.8047502424377401,test,logistic_regression,lr-oulad-c105-s42-v4
Precision-Recall,0.47413793103448276,0.9551374819102749,0.8050950671665436,test,logistic_regression,lr-oulad-c105-s42-v4
Precision-Recall,0.4734195402298851,0.9550724637681159,0.8054314434797136,test,logistic_regression,lr-oulad-c105-s42-v4
Precision-Recall,0.47270114942528735,0.9550072568940493,0.8060105488968656,test,logistic_regression,lr-oulad-c105-s42-v4
Precision-Recall,0.47198275862068967,0.9549418604651163,0.8063520989665452,test,logistic_regression,lr-oulad-c105-s42-v4
Precision-Recall,0.47126436781609193,0.9548762736535662,0.808324754703958,test,logistic_regression,lr-oulad-c105-s42-v4
Precision-Recall,0.47054597701149425,0.9548104956268222,0.8085399961432996,test,logistic_regression,lr-oulad-c105-s42-v4
Precision-Recall,0.4698275862068966,0.9547445255474453,0.8094726590961335,test,logistic_regression,lr-oulad-c105-s42-v4
Precision-Recall,0.46910919540229884,0.9546783625730995,0.8113835941792521,test,logistic_regression,lr-oulad-c105-s42-v4
Precision-Recall,0.46839080459770116,0.9546120058565154,0.8118976173250219,test,logistic_regression,lr-oulad-c105-s42-v4
Precision-Recall,0.4676724137931034,0.9545454545454546,0.8120591397033535,test,logistic_regression,lr-oulad-c105-s42-v4
Precision-Recall,0.4676724137931034,0.9559471365638766,0.813115372136524,test,logistic_regression,lr-oulad-c105-s42-v4
Precision-Recall,0.46695402298850575,0.9558823529411765,0.813188638216777,test,logistic_regression,lr-oulad-c105-s42-v4
Precision-Recall,0.46695402298850575,0.9572901325478645,0.8135646008052081,test,logistic_regression,lr-oulad-c105-s42-v4
Precision-Recall,0.46623563218390807,0.9572271386430679,0.8137151129137825,test,logistic_regression,lr-oulad-c105-s42-v4
Precision-Recall,0.46551724137931033,0.9571639586410635,0.8137799193872953,test,logistic_regression,lr-oulad-c105-s42-v4
Precision-Recall,0.46479885057471265,0.9571005917159763,0.8142338142798373,test,logistic_regression,lr-oulad-c105-s42-v4
Precision-Recall,0.4640804597701149,0.957037037037037,0.8171319457949117,test,logistic_regression,lr-oulad-c105-s42-v4
Precision-Recall,0.4640804597701149,0.9584569732937686,0.8172273232069296,test,logistic_regression,lr-oulad-c105-s42-v4
Precision-Recall,0.46336206896551724,0.9583952451708767,0.8173604118573862,test,logistic_regression,lr-oulad-c105-s42-v4
Precision-Recall,0.46264367816091956,0.9583333333333334,0.8174482993158562,test,logistic_regression,lr-oulad-c105-s42-v4
Precision-Recall,0.4619252873563218,0.9582712369597616,0.8180877532380044,test,logistic_regression,lr-oulad-c105-s42-v4
Precision-Recall,0.46120689655172414,0.9582089552238806,0.8185652140730982,test,logistic_regression,lr-oulad-c105-s42-v4
Precision-Recall,0.46048850574712646,0.9581464872944694,0.8188941020214168,test,logistic_regression,lr-oulad-c105-s42-v4
Precision-Recall,0.45977011494252873,0.9580838323353293,0.8190035955009006,test,logistic_regression,lr-oulad-c105-s42-v4
Precision-Recall,0.45905172413793105,0.9580209895052474,0.8195092262588192,test,logistic_regression,lr-oulad-c105-s42-v4
Precision-Recall,0.4583333333333333,0.9579579579579579,0.8207511193152727,test,logistic_regression,lr-oulad-c105-s42-v4
Precision-Recall,0.45761494252873564,0.9578947368421052,0.8212448734089453,test,logistic_regression,lr-oulad-c105-s42-v4
Precision-Recall,0.45761494252873564,0.9593373493975904,0.8232453519059688,test,logistic_regression,lr-oulad-c105-s42-v4
Precision-Recall,0.45689655172413796,0.9592760180995475,0.8237246363610281,test,logistic_regression,lr-oulad-c105-s42-v4
Precision-Recall,0.45689655172413796,0.9607250755287009,0.8242968366329638,test,logistic_regression,lr-oulad-c105-s42-v4
Precision-Recall,0.45689655172413796,0.962178517397882,0.8245545282390087,test,logistic_regression,lr-oulad-c105-s42-v4
Precision-Recall,0.4561781609195402,0.9621212121212122,0.8248367335984106,test,logistic_regression,lr-oulad-c105-s42-v4
Precision-Recall,0.4561781609195402,0.9635811836115327,0.8249956056998391,test,logistic_regression,lr-oulad-c105-s42-v4
Precision-Recall,0.4561781609195402,0.9650455927051672,0.8252642016714347,test,logistic_regression,lr-oulad-c105-s42-v4
Precision-Recall,0.4561781609195402,0.9665144596651446,0.8254768705549325,test,logistic_regression,lr-oulad-c105-s42-v4
Precision-Recall,0.45545977011494254,0.9664634146341463,0.8266043517270567,test,logistic_regression,lr-oulad-c105-s42-v4
Precision-Recall,0.4547413793103448,0.966412213740458,0.8274726579487427,test,logistic_regression,lr-oulad-c105-s42-v4
Precision-Recall,0.4540229885057471,0.9663608562691132,0.8276592594772121,test,logistic_regression,lr-oulad-c105-s42-v4
Precision-Recall,0.45330459770114945,0.9663093415007658,0.8277335738007808,test,logistic_regression,lr-oulad-c105-s42-v4
Precision-Recall,0.4525862068965517,0.9662576687116564,0.8281014117626356,test,logistic_regression,lr-oulad-c105-s42-v4
Precision-Recall,0.45186781609195403,0.9662058371735791,0.8283445336454505,test,logistic_regression,lr-oulad-c105-s42-v4
Precision-Recall,0.4511494252873563,0.9661538461538461,0.8284030379853936,test,logistic_regression,lr-oulad-c105-s42-v4
Precision-Recall,0.4504310344827586,0.9661016949152542,0.8284423711246843,test,logistic_regression,lr-oulad-c105-s42-v4
Precision-Recall,0.44971264367816094,0.9660493827160493,0.8289214153648756,test,logistic_regression,lr-oulad-c105-s42-v4
Precision-Recall,0.44971264367816094,0.9675425038639877,0.829338742083427,test,logistic_regression,lr-oulad-c105-s42-v4
Precision-Recall,0.4489942528735632,0.9674922600619195,0.8303021980733475,test,logistic_regression,lr-oulad-c105-s42-v4
Precision-Recall,0.4489942528735632,0.9689922480620154,0.8309328883239637,test,logistic_regression,lr-oulad-c105-s42-v4
Precision-Recall,0.4482758620689655,0.968944099378882,0.8314388154057013,test,logistic_regression,lr-oulad-c105-s42-v4
Precision-Recall,0.4475574712643678,0.968895800933126,0.8322248437072421,test,logistic_regression,lr-oulad-c105-s42-v4
Precision-Recall,0.4475574712643678,0.9704049844236761,0.8323459834482897,test,logistic_regression,lr-oulad-c105-s42-v4
Precision-Recall,0.4475574712643678,0.9719188767550702,0.8327405997734458,test,logistic_regression,lr-oulad-c105-s42-v4
Precision-Recall,0.4468390804597701,0.971875,0.8332875912051362,test,logistic_regression,lr-oulad-c105-s42-v4
Precision-Recall,0.44612068965517243,0.971830985915493,0.8336265828370505,test,logistic_regression,lr-oulad-c105-s42-v4
Precision-Recall,0.4454022988505747,0.9717868338557993,0.8348787405452157,test,logistic_regression,lr-oulad-c105-s42-v4
Precision-Recall,0.444683908045977,0.9717425431711146,0.8351836711962617,test,logistic_regression,lr-oulad-c105-s42-v4
Precision-Recall,0.44396551724137934,0.9716981132075472,0.8352515018439309,test,logistic_regression,lr-oulad-c105-s42-v4
Precision-Recall,0.4432471264367816,0.9716535433070866,0.8354122539419306,test,logistic_regression,lr-oulad-c105-s42-v4
Precision-Recall,0.4425287356321839,0.9716088328075709,0.8356148271427715,test,logistic_regression,lr-oulad-c105-s42-v4
Precision-Recall,0.4418103448275862,0.9715639810426541,0.8384045101195977,test,logistic_regression,lr-oulad-c105-s42-v4
Precision-Recall,0.4410919540229885,0.9715189873417721,0.839821028007151,test,logistic_regression,lr-oulad-c105-s42-v4
Precision-Recall,0.44037356321839083,0.971473851030111,0.8400775639727133,test,logistic_regression,lr-oulad-c105-s42-v4
Precision-Recall,0.4396551724137931,0.9714285714285714,0.8403696174152762,test,logistic_regression,lr-oulad-c105-s42-v4
Precision-Recall,0.4389367816091954,0.9713831478537361,0.8414959191805124,test,logistic_regression,lr-oulad-c105-s42-v4
Precision-Recall,0.4382183908045977,0.9713375796178344,0.8425071516661338,test,logistic_regression,lr-oulad-c105-s42-v4
Precision-Recall,0.4375,0.9712918660287081,0.8450593565085139,test,logistic_regression,lr-oulad-c105-s42-v4
Precision-Recall,0.4367816091954023,0.9712460063897763,0.8450767733261325,test,logistic_regression,lr-oulad-c105-s42-v4
Precision-Recall,0.4360632183908046,0.9712,0.8453016555351882,test,logistic_regression,lr-oulad-c105-s42-v4
Precision-Recall,0.4360632183908046,0.9727564102564102,0.8489644685652397,test,logistic_regression,lr-oulad-c105-s42-v4
Precision-Recall,0.4353448275862069,0.9727126805778491,0.8553282761099438,test,logistic_regression,lr-oulad-c105-s42-v4
Precision-Recall,0.43462643678160917,0.9726688102893891,0.8574422900312124,test,logistic_regression,lr-oulad-c105-s42-v4
Precision-Recall,0.4339080459770115,0.9726247987117552,0.8582967077819517,test,logistic_regression,lr-oulad-c105-s42-v4
Precision-Recall,0.4331896551724138,0.9725806451612903,0.8594590744929056,test,logistic_regression,lr-oulad-c105-s42-v4
Precision-Recall,0.4324712643678161,0.9725363489499192,0.8599089360534201,test,logistic_regression,lr-oulad-c105-s42-v4
Precision-Recall,0.4317528735632184,0.9724919093851133,0.8601158405807382,test,logistic_regression,lr-oulad-c105-s42-v4
Precision-Recall,0.43103448275862066,0.9724473257698542,0.8613426760602567,test,logistic_regression,lr-oulad-c105-s42-v4
Precision-Recall,0.430316091954023,0.9724025974025974,0.8623469325123204,test,logistic_regression,lr-oulad-c105-s42-v4
Precision-Recall,0.4295977011494253,0.9723577235772358,0.863467883345816,test,logistic_regression,lr-oulad-c105-s42-v4
Precision-Recall,0.42887931034482757,0.9723127035830619,0.863816384007199,test,logistic_regression,lr-oulad-c105-s42-v4
Precision-Recall,0.4281609195402299,0.9722675367047309,0.8646364212037789,test,logistic_regression,lr-oulad-c105-s42-v4
Precision-Recall,0.4274425287356322,0.9722222222222222,0.8649904828056184,test,logistic_regression,lr-oulad-c105-s42-v4
Precision-Recall,0.4267241379310345,0.972176759410802,0.8655576787143859,test,logistic_regression,lr-oulad-c105-s42-v4
Precision-Recall,0.4260057471264368,0.9721311475409836,0.8657451912503538,test,logistic_regression,lr-oulad-c105-s42-v4
Precision-Recall,0.4260057471264368,0.9737274220032841,0.8662078839174951,test,logistic_regression,lr-oulad-c105-s42-v4
Precision-Recall,0.42528735632183906,0.9736842105263158,0.8681592692695396,test,logistic_regression,lr-oulad-c105-s42-v4
Precision-Recall,0.4245689655172414,0.9736408566721582,0.871264059108079,test,logistic_regression,lr-oulad-c105-s42-v4
Precision-Recall,0.4238505747126437,0.9735973597359736,0.8714716436490267,test,logistic_regression,lr-oulad-c105-s42-v4
Precision-Recall,0.42313218390804597,0.9735537190082645,0.8742337512379591,test,logistic_regression,lr-oulad-c105-s42-v4
Precision-Recall,0.4224137931034483,0.9735099337748344,0.874508762610265,test,logistic_regression,lr-oulad-c105-s42-v4
Precision-Recall,0.42169540229885055,0.9734660033167496,0.8756089460847412,test,logistic_regression,lr-oulad-c105-s42-v4
Precision-Recall,0.42169540229885055,0.9750830564784053,0.8766309574093182,test,logistic_regression,lr-oulad-c105-s42-v4
Precision-Recall,0.4209770114942529,0.9750415973377704,0.8772674405327662,test,logistic_regression,lr-oulad-c105-s42-v4
Precision-Recall,0.4202586206896552,0.975,0.877332396843302,test,logistic_regression,lr-oulad-c105-s42-v4
Precision-Recall,0.4202586206896552,0.9766277128547579,0.879253496375865,test,logistic_regression,lr-oulad-c105-s42-v4
Precision-Recall,0.4202586206896552,0.9782608695652174,0.8802357375929961,test,logistic_regression,lr-oulad-c105-s42-v4
Precision-Recall,0.41954022988505746,0.9782244556113903,0.8814073233171399,test,logistic_regression,lr-oulad-c105-s42-v4
Precision-Recall,0.4188218390804598,0.9781879194630873,0.8831818089117462,test,logistic_regression,lr-oulad-c105-s42-v4
Precision-Recall,0.41810344827586204,0.9781512605042016,0.8839292331355927,test,logistic_regression,lr-oulad-c105-s42-v4
Precision-Recall,0.41738505747126436,0.9781144781144782,0.8839601361661126,test,logistic_regression,lr-oulad-c105-s42-v4
Precision-Recall,0.4166666666666667,0.9780775716694773,0.8845532062450037,test,logistic_regression,lr-oulad-c105-s42-v4
Precision-Recall,0.41594827586206895,0.9780405405405406,0.8846530866644557,test,logistic_regression,lr-oulad-c105-s42-v4
Precision-Recall,0.41522988505747127,0.9780033840947546,0.884656625158475,test,logistic_regression,lr-oulad-c105-s42-v4
Precision-Recall,0.41451149425287354,0.9779661016949153,0.8847532952070264,test,logistic_regression,lr-oulad-c105-s42-v4
Precision-Recall,0.41379310344827586,0.9779286926994907,0.8867173269863201,test,logistic_regression,lr-oulad-c105-s42-v4
Precision-Recall,0.4130747126436782,0.9778911564625851,0.8869579198656005,test,logistic_regression,lr-oulad-c105-s42-v4
Precision-Recall,0.41235632183908044,0.9778534923339012,0.8871447322963265,test,logistic_regression,lr-oulad-c105-s42-v4
Precision-Recall,0.41163793103448276,0.9778156996587031,0.8887190231929714,test,logistic_regression,lr-oulad-c105-s42-v4
Precision-Recall,0.4109195402298851,0.9777777777777777,0.8887719938291458,test,logistic_regression,lr-oulad-c105-s42-v4
Precision-Recall,0.41020114942528735,0.9777397260273972,0.889109853129803,test,logistic_regression,lr-oulad-c105-s42-v4
Precision-Recall,0.40948275862068967,0.9777015437392796,0.8891800951009486,test,logistic_regression,lr-oulad-c105-s42-v4
Precision-Recall,0.40876436781609193,0.9776632302405498,0.8892459682816835,test,logistic_regression,lr-oulad-c105-s42-v4
Precision-Recall,0.40804597701149425,0.9776247848537005,0.8897527031851795,test,logistic_regression,lr-oulad-c105-s42-v4
Precision-Recall,0.4073275862068966,0.9775862068965517,0.8914145656678097,test,logistic_regression,lr-oulad-c105-s42-v4
Precision-Recall,0.40660919540229884,0.9775474956822107,0.8914246359647873,test,logistic_regression,lr-oulad-c105-s42-v4
Precision-Recall,0.40589080459770116,0.9775086505190311,0.8924365259464231,test,logistic_regression,lr-oulad-c105-s42-v4
Precision-Recall,0.4051724137931034,0.9774696707105719,0.8927641572371126,test,logistic_regression,lr-oulad-c105-s42-v4
Precision-Recall,0.40445402298850575,0.9774305555555556,0.8929129932566828,test,logistic_regression,lr-oulad-c105-s42-v4
Precision-Recall,0.40373563218390807,0.9773913043478261,0.8937007478319532,test,logistic_regression,lr-oulad-c105-s42-v4
Precision-Recall,0.40301724137931033,0.9773519163763066,0.8942696956426841,test,logistic_regression,lr-oulad-c105-s42-v4
Precision-Recall,0.40229885057471265,0.9773123909249564,0.8945549402388445,test,logistic_regression,lr-oulad-c105-s42-v4
Precision-Recall,0.4015804597701149,0.9772727272727273,0.8952205353942095,test,logistic_regression,lr-oulad-c105-s42-v4
Precision-Recall,0.40086206896551724,0.9772329246935202,0.8953994578261437,test,logistic_regression,lr-oulad-c105-s42-v4
Precision-Recall,0.40014367816091956,0.9771929824561404,0.8954920653908391,test,logistic_regression,lr-oulad-c105-s42-v4
Precision-Recall,0.3994252873563218,0.9771528998242531,0.8994094475833113,test,logistic_regression,lr-oulad-c105-s42-v4
Precision-Recall,0.39870689655172414,0.977112676056338,0.8996984536881774,test,logistic_regression,lr-oulad-c105-s42-v4
Precision-Recall,0.39798850574712646,0.9770723104056437,0.9001106075359248,test,logistic_regression,lr-oulad-c105-s42-v4
Precision-Recall,0.39727011494252873,0.9770318021201413,0.9006846368724002,test,logistic_regression,lr-oulad-c105-s42-v4
Precision-Recall,0.39655172413793105,0.9769911504424779,0.9013864894044469,test,logistic_regression,lr-oulad-c105-s42-v4
Precision-Recall,0.3958333333333333,0.9769503546099291,0.9015274193686336,test,logistic_regression,lr-oulad-c105-s42-v4
Precision-Recall,0.39511494252873564,0.9769094138543517,0.9021014014554882,test,logistic_regression,lr-oulad-c105-s42-v4
Precision-Recall,0.39439655172413796,0.9768683274021353,0.9025854437235118,test,logistic_regression,lr-oulad-c105-s42-v4
Precision-Recall,0.3936781609195402,0.9768270944741533,0.9037757007843931,test,logistic_regression,lr-oulad-c105-s42-v4
Precision-Recall,0.39295977011494254,0.9767857142857143,0.9042833578058436,test,logistic_regression,lr-oulad-c105-s42-v4
Precision-Recall,0.3922413793103448,0.9767441860465116,0.9048316622745237,test,logistic_regression,lr-oulad-c105-s42-v4
Precision-Recall,0.3915229885057471,0.9767025089605734,0.9049476588751544,test,logistic_regression,lr-oulad-c105-s42-v4
Precision-Recall,0.3915229885057471,0.9784560143626571,0.9066114725804292,test,logistic_regression,lr-oulad-c105-s42-v4
Precision-Recall,0.39080459770114945,0.9784172661870504,0.9074483788300077,test,logistic_regression,lr-oulad-c105-s42-v4
Precision-Recall,0.3900862068965517,0.9783783783783784,0.9079996077724822,test,logistic_regression,lr-oulad-c105-s42-v4
Precision-Recall,0.38936781609195403,0.9783393501805054,0.9091344543514612,test,logistic_regression,lr-oulad-c105-s42-v4
Precision-Recall,0.3886494252873563,0.9783001808318263,0.9098878282459645,test,logistic_regression,lr-oulad-c105-s42-v4
Precision-Recall,0.3879310344827586,0.9782608695652174,0.911154634821796,test,logistic_regression,lr-oulad-c105-s42-v4
Precision-Recall,0.38721264367816094,0.9782214156079855,0.911800368809704,test,logistic_regression,lr-oulad-c105-s42-v4
Precision-Recall,0.3864942528735632,0.9781818181818182,0.9129702206965914,test,logistic_regression,lr-oulad-c105-s42-v4
Precision-Recall,0.3857758620689655,0.9781420765027322,0.9142691122630162,test,logistic_regression,lr-oulad-c105-s42-v4
Precision-Recall,0.3857758620689655,0.9799270072992701,0.9151620575726023,test,logistic_regression,lr-oulad-c105-s42-v4
Precision-Recall,0.3850574712643678,0.979890310786106,0.9152180846356052,test,logistic_regression,lr-oulad-c105-s42-v4
Precision-Recall,0.3843390804597701,0.9798534798534798,0.9152931981379734,test,logistic_regression,lr-oulad-c105-s42-v4
Precision-Recall,0.38362068965517243,0.9798165137614679,0.9153588592913294,test,logistic_regression,lr-oulad-c105-s42-v4
Precision-Recall,0.3829022988505747,0.9797794117647058,0.9159386454329915,test,logistic_regression,lr-oulad-c105-s42-v4
Precision-Recall,0.382183908045977,0.9797421731123389,0.9163565555700722,test,logistic_regression,lr-oulad-c105-s42-v4
Precision-Recall,0.38146551724137934,0.9797047970479705,0.9164172064190315,test,logistic_regression,lr-oulad-c105-s42-v4
Precision-Recall,0.3807471264367816,0.9796672828096118,0.9168951796480469,test,logistic_regression,lr-oulad-c105-s42-v4
Precision-Recall,0.3800287356321839,0.9796296296296296,0.9171887362920792,test,logistic_regression,lr-oulad-c105-s42-v4
Precision-Recall,0.3793103448275862,0.9795918367346939,0.9180585865273763,test,logistic_regression,lr-oulad-c105-s42-v4
Precision-Recall,0.3785919540229885,0.9795539033457249,0.918210943475313,test,logistic_regression,lr-oulad-c105-s42-v4
Precision-Recall,0.37787356321839083,0.9795158286778398,0.9184073174745319,test,logistic_regression,lr-oulad-c105-s42-v4
Precision-Recall,0.3771551724137931,0.9794776119402985,0.9198511829714059,test,logistic_regression,lr-oulad-c105-s42-v4
Precision-Recall,0.3764367816091954,0.9794392523364486,0.9203823622404657,test,logistic_regression,lr-oulad-c105-s42-v4
Precision-Recall,0.3757183908045977,0.9794007490636704,0.9228876262527776,test,logistic_regression,lr-oulad-c105-s42-v4
Precision-Recall,0.375,0.9793621013133208,0.9245963363321723,test,logistic_regression,lr-oulad-c105-s42-v4
Precision-Recall,0.3742816091954023,0.9793233082706767,0.9247539388212379,test,logistic_regression,lr-oulad-c105-s42-v4
Precision-Recall,0.3735632183908046,0.9792843691148776,0.9261455077547749,test,logistic_regression,lr-oulad-c105-s42-v4
Precision-Recall,0.3728448275862069,0.9792452830188679,0.9261793099186976,test,logistic_regression,lr-oulad-c105-s42-v4
Precision-Recall,0.37212643678160917,0.9792060491493384,0.9262682444863903,test,logistic_regression,lr-oulad-c105-s42-v4
Precision-Recall,0.37212643678160917,0.9810606060606061,0.9262989755923003,test,logistic_regression,lr-oulad-c105-s42-v4
Precision-Recall,0.3714080459770115,0.9810246679316889,0.9263396872690369,test,logistic_regression,lr-oulad-c105-s42-v4
Precision-Recall,0.3706896551724138,0.9809885931558935,0.9264811272329542,test,logistic_regression,lr-oulad-c105-s42-v4
Precision-Recall,0.3699712643678161,0.9809523809523809,0.9266804866960283,test,logistic_regression,lr-oulad-c105-s42-v4
Precision-Recall,0.3692528735632184,0.9809160305343512,0.9267956654514509,test,logistic_regression,lr-oulad-c105-s42-v4
Precision-Recall,0.36853448275862066,0.9808795411089866,0.9268099196383386,test,logistic_regression,lr-oulad-c105-s42-v4
Precision-Recall,0.367816091954023,0.9808429118773946,0.9270543567754737,test,logistic_regression,lr-oulad-c105-s42-v4
Precision-Recall,0.3670977011494253,0.980806142034549,0.9271225652410363,test,logistic_regression,lr-oulad-c105-s42-v4
Precision-Recall,0.3670977011494253,0.9826923076923076,0.9271367406399951,test,logistic_regression,lr-oulad-c105-s42-v4
Precision-Recall,0.36637931034482757,0.9826589595375722,0.9291196525373516,test,logistic_regression,lr-oulad-c105-s42-v4
Precision-Recall,0.3656609195402299,0.9826254826254827,0.9310884040413893,test,logistic_regression,lr-oulad-c105-s42-v4
Precision-Recall,0.3649425287356322,0.9825918762088974,0.9327986988077819,test,logistic_regression,lr-oulad-c105-s42-v4
Precision-Recall,0.3642241379310345,0.9825581395348837,0.9332559076397146,test,logistic_regression,lr-oulad-c105-s42-v4
Precision-Recall,0.3635057471264368,0.9825242718446602,0.9339997798386097,test,logistic_regression,lr-oulad-c105-s42-v4
Precision-Recall,0.36278735632183906,0.9824902723735408,0.9341003902072454,test,logistic_regression,lr-oulad-c105-s42-v4
Precision-Recall,0.3620689655172414,0.9824561403508771,0.9353548753135117,test,logistic_regression,lr-oulad-c105-s42-v4
Precision-Recall,0.3613505747126437,0.982421875,0.936670467913211,test,logistic_regression,lr-oulad-c105-s42-v4
Precision-Recall,0.3613505747126437,0.9843444227005871,0.9367351247095147,test,logistic_regression,lr-oulad-c105-s42-v4
Precision-Recall,0.36063218390804597,0.984313725490196,0.9368209780964405,test,logistic_regression,lr-oulad-c105-s42-v4
Precision-Recall,0.3599137931034483,0.9842829076620825,0.9381427102278936,test,logistic_regression,lr-oulad-c105-s42-v4
Precision-Recall,0.35919540229885055,0.984251968503937,0.9390114690826182,test,logistic_regression,lr-oulad-c105-s42-v4
Precision-Recall,0.3584770114942529,0.9842209072978304,0.9390882741846959,test,logistic_regression,lr-oulad-c105-s42-v4
Precision-Recall,0.3577586206896552,0.9841897233201581,0.9395096565725412,test,logistic_regression,lr-oulad-c105-s42-v4
Precision-Recall,0.35704022988505746,0.9841584158415841,0.9398273635368976,test,logistic_regression,lr-oulad-c105-s42-v4
Precision-Recall,0.3563218390804598,0.9841269841269841,0.9403592910901774,test,logistic_regression,lr-oulad-c105-s42-v4
Precision-Recall,0.35560344827586204,0.9840954274353877,0.9404416976300575,test,logistic_regression,lr-oulad-c105-s42-v4
Precision-Recall,0.35488505747126436,0.9840637450199203,0.9429143471024624,test,logistic_regression,lr-oulad-c105-s42-v4
Precision-Recall,0.3541666666666667,0.9840319361277445,0.9442080155836399,test,logistic_regression,lr-oulad-c105-s42-v4
Precision-Recall,0.35344827586206895,0.984,0.9442129771576355,test,logistic_regression,lr-oulad-c105-s42-v4
Precision-Recall,0.35272988505747127,0.9839679358717435,0.9448666962695178,test,logistic_regression,lr-oulad-c105-s42-v4
Precision-Recall,0.35272988505747127,0.9859437751004017,0.9449182365507766,test,logistic_regression,lr-oulad-c105-s42-v4
Precision-Recall,0.35201149425287354,0.9859154929577465,0.9450132924967939,test,logistic_regression,lr-oulad-c105-s42-v4
Precision-Recall,0.35129310344827586,0.9858870967741935,0.9451470325437651,test,logistic_regression,lr-oulad-c105-s42-v4
Precision-Recall,0.3505747126436782,0.9858585858585859,0.9451963498721991,test,logistic_regression,lr-oulad-c105-s42-v4
Precision-Recall,0.34985632183908044,0.9858299595141701,0.9453823918235631,test,logistic_regression,lr-oulad-c105-s42-v4
Precision-Recall,0.34913793103448276,0.9858012170385395,0.9455086357113885,test,logistic_regression,lr-oulad-c105-s42-v4
Precision-Recall,0.34913793103448276,0.9878048780487805,0.9460385350922023,test,logistic_regression,lr-oulad-c105-s42-v4
Precision-Recall,0.34913793103448276,0.9898167006109979,0.9463414184561437,test,logistic_regression,lr-oulad-c105-s42-v4
Precision-Recall,0.3484195402298851,0.9897959183673469,0.946639327457916,test,logistic_regression,lr-oulad-c105-s42-v4
Precision-Recall,0.34770114942528735,0.9897750511247444,0.9470017691142959,test,logistic_regression,lr-oulad-c105-s42-v4
Precision-Recall,0.34626436781609193,0.9897330595482546,0.9475552857630268,test,logistic_regression,lr-oulad-c105-s42-v4
Precision-Recall,0.34554597701149425,0.9897119341563786,0.9486357173260525,test,logistic_regression,lr-oulad-c105-s42-v4
Precision-Recall,0.3448275862068966,0.9896907216494846,0.9489042854231676,test,logistic_regression,lr-oulad-c105-s42-v4
Precision-Recall,0.34410919540229884,0.9896694214876033,0.9489612085753719,test,logistic_regression,lr-oulad-c105-s42-v4
Precision-Recall,0.34339080459770116,0.989648033126294,0.9490672755809645,test,logistic_regression,lr-oulad-c105-s42-v4
Precision-Recall,0.3426724137931034,0.9896265560165975,0.9499140002443035,test,logistic_regression,lr-oulad-c105-s42-v4
Precision-Recall,0.34195402298850575,0.9896049896049897,0.9500811764398114,test,logistic_regression,lr-oulad-c105-s42-v4
Precision-Recall,0.34123563218390807,0.9895833333333334,0.9502237611131995,test,logistic_regression,lr-oulad-c105-s42-v4
Precision-Recall,0.34051724137931033,0.9895615866388309,0.9505602877047398,test,logistic_regression,lr-oulad-c105-s42-v4
Precision-Recall,0.33979885057471265,0.9895397489539749,0.9505686488174212,test,logistic_regression,lr-oulad-c105-s42-v4
Precision-Recall,0.3390804597701149,0.989517819706499,0.9506835243248699,test,logistic_regression,lr-oulad-c105-s42-v4
Precision-Recall,0.33836206896551724,0.9894957983193278,0.9508116340356334,test,logistic_regression,lr-oulad-c105-s42-v4
Precision-Recall,0.33764367816091956,0.9894736842105263,0.9514458066006147,test,logistic_regression,lr-oulad-c105-s42-v4
Precision-Recall,0.3369252873563218,0.989451476793249,0.95224610377387,test,logistic_regression,lr-oulad-c105-s42-v4
Precision-Recall,0.33620689655172414,0.9894291754756871,0.9528794867719066,test,logistic_regression,lr-oulad-c105-s42-v4
Precision-Recall,0.33548850574712646,0.989406779661017,0.9532355941999712,test,logistic_regression,lr-oulad-c105-s42-v4
Precision-Recall,0.33477011494252873,0.9893842887473461,0.9533511590688886,test,logistic_regression,lr-oulad-c105-s42-v4
Precision-Recall,0.33405172413793105,0.9893617021276596,0.953562337938172,test,logistic_regression,lr-oulad-c105-s42-v4
Precision-Recall,0.3333333333333333,0.9893390191897654,0.9536075459529466,test,logistic_regression,lr-oulad-c105-s42-v4
Precision-Recall,0.33261494252873564,0.9893162393162394,0.953871282953644,test,logistic_regression,lr-oulad-c105-s42-v4
Precision-Recall,0.33189655172413796,0.9892933618843683,0.9538718636695497,test,logistic_regression,lr-oulad-c105-s42-v4
Precision-Recall,0.3311781609195402,0.9892703862660944,0.9542093907322188,test,logistic_regression,lr-oulad-c105-s42-v4
Precision-Recall,0.33045977011494254,0.989247311827957,0.9545949876291056,test,logistic_regression,lr-oulad-c105-s42-v4
Precision-Recall,0.33045977011494254,0.9913793103448276,0.9549380756561643,test,logistic_regression,lr-oulad-c105-s42-v4
Precision-Recall,0.3297413793103448,0.9913606911447084,0.9549727093072843,test,logistic_regression,lr-oulad-c105-s42-v4
Precision-Recall,0.3290229885057471,0.9913419913419913,0.9555721493268371,test,logistic_regression,lr-oulad-c105-s42-v4
Precision-Recall,0.32830459770114945,0.9913232104121475,0.9557843327013943,test,logistic_regression,lr-oulad-c105-s42-v4
Precision-Recall,0.3275862068965517,0.991304347826087,0.9559846552359498,test,logistic_regression,lr-oulad-c105-s42-v4
Precision-Recall,0.32686781609195403,0.9912854030501089,0.9563076681223185,test,logistic_regression,lr-oulad-c105-s42-v4
Precision-Recall,0.32686781609195403,0.9934497816593887,0.95636332017617,test,logistic_regression,lr-oulad-c105-s42-v4
Precision-Recall,0.3261494252873563,0.9934354485776805,0.9563971428324732,test,logistic_regression,lr-oulad-c105-s42-v4
Precision-Recall,0.3254310344827586,0.993421052631579,0.95796137589363,test,logistic_regression,lr-oulad-c105-s42-v4
Precision-Recall,0.32471264367816094,0.9934065934065934,0.9579869862286009,test,logistic_regression,lr-oulad-c105-s42-v4
Precision-Recall,0.3239942528735632,0.9933920704845814,0.9582049258051966,test,logistic_regression,lr-oulad-c105-s42-v4
Precision-Recall,0.3232758620689655,0.9933774834437086,0.9582293854620838,test,logistic_regression,lr-oulad-c105-s42-v4
Precision-Recall,0.3225574712643678,0.9933628318584071,0.9587153800036973,test,logistic_regression,lr-oulad-c105-s42-v4
Precision-Recall,0.3218390804597701,0.9933481152993349,0.9589980273354548,test,logistic_regression,lr-oulad-c105-s42-v4
Precision-Recall,0.32112068965517243,0.9933333333333333,0.9594057136690037,test,logistic_regression,lr-oulad-c105-s42-v4
Precision-Recall,0.3204022988505747,0.9933184855233853,0.9596661917395412,test,logistic_regression,lr-oulad-c105-s42-v4
Precision-Recall,0.319683908045977,0.9933035714285714,0.9601802157978543,test,logistic_regression,lr-oulad-c105-s42-v4
Precision-Recall,0.31896551724137934,0.9932885906040269,0.9604220077379111,test,logistic_regression,lr-oulad-c105-s42-v4
Precision-Recall,0.3182471264367816,0.9932735426008968,0.9608032172876655,test,logistic_regression,lr-oulad-c105-s42-v4
Precision-Recall,0.3175287356321839,0.9932584269662922,0.9608235339769864,test,logistic_regression,lr-oulad-c105-s42-v4
Precision-Recall,0.3168103448275862,0.9932432432432432,0.9611390499432098,test,logistic_regression,lr-oulad-c105-s42-v4
Precision-Recall,0.3160919540229885,0.9932279909706546,0.961187930617174,test,logistic_regression,lr-oulad-c105-s42-v4
Precision-Recall,0.31537356321839083,0.9932126696832579,0.9613575185296247,test,logistic_regression,lr-oulad-c105-s42-v4
Precision-Recall,0.3146551724137931,0.9931972789115646,0.9614094840780696,test,logistic_regression,lr-oulad-c105-s42-v4
Precision-Recall,0.3139367816091954,0.9931818181818182,0.961558837011209,test,logistic_regression,lr-oulad-c105-s42-v4
Precision-Recall,0.3139367816091954,0.9954441913439636,0.9616525219929014,test,logistic_regression,lr-oulad-c105-s42-v4
Precision-Recall,0.3132183908045977,0.9954337899543378,0.9621576040666262,test,logistic_regression,lr-oulad-c105-s42-v4
Precision-Recall,0.3125,0.9954233409610984,0.9623292728663434,test,logistic_regression,lr-oulad-c105-s42-v4
Precision-Recall,0.3117816091954023,0.9954128440366973,0.9626158810989525,test,logistic_regression,lr-oulad-c105-s42-v4
Precision-Recall,0.3110632183908046,0.9954022988505747,0.9626271086962997,test,logistic_regression,lr-oulad-c105-s42-v4
Precision-Recall,0.3103448275862069,0.9953917050691244,0.962669335267485,test,logistic_regression,lr-oulad-c105-s42-v4
Precision-Recall,0.30962643678160917,0.9953810623556582,0.9627085902381646,test,logistic_regression,lr-oulad-c105-s42-v4
Precision-Recall,0.3089080459770115,0.9953703703703703,0.9631582829806021,test,logistic_regression,lr-oulad-c105-s42-v4
Precision-Recall,0.3081896551724138,0.9953596287703016,0.9633874262246839,test,logistic_regression,lr-oulad-c105-s42-v4
Precision-Recall,0.3074712643678161,0.9953488372093023,0.9634536749427641,test,logistic_regression,lr-oulad-c105-s42-v4
Precision-Recall,0.3067528735632184,0.9953379953379954,0.9635559328875695,test,logistic_regression,lr-oulad-c105-s42-v4
Precision-Recall,0.30603448275862066,0.9953271028037384,0.9637819205152198,test,logistic_regression,lr-oulad-c105-s42-v4
Precision-Recall,0.305316091954023,0.9953161592505855,0.9639476663012932,test,logistic_regression,lr-oulad-c105-s42-v4
Precision-Recall,0.3045977011494253,0.9953051643192489,0.9641022269630478,test,logistic_regression,lr-oulad-c105-s42-v4
Precision-Recall,0.30387931034482757,0.9952941176470588,0.9642111834538767,test,logistic_regression,lr-oulad-c105-s42-v4
Precision-Recall,0.3031609195402299,0.9952830188679245,0.9643048024333323,test,logistic_regression,lr-oulad-c105-s42-v4
Precision-Recall,0.3024425287356322,0.9952718676122931,0.9650126983726622,test,logistic_regression,lr-oulad-c105-s42-v4
Precision-Recall,0.3017241379310345,0.995260663507109,0.9650721288828243,test,logistic_regression,lr-oulad-c105-s42-v4
Precision-Recall,0.3010057471264368,0.995249406175772,0.9658083811416257,test,logistic_regression,lr-oulad-c105-s42-v4
Precision-Recall,0.30028735632183906,0.9952380952380953,0.9660827228826315,test,logistic_regression,lr-oulad-c105-s42-v4
Precision-Recall,0.2995689655172414,0.9952267303102625,0.9664367187530731,test,logistic_regression,lr-oulad-c105-s42-v4
Precision-Recall,0.2988505747126437,0.9952153110047847,0.9664690392846221,test,logistic_regression,lr-oulad-c105-s42-v4
Precision-Recall,0.29813218390804597,0.9952038369304557,0.9669204043316828,test,logistic_regression,lr-oulad-c105-s42-v4
Precision-Recall,0.2974137931034483,0.9951923076923077,0.9670540661420154,test,logistic_regression,lr-oulad-c105-s42-v4
Precision-Recall,0.29669540229885055,0.9951807228915662,0.9670751973144052,test,logistic_regression,lr-oulad-c105-s42-v4
Precision-Recall,0.2959770114942529,0.9951690821256038,0.9675372482009915,test,logistic_regression,lr-oulad-c105-s42-v4
Precision-Recall,0.2952586206896552,0.9951573849878934,0.9676917919927597,test,logistic_regression,lr-oulad-c105-s42-v4
Precision-Recall,0.29454022988505746,0.9951456310679612,0.9684737835494325,test,logistic_regression,lr-oulad-c105-s42-v4
Precision-Recall,0.2938218390804598,0.9951338199513382,0.9684811836023411,test,logistic_regression,lr-oulad-c105-s42-v4
Precision-Recall,0.29310344827586204,0.9951219512195122,0.9686298080142056,test,logistic_regression,lr-oulad-c105-s42-v4
Precision-Recall,0.29310344827586204,0.9975550122249389,0.9693035189988268,test,logistic_regression,lr-oulad-c105-s42-v4
Precision-Recall,0.29238505747126436,0.9975490196078431,0.9694893942245972,test,logistic_regression,lr-oulad-c105-s42-v4
Precision-Recall,0.2916666666666667,0.9975429975429976,0.9696047433759746,test,logistic_regression,lr-oulad-c105-s42-v4
Precision-Recall,0.29094827586206895,0.9975369458128078,0.969737246142764,test,logistic_regression,lr-oulad-c105-s42-v4
Precision-Recall,0.29022988505747127,0.9975308641975309,0.9701139057282449,test,logistic_regression,lr-oulad-c105-s42-v4
Precision-Recall,0.28951149425287354,0.9975247524752475,0.9701415747876445,test,logistic_regression,lr-oulad-c105-s42-v4
Precision-Recall,0.28879310344827586,0.9975186104218362,0.9702701868388118,test,logistic_regression,lr-oulad-c105-s42-v4
Precision-Recall,0.2880747126436782,0.9975124378109452,0.9707737786410627,test,logistic_regression,lr-oulad-c105-s42-v4
Precision-Recall,0.28735632183908044,0.9975062344139651,0.9711004319213745,test,logistic_regression,lr-oulad-c105-s42-v4
Precision-Recall,0.28663793103448276,0.9975,0.9713026871179886,test,logistic_regression,lr-oulad-c105-s42-v4
Precision-Recall,0.2859195402298851,0.9974937343358395,0.9717505200912036,test,logistic_regression,lr-oulad-c105-s42-v4
Precision-Recall,0.28520114942528735,0.9974874371859297,0.9718475939164731,test,logistic_regression,lr-oulad-c105-s42-v4
Precision-Recall,0.28448275862068967,0.9974811083123426,0.9719288340665542,test,logistic_regression,lr-oulad-c105-s42-v4
Precision-Recall,0.28376436781609193,0.9974747474747475,0.971929543487377,test,logistic_regression,lr-oulad-c105-s42-v4
Precision-Recall,0.28304597701149425,0.9974683544303797,0.9723960598968405,test,logistic_regression,lr-oulad-c105-s42-v4
Precision-Recall,0.2823275862068966,0.9974619289340102,0.9724643462605825,test,logistic_regression,lr-oulad-c105-s42-v4
Precision-Recall,0.28160919540229884,0.9974554707379135,0.9725182463104795,test,logistic_regression,lr-oulad-c105-s42-v4
Precision-Recall,0.28089080459770116,0.9974489795918368,0.9725871642902544,test,logistic_regression,lr-oulad-c105-s42-v4
Precision-Recall,0.2801724137931034,0.9974424552429667,0.9727395633414627,test,logistic_regression,lr-oulad-c105-s42-v4
Precision-Recall,0.27945402298850575,0.9974358974358974,0.972946397190898,test,logistic_regression,lr-oulad-c105-s42-v4
Precision-Recall,0.27873563218390807,0.9974293059125964,0.9729920842731137,test,logistic_regression,lr-oulad-c105-s42-v4
Precision-Recall,0.27801724137931033,0.9974226804123711,0.9731026404155009,test,logistic_regression,lr-oulad-c105-s42-v4
Precision-Recall,0.27729885057471265,0.9974160206718347,0.9731748885557133,test,logistic_regression,lr-oulad-c105-s42-v4
Precision-Recall,0.2765804597701149,0.9974093264248705,0.9731807662137931,test,logistic_regression,lr-oulad-c105-s42-v4
Precision-Recall,0.27586206896551724,0.9974025974025974,0.973343316991811,test,logistic_regression,lr-oulad-c105-s42-v4
Precision-Recall,0.27514367816091956,0.9973958333333334,0.9733893662707639,test,logistic_regression,lr-oulad-c105-s42-v4
Precision-Recall,0.2744252873563218,0.9973890339425587,0.9736066372967492,test,logistic_regression,lr-oulad-c105-s42-v4
Precision-Recall,0.27370689655172414,0.9973821989528796,0.9736332801875791,test,logistic_regression,lr-oulad-c105-s42-v4
Precision-Recall,0.27298850574712646,0.9973753280839895,0.9741242658353083,test,logistic_regression,lr-oulad-c105-s42-v4
Precision-Recall,0.27227011494252873,0.9973684210526316,0.9745862325014629,test,logistic_regression,lr-oulad-c105-s42-v4
Precision-Recall,0.27155172413793105,0.9973614775725593,0.974756473576169,test,logistic_regression,lr-oulad-c105-s42-v4
Precision-Recall,0.2708333333333333,0.9973544973544973,0.9751133603208642,test,logistic_regression,lr-oulad-c105-s42-v4
Precision-Recall,0.27011494252873564,0.9973474801061007,0.9751801873288622,test,logistic_regression,lr-oulad-c105-s42-v4
Precision-Recall,0.26939655172413796,0.9973404255319149,0.9756117726621514,test,logistic_regression,lr-oulad-c105-s42-v4
Precision-Recall,0.2686781609195402,0.9973333333333333,0.9757739835716047,test,logistic_regression,lr-oulad-c105-s42-v4
Precision-Recall,0.26795977011494254,0.9973262032085561,0.9759253525601637,test,logistic_regression,lr-oulad-c105-s42-v4
Precision-Recall,0.2672413793103448,0.9973190348525469,0.9759699834809994,test,logistic_regression,lr-oulad-c105-s42-v4
Precision-Recall,0.2665229885057471,0.9973118279569892,0.9760720004389832,test,logistic_regression,lr-oulad-c105-s42-v4
Precision-Recall,0.26580459770114945,0.9973045822102425,0.9764258100453562,test,logistic_regression,lr-oulad-c105-s42-v4
Precision-Recall,0.2650862068965517,0.9972972972972973,0.976469667692223,test,logistic_regression,lr-oulad-c105-s42-v4
Precision-Recall,0.26436781609195403,0.997289972899729,0.9768538910313875,test,logistic_regression,lr-oulad-c105-s42-v4
Precision-Recall,0.2636494252873563,0.9972826086956522,0.977118152872255,test,logistic_regression,lr-oulad-c105-s42-v4
Precision-Recall,0.2629310344827586,0.997275204359673,0.9772411556215391,test,logistic_regression,lr-oulad-c105-s42-v4
Precision-Recall,0.26221264367816094,0.9972677595628415,0.9775662264251304,test,logistic_regression,lr-oulad-c105-s42-v4
Precision-Recall,0.2614942528735632,0.9972602739726028,0.9778751566096823,test,logistic_regression,lr-oulad-c105-s42-v4
Precision-Recall,0.2607758620689655,0.9972527472527473,0.9781828119957887,test,logistic_regression,lr-oulad-c105-s42-v4
Precision-Recall,0.2600574712643678,0.9972451790633609,0.9785685353529496,test,logistic_regression,lr-oulad-c105-s42-v4
Precision-Recall,0.2593390804597701,0.9972375690607734,0.978631722759029,test,logistic_regression,lr-oulad-c105-s42-v4
Precision-Recall,0.25862068965517243,0.997229916897507,0.978737302107358,test,logistic_regression,lr-oulad-c105-s42-v4
Precision-Recall,0.2579022988505747,0.9972222222222222,0.9787863553617999,test,logistic_regression,lr-oulad-c105-s42-v4
Precision-Recall,0.257183908045977,0.9972144846796658,0.978809043232661,test,logistic_regression,lr-oulad-c105-s42-v4
Precision-Recall,0.25646551724137934,0.9972067039106145,0.9788669639407087,test,logistic_regression,lr-oulad-c105-s42-v4
Precision-Recall,0.2557471264367816,0.9971988795518207,0.9789533366826364,test,logistic_regression,lr-oulad-c105-s42-v4
Precision-Recall,0.2550287356321839,0.9971910112359551,0.9789933820019696,test,logistic_regression,lr-oulad-c105-s42-v4
Precision-Recall,0.2543103448275862,0.9971830985915493,0.979441723195459,test,logistic_regression,lr-oulad-c105-s42-v4
Precision-Recall,0.2535919540229885,0.9971751412429378,0.9796444706550201,test,logistic_regression,lr-oulad-c105-s42-v4
Precision-Recall,0.25287356321839083,0.9971671388101983,0.9797997882080042,test,logistic_regression,lr-oulad-c105-s42-v4
Precision-Recall,0.2521551724137931,0.9971590909090909,0.9799494536420941,test,logistic_regression,lr-oulad-c105-s42-v4
Precision-Recall,0.2514367816091954,0.9971509971509972,0.9804402656746145,test,logistic_regression,lr-oulad-c105-s42-v4
Precision-Recall,0.2507183908045977,0.9971428571428571,0.980560180259388,test,logistic_regression,lr-oulad-c105-s42-v4
Precision-Recall,0.25,0.997134670487106,0.9807503719578032,test,logistic_regression,lr-oulad-c105-s42-v4
Precision-Recall,0.2492816091954023,0.9971264367816092,0.9808564370866516,test,logistic_regression,lr-oulad-c105-s42-v4
Precision-Recall,0.24856321839080459,0.9971181556195965,0.9814079349683157,test,logistic_regression,lr-oulad-c105-s42-v4
Precision-Recall,0.2478448275862069,0.9971098265895953,0.9815149398870356,test,logistic_regression,lr-oulad-c105-s42-v4
Precision-Recall,0.2471264367816092,0.9971014492753624,0.9817483541715218,test,logistic_regression,lr-oulad-c105-s42-v4
Precision-Recall,0.2464080459770115,0.997093023255814,0.9819933566589343,test,logistic_regression,lr-oulad-c105-s42-v4
Precision-Recall,0.24568965517241378,0.9970845481049563,0.9820518505071496,test,logistic_regression,lr-oulad-c105-s42-v4
Precision-Recall,0.2449712643678161,0.9970760233918129,0.9821501158580113,test,logistic_regression,lr-oulad-c105-s42-v4
Precision-Recall,0.2442528735632184,0.9970674486803519,0.9824878145900954,test,logistic_regression,lr-oulad-c105-s42-v4
Precision-Recall,0.2435344827586207,0.9970588235294118,0.982892722468095,test,logistic_regression,lr-oulad-c105-s42-v4
Precision-Recall,0.2435344827586207,1.0,0.9829424384961686,test,logistic_regression,lr-oulad-c105-s42-v4
Precision-Recall,0.24281609195402298,1.0,0.9835327074619387,test,logistic_regression,lr-oulad-c105-s42-v4
Precision-Recall,0.24209770114942528,1.0,0.9837217830449142,test,logistic_regression,lr-oulad-c105-s42-v4
Precision-Recall,0.2413793103448276,1.0,0.9839055745680966,test,logistic_regression,lr-oulad-c105-s42-v4
Precision-Recall,0.2406609195402299,1.0,0.9843785432101587,test,logistic_regression,lr-oulad-c105-s42-v4
Precision-Recall,0.23994252873563218,1.0,0.9843956262768301,test,logistic_regression,lr-oulad-c105-s42-v4
Precision-Recall,0.23922413793103448,1.0,0.9846110114057842,test,logistic_regression,lr-oulad-c105-s42-v4
Precision-Recall,0.23850574712643677,1.0,0.985076200189556,test,logistic_regression,lr-oulad-c105-s42-v4
Precision-Recall,0.2377873563218391,1.0,0.9854549441511122,test,logistic_regression,lr-oulad-c105-s42-v4
Precision-Recall,0.23706896551724138,1.0,0.9856379324895993,test,logistic_regression,lr-oulad-c105-s42-v4
Precision-Recall,0.23635057471264367,1.0,0.9858701537406401,test,logistic_regression,lr-oulad-c105-s42-v4
Precision-Recall,0.23563218390804597,1.0,0.985926587587628,test,logistic_regression,lr-oulad-c105-s42-v4
Precision-Recall,0.2349137931034483,1.0,0.9861429563191505,test,logistic_regression,lr-oulad-c105-s42-v4
Precision-Recall,0.23419540229885058,1.0,0.9861884344179527,test,logistic_regression,lr-oulad-c105-s42-v4
Precision-Recall,0.23347701149425287,1.0,0.9862927008731989,test,logistic_regression,lr-oulad-c105-s42-v4
Precision-Recall,0.23275862068965517,1.0,0.9864594840055105,test,logistic_regression,lr-oulad-c105-s42-v4
Precision-Recall,0.23204022988505746,1.0,0.9865549004335724,test,logistic_regression,lr-oulad-c105-s42-v4
Precision-Recall,0.23132183908045978,1.0,0.9867174172531594,test,logistic_regression,lr-oulad-c105-s42-v4
Precision-Recall,0.23060344827586207,1.0,0.9868160649977978,test,logistic_regression,lr-oulad-c105-s42-v4
Precision-Recall,0.22988505747126436,1.0,0.9870614201043871,test,logistic_regression,lr-oulad-c105-s42-v4
Precision-Recall,0.22916666666666666,1.0,0.9872833227218678,test,logistic_regression,lr-oulad-c105-s42-v4
Precision-Recall,0.22844827586206898,1.0,0.9874358086062378,test,logistic_regression,lr-oulad-c105-s42-v4
Precision-Recall,0.22772988505747127,1.0,0.987445554627818,test,logistic_regression,lr-oulad-c105-s42-v4
Precision-Recall,0.22701149425287356,1.0,0.9874604636086555,test,logistic_regression,lr-oulad-c105-s42-v4
Precision-Recall,0.22629310344827586,1.0,0.987711467468535,test,logistic_regression,lr-oulad-c105-s42-v4
Precision-Recall,0.22557471264367815,1.0,0.9877654740919293,test,logistic_regression,lr-oulad-c105-s42-v4
Precision-Recall,0.22485632183908047,1.0,0.9878575692426712,test,logistic_regression,lr-oulad-c105-s42-v4
Precision-Recall,0.22413793103448276,1.0,0.9880909958576523,test,logistic_regression,lr-oulad-c105-s42-v4
Precision-Recall,0.22341954022988506,1.0,0.9881427864958593,test,logistic_regression,lr-oulad-c105-s42-v4
Precision-Recall,0.22270114942528735,1.0,0.9881482887152128,test,logistic_regression,lr-oulad-c105-s42-v4
Precision-Recall,0.22198275862068967,1.0,0.9881584302718137,test,logistic_regression,lr-oulad-c105-s42-v4
Precision-Recall,0.22126436781609196,1.0,0.9883110611788105,test,logistic_regression,lr-oulad-c105-s42-v4
Precision-Recall,0.22054597701149425,1.0,0.9883234498091247,test,logistic_regression,lr-oulad-c105-s42-v4
Precision-Recall,0.21982758620689655,1.0,0.9884419185916808,test,logistic_regression,lr-oulad-c105-s42-v4
Precision-Recall,0.21910919540229884,1.0,0.9885613079599451,test,logistic_regression,lr-oulad-c105-s42-v4
Precision-Recall,0.21839080459770116,1.0,0.9889787611284102,test,logistic_regression,lr-oulad-c105-s42-v4
Precision-Recall,0.21767241379310345,1.0,0.989100907156125,test,logistic_regression,lr-oulad-c105-s42-v4
Precision-Recall,0.21695402298850575,1.0,0.9892308020993336,test,logistic_regression,lr-oulad-c105-s42-v4
Precision-Recall,0.21623563218390804,1.0,0.9893515034927557,test,logistic_regression,lr-oulad-c105-s42-v4
Precision-Recall,0.21551724137931033,1.0,0.9896214725607202,test,logistic_regression,lr-oulad-c105-s42-v4
Precision-Recall,0.21479885057471265,1.0,0.9897993841912517,test,logistic_regression,lr-oulad-c105-s42-v4
Precision-Recall,0.21408045977011494,1.0,0.9898249507005005,test,logistic_regression,lr-oulad-c105-s42-v4
Precision-Recall,0.21336206896551724,1.0,0.9903904565836631,test,logistic_regression,lr-oulad-c105-s42-v4
Precision-Recall,0.21264367816091953,1.0,0.9905895844545627,test,logistic_regression,lr-oulad-c105-s42-v4
Precision-Recall,0.21192528735632185,1.0,0.9906780199768829,test,logistic_regression,lr-oulad-c105-s42-v4
Precision-Recall,0.21120689655172414,1.0,0.9907413060448202,test,logistic_regression,lr-oulad-c105-s42-v4
Precision-Recall,0.21048850574712644,1.0,0.9908339312070662,test,logistic_regression,lr-oulad-c105-s42-v4
Precision-Recall,0.20977011494252873,1.0,0.990964042728809,test,logistic_regression,lr-oulad-c105-s42-v4
Precision-Recall,0.20905172413793102,1.0,0.9910670958840266,test,logistic_regression,lr-oulad-c105-s42-v4
Precision-Recall,0.20833333333333334,1.0,0.9912288008720264,test,logistic_regression,lr-oulad-c105-s42-v4
Precision-Recall,0.20761494252873564,1.0,0.9912749644117007,test,logistic_regression,lr-oulad-c105-s42-v4
Precision-Recall,0.20689655172413793,1.0,0.9912817358213951,test,logistic_regression,lr-oulad-c105-s42-v4
Precision-Recall,0.20617816091954022,1.0,0.9913446846772958,test,logistic_regression,lr-oulad-c105-s42-v4
Precision-Recall,0.20545977011494254,1.0,0.9913803353078077,test,logistic_regression,lr-oulad-c105-s42-v4
Precision-Recall,0.20474137931034483,1.0,0.9914078365004523,test,logistic_regression,lr-oulad-c105-s42-v4
Precision-Recall,0.20402298850574713,1.0,0.9915329877634222,test,logistic_regression,lr-oulad-c105-s42-v4
Precision-Recall,0.20330459770114942,1.0,0.9916184545036588,test,logistic_regression,lr-oulad-c105-s42-v4
Precision-Recall,0.2025862068965517,1.0,0.9916798096118272,test,logistic_regression,lr-oulad-c105-s42-v4
Precision-Recall,0.20186781609195403,1.0,0.9916842361089993,test,logistic_regression,lr-oulad-c105-s42-v4
Precision-Recall,0.20114942528735633,1.0,0.9917753274583831,test,logistic_regression,lr-oulad-c105-s42-v4
Precision-Recall,0.20043103448275862,1.0,0.9917998650291939,test,logistic_regression,lr-oulad-c105-s42-v4
Precision-Recall,0.1997126436781609,1.0,0.9919163314710513,test,logistic_regression,lr-oulad-c105-s42-v4
Precision-Recall,0.19899425287356323,1.0,0.9919951461548411,test,logistic_regression,lr-oulad-c105-s42-v4
Precision-Recall,0.19827586206896552,1.0,0.9920547909619989,test,logistic_regression,lr-oulad-c105-s42-v4
Precision-Recall,0.19755747126436782,1.0,0.9920584137028954,test,logistic_regression,lr-oulad-c105-s42-v4
Precision-Recall,0.1968390804597701,1.0,0.9921114214127353,test,logistic_regression,lr-oulad-c105-s42-v4
Precision-Recall,0.1961206896551724,1.0,0.9921333822693832,test,logistic_regression,lr-oulad-c105-s42-v4
Precision-Recall,0.19540229885057472,1.0,0.9921580286823395,test,logistic_regression,lr-oulad-c105-s42-v4
Precision-Recall,0.19468390804597702,1.0,0.9922034361895893,test,logistic_regression,lr-oulad-c105-s42-v4
Precision-Recall,0.1939655172413793,1.0,0.9923490013074224,test,logistic_regression,lr-oulad-c105-s42-v4
Precision-Recall,0.1932471264367816,1.0,0.992374118514921,test,logistic_regression,lr-oulad-c105-s42-v4
Precision-Recall,0.1925287356321839,1.0,0.9925826427970266,test,logistic_regression,lr-oulad-c105-s42-v4
Precision-Recall,0.19181034482758622,1.0,0.9927084673525763,test,logistic_regression,lr-oulad-c105-s42-v4
Precision-Recall,0.1910919540229885,1.0,0.9928524710000125,test,logistic_regression,lr-oulad-c105-s42-v4
Precision-Recall,0.1903735632183908,1.0,0.9928648079706184,test,logistic_regression,lr-oulad-c105-s42-v4
Precision-Recall,0.1896551724137931,1.0,0.9928757155117485,test,logistic_regression,lr-oulad-c105-s42-v4
Precision-Recall,0.18893678160919541,1.0,0.9929103881145377,test,logistic_regression,lr-oulad-c105-s42-v4
Precision-Recall,0.1882183908045977,1.0,0.9929992557556027,test,logistic_regression,lr-oulad-c105-s42-v4
Precision-Recall,0.1875,1.0,0.9930381025782072,test,logistic_regression,lr-oulad-c105-s42-v4
Precision-Recall,0.1867816091954023,1.0,0.9930449158870988,test,logistic_regression,lr-oulad-c105-s42-v4
Precision-Recall,0.18606321839080459,1.0,0.9933473336121771,test,logistic_regression,lr-oulad-c105-s42-v4
Precision-Recall,0.1853448275862069,1.0,0.9933645249129107,test,logistic_regression,lr-oulad-c105-s42-v4
Precision-Recall,0.1846264367816092,1.0,0.9933826209173191,test,logistic_regression,lr-oulad-c105-s42-v4
Precision-Recall,0.1839080459770115,1.0,0.9934445975822124,test,logistic_regression,lr-oulad-c105-s42-v4
Precision-Recall,0.18318965517241378,1.0,0.9934762349913352,test,logistic_regression,lr-oulad-c105-s42-v4
Precision-Recall,0.1824712643678161,1.0,0.9935259921677901,test,logistic_regression,lr-oulad-c105-s42-v4
Precision-Recall,0.1817528735632184,1.0,0.993634254319139,test,logistic_regression,lr-oulad-c105-s42-v4
Precision-Recall,0.1810344827586207,1.0,0.993660195167659,test,logistic_regression,lr-oulad-c105-s42-v4
Precision-Recall,0.18031609195402298,1.0,0.9937560236200788,test,logistic_regression,lr-oulad-c105-s42-v4
Precision-Recall,0.17959770114942528,1.0,0.9939063939748268,test,logistic_regression,lr-oulad-c105-s42-v4
Precision-Recall,0.1788793103448276,1.0,0.993935072898844,test,logistic_regression,lr-oulad-c105-s42-v4
Precision-Recall,0.1781609195402299,1.0,0.9939886692364236,test,logistic_regression,lr-oulad-c105-s42-v4
Precision-Recall,0.17744252873563218,1.0,0.9940698097573741,test,logistic_regression,lr-oulad-c105-s42-v4
Precision-Recall,0.17672413793103448,1.0,0.9940792245494319,test,logistic_regression,lr-oulad-c105-s42-v4
Precision-Recall,0.17600574712643677,1.0,0.9940835664203729,test,logistic_regression,lr-oulad-c105-s42-v4
Precision-Recall,0.1752873563218391,1.0,0.9940894625165787,test,logistic_regression,lr-oulad-c105-s42-v4
Precision-Recall,0.17456896551724138,1.0,0.9941470945266331,test,logistic_regression,lr-oulad-c105-s42-v4
Precision-Recall,0.17385057471264367,1.0,0.9942140319624581,test,logistic_regression,lr-oulad-c105-s42-v4
Precision-Recall,0.17313218390804597,1.0,0.9942271082136949,test,logistic_regression,lr-oulad-c105-s42-v4
Precision-Recall,0.1724137931034483,1.0,0.9942652489131186,test,logistic_regression,lr-oulad-c105-s42-v4
Precision-Recall,0.17169540229885058,1.0,0.9944083237969589,test,logistic_regression,lr-oulad-c105-s42-v4
Precision-Recall,0.17097701149425287,1.0,0.9944133471529181,test,logistic_regression,lr-oulad-c105-s42-v4
Precision-Recall,0.17025862068965517,1.0,0.9945606787261916,test,logistic_regression,lr-oulad-c105-s42-v4
Precision-Recall,0.16954022988505746,1.0,0.9945944131831346,test,logistic_regression,lr-oulad-c105-s42-v4
Precision-Recall,0.16882183908045978,1.0,0.9946778499826787,test,logistic_regression,lr-oulad-c105-s42-v4
Precision-Recall,0.16810344827586207,1.0,0.9947255864055751,test,logistic_regression,lr-oulad-c105-s42-v4
Precision-Recall,0.16738505747126436,1.0,0.9947789087872969,test,logistic_regression,lr-oulad-c105-s42-v4
Precision-Recall,0.16666666666666666,1.0,0.9948063066961825,test,logistic_regression,lr-oulad-c105-s42-v4
Precision-Recall,0.16594827586206898,1.0,0.9948337320020197,test,logistic_regression,lr-oulad-c105-s42-v4
Precision-Recall,0.16522988505747127,1.0,0.994871718785641,test,logistic_regression,lr-oulad-c105-s42-v4
Precision-Recall,0.16451149425287356,1.0,0.9949030703868912,test,logistic_regression,lr-oulad-c105-s42-v4
Precision-Recall,0.16379310344827586,1.0,0.9950356347636046,test,logistic_regression,lr-oulad-c105-s42-v4
Precision-Recall,0.16307471264367815,1.0,0.9950586329752094,test,logistic_regression,lr-oulad-c105-s42-v4
Precision-Recall,0.16235632183908047,1.0,0.995061280312967,test,logistic_regression,lr-oulad-c105-s42-v4
Precision-Recall,0.16163793103448276,1.0,0.9950920805235756,test,logistic_regression,lr-oulad-c105-s42-v4
Precision-Recall,0.16091954022988506,1.0,0.9951508929579926,test,logistic_regression,lr-oulad-c105-s42-v4
Precision-Recall,0.16020114942528735,1.0,0.9952296950053076,test,logistic_regression,lr-oulad-c105-s42-v4
Precision-Recall,0.15948275862068967,1.0,0.9952401340791573,test,logistic_regression,lr-oulad-c105-s42-v4
Precision-Recall,0.15876436781609196,1.0,0.9952527690302713,test,logistic_regression,lr-oulad-c105-s42-v4
Precision-Recall,0.15804597701149425,1.0,0.9952844141135034,test,logistic_regression,lr-oulad-c105-s42-v4
Precision-Recall,0.15732758620689655,1.0,0.9953126677523914,test,logistic_regression,lr-oulad-c105-s42-v4
Precision-Recall,0.15660919540229884,1.0,0.9953275497993413,test,logistic_regression,lr-oulad-c105-s42-v4
Precision-Recall,0.15589080459770116,1.0,0.995349815244828,test,logistic_regression,lr-oulad-c105-s42-v4
Precision-Recall,0.15517241379310345,1.0,0.9953601623079139,test,logistic_regression,lr-oulad-c105-s42-v4
Precision-Recall,0.15445402298850575,1.0,0.9954595672105329,test,logistic_regression,lr-oulad-c105-s42-v4
Precision-Recall,0.15373563218390804,1.0,0.9954737438540364,test,logistic_regression,lr-oulad-c105-s42-v4
Precision-Recall,0.15301724137931033,1.0,0.9955111310846659,test,logistic_regression,lr-oulad-c105-s42-v4
Precision-Recall,0.15229885057471265,1.0,0.9955140621742746,test,logistic_regression,lr-oulad-c105-s42-v4
Precision-Recall,0.15158045977011494,1.0,0.9955162515610181,test,logistic_regression,lr-oulad-c105-s42-v4
Precision-Recall,0.15086206896551724,1.0,0.9955604083957519,test,logistic_regression,lr-oulad-c105-s42-v4
Precision-Recall,0.15014367816091953,1.0,0.9955656487206753,test,logistic_regression,lr-oulad-c105-s42-v4
Precision-Recall,0.14942528735632185,1.0,0.9955718175289275,test,logistic_regression,lr-oulad-c105-s42-v4
Precision-Recall,0.14870689655172414,1.0,0.9955943086545352,test,logistic_regression,lr-oulad-c105-s42-v4
Precision-Recall,0.14798850574712644,1.0,0.9956996830892524,test,logistic_regression,lr-oulad-c105-s42-v4
Precision-Recall,0.14727011494252873,1.0,0.9957642294067436,test,logistic_regression,lr-oulad-c105-s42-v4
Precision-Recall,0.14655172413793102,1.0,0.9957724562041962,test,logistic_regression,lr-oulad-c105-s42-v4
Precision-Recall,0.14583333333333334,1.0,0.9958986688625566,test,logistic_regression,lr-oulad-c105-s42-v4
Precision-Recall,0.14511494252873564,1.0,0.9959128550167299,test,logistic_regression,lr-oulad-c105-s42-v4
Precision-Recall,0.14439655172413793,1.0,0.9959715888325001,test,logistic_regression,lr-oulad-c105-s42-v4
Precision-Recall,0.14367816091954022,1.0,0.9961129679980284,test,logistic_regression,lr-oulad-c105-s42-v4
Precision-Recall,0.14295977011494254,1.0,0.9961176151372455,test,logistic_regression,lr-oulad-c105-s42-v4
Precision-Recall,0.14224137931034483,1.0,0.9961663534875628,test,logistic_regression,lr-oulad-c105-s42-v4
Precision-Recall,0.14152298850574713,1.0,0.9962251959248511,test,logistic_regression,lr-oulad-c105-s42-v4
Precision-Recall,0.14080459770114942,1.0,0.996239287321589,test,logistic_regression,lr-oulad-c105-s42-v4
Precision-Recall,0.1400862068965517,1.0,0.9963349460706246,test,logistic_regression,lr-oulad-c105-s42-v4
Precision-Recall,0.13936781609195403,1.0,0.996416492251155,test,logistic_regression,lr-oulad-c105-s42-v4
Precision-Recall,0.13864942528735633,1.0,0.9964439950091255,test,logistic_regression,lr-oulad-c105-s42-v4
Precision-Recall,0.13793103448275862,1.0,0.9964711739694645,test,logistic_regression,lr-oulad-c105-s42-v4
Precision-Recall,0.1372126436781609,1.0,0.9965035921574712,test,logistic_regression,lr-oulad-c105-s42-v4
Precision-Recall,0.13649425287356323,1.0,0.996517450380274,test,logistic_regression,lr-oulad-c105-s42-v4
Precision-Recall,0.13577586206896552,1.0,0.9965223686681556,test,logistic_regression,lr-oulad-c105-s42-v4
Precision-Recall,0.13505747126436782,1.0,0.9966711243273527,test,logistic_regression,lr-oulad-c105-s42-v4
Precision-Recall,0.1343390804597701,1.0,0.9967794594353147,test,logistic_regression,lr-oulad-c105-s42-v4
Precision-Recall,0.1336206896551724,1.0,0.9967969440273905,test,logistic_regression,lr-oulad-c105-s42-v4
Precision-Recall,0.13290229885057472,1.0,0.9968183273883212,test,logistic_regression,lr-oulad-c105-s42-v4
Precision-Recall,0.13218390804597702,1.0,0.9968270798069552,test,logistic_regression,lr-oulad-c105-s42-v4
Precision-Recall,0.1314655172413793,1.0,0.9968517891613061,test,logistic_regression,lr-oulad-c105-s42-v4
Precision-Recall,0.1307471264367816,1.0,0.9968678608075356,test,logistic_regression,lr-oulad-c105-s42-v4
Precision-Recall,0.1300287356321839,1.0,0.9969641310402081,test,logistic_regression,lr-oulad-c105-s42-v4
Precision-Recall,0.12931034482758622,1.0,0.996977336363376,test,logistic_regression,lr-oulad-c105-s42-v4
Precision-Recall,0.1285919540229885,1.0,0.9970407466491682,test,logistic_regression,lr-oulad-c105-s42-v4
Precision-Recall,0.1278735632183908,1.0,0.9970455013686081,test,logistic_regression,lr-oulad-c105-s42-v4
Precision-Recall,0.1271551724137931,1.0,0.997052321150558,test,logistic_regression,lr-oulad-c105-s42-v4
Precision-Recall,0.12643678160919541,1.0,0.9970802441507267,test,logistic_regression,lr-oulad-c105-s42-v4
Precision-Recall,0.1257183908045977,1.0,0.9971588127953485,test,logistic_regression,lr-oulad-c105-s42-v4
Precision-Recall,0.125,1.0,0.9972036522638128,test,logistic_regression,lr-oulad-c105-s42-v4
Precision-Recall,0.12428160919540229,1.0,0.9972346566293853,test,logistic_regression,lr-oulad-c105-s42-v4
Precision-Recall,0.1235632183908046,1.0,0.9972397413750107,test,logistic_regression,lr-oulad-c105-s42-v4
Precision-Recall,0.12284482758620689,1.0,0.9972954228735283,test,logistic_regression,lr-oulad-c105-s42-v4
Precision-Recall,0.1221264367816092,1.0,0.9972973345694849,test,logistic_regression,lr-oulad-c105-s42-v4
Precision-Recall,0.12140804597701149,1.0,0.99731448842757,test,logistic_regression,lr-oulad-c105-s42-v4
Precision-Recall,0.1206896551724138,1.0,0.9973166598961908,test,logistic_regression,lr-oulad-c105-s42-v4
Precision-Recall,0.11997126436781609,1.0,0.9973339928114623,test,logistic_regression,lr-oulad-c105-s42-v4
Precision-Recall,0.11925287356321838,1.0,0.9973357892651876,test,logistic_regression,lr-oulad-c105-s42-v4
Precision-Recall,0.11853448275862069,1.0,0.9973382436925451,test,logistic_regression,lr-oulad-c105-s42-v4
Precision-Recall,0.11781609195402298,1.0,0.9973819550861401,test,logistic_regression,lr-oulad-c105-s42-v4
Precision-Recall,0.11709770114942529,1.0,0.9975007096383367,test,logistic_regression,lr-oulad-c105-s42-v4
Precision-Recall,0.11637931034482758,1.0,0.9975303317305716,test,logistic_regression,lr-oulad-c105-s42-v4
Precision-Recall,0.11566091954022989,1.0,0.9975967282961885,test,logistic_regression,lr-oulad-c105-s42-v4
Precision-Recall,0.11494252873563218,1.0,0.9975996223315456,test,logistic_regression,lr-oulad-c105-s42-v4
Precision-Recall,0.11422413793103449,1.0,0.997656761063797,test,logistic_regression,lr-oulad-c105-s42-v4
Precision-Recall,0.11350574712643678,1.0,0.9976576627521458,test,logistic_regression,lr-oulad-c105-s42-v4
Precision-Recall,0.11278735632183907,1.0,0.9976675939483416,test,logistic_regression,lr-oulad-c105-s42-v4
Precision-Recall,0.11206896551724138,1.0,0.9976729428633517,test,logistic_regression,lr-oulad-c105-s42-v4
Precision-Recall,0.11135057471264367,1.0,0.9977217900137759,test,logistic_regression,lr-oulad-c105-s42-v4
Precision-Recall,0.11063218390804598,1.0,0.9977250648594799,test,logistic_regression,lr-oulad-c105-s42-v4
Precision-Recall,0.10991379310344827,1.0,0.9977379091796832,test,logistic_regression,lr-oulad-c105-s42-v4
Precision-Recall,0.10919540229885058,1.0,0.997871481657721,test,logistic_regression,lr-oulad-c105-s42-v4
Precision-Recall,0.10847701149425287,1.0,0.9978887523043887,test,logistic_regression,lr-oulad-c105-s42-v4
Precision-Recall,0.10775862068965517,1.0,0.9979021383977527,test,logistic_regression,lr-oulad-c105-s42-v4
Precision-Recall,0.10704022988505747,1.0,0.9979493030768423,test,logistic_regression,lr-oulad-c105-s42-v4
Precision-Recall,0.10632183908045977,1.0,0.9979539794795763,test,logistic_regression,lr-oulad-c105-s42-v4
Precision-Recall,0.10560344827586207,1.0,0.9979616503979781,test,logistic_regression,lr-oulad-c105-s42-v4
Precision-Recall,0.10488505747126436,1.0,0.9979900007848317,test,logistic_regression,lr-oulad-c105-s42-v4
Precision-Recall,0.10416666666666667,1.0,0.9979977499666463,test,logistic_regression,lr-oulad-c105-s42-v4
Precision-Recall,0.10344827586206896,1.0,0.998022184755587,test,logistic_regression,lr-oulad-c105-s42-v4
Precision-Recall,0.10272988505747127,1.0,0.998033939409364,test,logistic_regression,lr-oulad-c105-s42-v4
Precision-Recall,0.10201149425287356,1.0,0.9980342115406059,test,logistic_regression,lr-oulad-c105-s42-v4
Precision-Recall,0.10129310344827586,1.0,0.9980485486762299,test,logistic_regression,lr-oulad-c105-s42-v4
Precision-Recall,0.10057471264367816,1.0,0.9980523063288755,test,logistic_regression,lr-oulad-c105-s42-v4
Precision-Recall,0.09985632183908046,1.0,0.9980752140945126,test,logistic_regression,lr-oulad-c105-s42-v4
Precision-Recall,0.09913793103448276,1.0,0.9980938043314588,test,logistic_regression,lr-oulad-c105-s42-v4
Precision-Recall,0.09841954022988506,1.0,0.9981080299995427,test,logistic_regression,lr-oulad-c105-s42-v4
Precision-Recall,0.09770114942528736,1.0,0.9981082931275599,test,logistic_regression,lr-oulad-c105-s42-v4
Precision-Recall,0.09698275862068965,1.0,0.998134109554531,test,logistic_regression,lr-oulad-c105-s42-v4
Precision-Recall,0.09626436781609195,1.0,0.9981344435506991,test,logistic_regression,lr-oulad-c105-s42-v4
Precision-Recall,0.09554597701149425,1.0,0.9981626601751001,test,logistic_regression,lr-oulad-c105-s42-v4
Precision-Recall,0.09482758620689655,1.0,0.9981659783538125,test,logistic_regression,lr-oulad-c105-s42-v4
Precision-Recall,0.09410919540229885,1.0,0.9981833559063791,test,logistic_regression,lr-oulad-c105-s42-v4
Precision-Recall,0.09339080459770115,1.0,0.9982334527959627,test,logistic_regression,lr-oulad-c105-s42-v4
Precision-Recall,0.09267241379310345,1.0,0.9982788413166267,test,logistic_regression,lr-oulad-c105-s42-v4
Precision-Recall,0.09195402298850575,1.0,0.9982933800378052,test,logistic_regression,lr-oulad-c105-s42-v4
Precision-Recall,0.09123563218390805,1.0,0.9983098021629782,test,logistic_regression,lr-oulad-c105-s42-v4
Precision-Recall,0.09051724137931035,1.0,0.9983205850697864,test,logistic_regression,lr-oulad-c105-s42-v4
Precision-Recall,0.08979885057471264,1.0,0.9983512594941085,test,logistic_regression,lr-oulad-c105-s42-v4
Precision-Recall,0.08908045977011494,1.0,0.9983552193203966,test,logistic_regression,lr-oulad-c105-s42-v4
Precision-Recall,0.08836206896551724,1.0,0.9983556138704869,test,logistic_regression,lr-oulad-c105-s42-v4
Precision-Recall,0.08764367816091954,1.0,0.9983576289898917,test,logistic_regression,lr-oulad-c105-s42-v4
Precision-Recall,0.08692528735632184,1.0,0.9983639200179221,test,logistic_regression,lr-oulad-c105-s42-v4
Precision-Recall,0.08620689655172414,1.0,0.9983721543302039,test,logistic_regression,lr-oulad-c105-s42-v4
Precision-Recall,0.08548850574712644,1.0,0.9983859556096223,test,logistic_regression,lr-oulad-c105-s42-v4
Precision-Recall,0.08477011494252873,1.0,0.9984088443692085,test,logistic_regression,lr-oulad-c105-s42-v4
Precision-Recall,0.08405172413793104,1.0,0.9984478665021504,test,logistic_regression,lr-oulad-c105-s42-v4
Precision-Recall,0.08333333333333333,1.0,0.9984789937300121,test,logistic_regression,lr-oulad-c105-s42-v4
Precision-Recall,0.08261494252873564,1.0,0.9985026858384536,test,logistic_regression,lr-oulad-c105-s42-v4
Precision-Recall,0.08189655172413793,1.0,0.9985031840726728,test,logistic_regression,lr-oulad-c105-s42-v4
Precision-Recall,0.08117816091954023,1.0,0.998542272453528,test,logistic_regression,lr-oulad-c105-s42-v4
Precision-Recall,0.08045977011494253,1.0,0.9986093343127425,test,logistic_regression,lr-oulad-c105-s42-v4
Precision-Recall,0.07974137931034483,1.0,0.9986276033050492,test,logistic_regression,lr-oulad-c105-s42-v4
Precision-Recall,0.07902298850574713,1.0,0.9986354493493961,test,logistic_regression,lr-oulad-c105-s42-v4
Precision-Recall,0.07830459770114942,1.0,0.9986763267697133,test,logistic_regression,lr-oulad-c105-s42-v4
Precision-Recall,0.07758620689655173,1.0,0.9986826407227393,test,logistic_regression,lr-oulad-c105-s42-v4
Precision-Recall,0.07686781609195402,1.0,0.9987149001854145,test,logistic_regression,lr-oulad-c105-s42-v4
Precision-Recall,0.07614942528735633,1.0,0.9987268150264234,test,logistic_regression,lr-oulad-c105-s42-v4
Precision-Recall,0.07543103448275862,1.0,0.9987302749629445,test,logistic_regression,lr-oulad-c105-s42-v4
Precision-Recall,0.07471264367816093,1.0,0.9987344753360206,test,logistic_regression,lr-oulad-c105-s42-v4
Precision-Recall,0.07399425287356322,1.0,0.9987421927246136,test,logistic_regression,lr-oulad-c105-s42-v4
Precision-Recall,0.07327586206896551,1.0,0.9987596825711383,test,logistic_regression,lr-oulad-c105-s42-v4
Precision-Recall,0.07255747126436782,1.0,0.9987807262713533,test,logistic_regression,lr-oulad-c105-s42-v4
Precision-Recall,0.07183908045977011,1.0,0.9988178788816562,test,logistic_regression,lr-oulad-c105-s42-v4
Precision-Recall,0.07112068965517242,1.0,0.9988439115851702,test,logistic_regression,lr-oulad-c105-s42-v4
Precision-Recall,0.07040229885057471,1.0,0.9988581303182801,test,logistic_regression,lr-oulad-c105-s42-v4
Precision-Recall,0.06968390804597702,1.0,0.9988612455473082,test,logistic_regression,lr-oulad-c105-s42-v4
Precision-Recall,0.06896551724137931,1.0,0.9988779316737018,test,logistic_regression,lr-oulad-c105-s42-v4
Precision-Recall,0.06824712643678162,1.0,0.9988829634285556,test,logistic_regression,lr-oulad-c105-s42-v4
Precision-Recall,0.06752873563218391,1.0,0.9988890149727306,test,logistic_regression,lr-oulad-c105-s42-v4
Precision-Recall,0.0668103448275862,1.0,0.9989242720979405,test,logistic_regression,lr-oulad-c105-s42-v4
Precision-Recall,0.06609195402298851,1.0,0.9989295724627784,test,logistic_regression,lr-oulad-c105-s42-v4
Precision-Recall,0.0653735632183908,1.0,0.99893939777898,test,logistic_regression,lr-oulad-c105-s42-v4
Precision-Recall,0.06465517241379311,1.0,0.9989546115495989,test,logistic_regression,lr-oulad-c105-s42-v4
Precision-Recall,0.0639367816091954,1.0,0.9989801796870816,test,logistic_regression,lr-oulad-c105-s42-v4
Precision-Recall,0.06321839080459771,1.0,0.9990287347888036,test,logistic_regression,lr-oulad-c105-s42-v4
Precision-Recall,0.0625,1.0,0.9990433284913962,test,logistic_regression,lr-oulad-c105-s42-v4
Precision-Recall,0.0617816091954023,1.0,0.99906813497517,test,logistic_regression,lr-oulad-c105-s42-v4
Precision-Recall,0.0610632183908046,1.0,0.9990775737184876,test,logistic_regression,lr-oulad-c105-s42-v4
Precision-Recall,0.0603448275862069,1.0,0.9990963872882576,test,logistic_regression,lr-oulad-c105-s42-v4
Precision-Recall,0.05962643678160919,1.0,0.9991093707946688,test,logistic_regression,lr-oulad-c105-s42-v4
Precision-Recall,0.05890804597701149,1.0,0.999116078658895,test,logistic_regression,lr-oulad-c105-s42-v4
Precision-Recall,0.05818965517241379,1.0,0.9991279975137548,test,logistic_regression,lr-oulad-c105-s42-v4
Precision-Recall,0.05747126436781609,1.0,0.9991289596849889,test,logistic_regression,lr-oulad-c105-s42-v4
Precision-Recall,0.05675287356321839,1.0,0.9991371145436614,test,logistic_regression,lr-oulad-c105-s42-v4
Precision-Recall,0.05603448275862069,1.0,0.9991472386135656,test,logistic_regression,lr-oulad-c105-s42-v4
Precision-Recall,0.05531609195402299,1.0,0.9991522553960451,test,logistic_regression,lr-oulad-c105-s42-v4
Precision-Recall,0.05459770114942529,1.0,0.999155820949949,test,logistic_regression,lr-oulad-c105-s42-v4
Precision-Recall,0.05387931034482758,1.0,0.9991591315444603,test,logistic_regression,lr-oulad-c105-s42-v4
Precision-Recall,0.05316091954022988,1.0,0.9991825086984588,test,logistic_regression,lr-oulad-c105-s42-v4
Precision-Recall,0.05244252873563218,1.0,0.9991903162658224,test,logistic_regression,lr-oulad-c105-s42-v4
Precision-Recall,0.05172413793103448,1.0,0.9992221109973015,test,logistic_regression,lr-oulad-c105-s42-v4
Precision-Recall,0.05100574712643678,1.0,0.9992227173889322,test,logistic_regression,lr-oulad-c105-s42-v4
Precision-Recall,0.05028735632183908,1.0,0.9992380150221909,test,logistic_regression,lr-oulad-c105-s42-v4
Precision-Recall,0.04956896551724138,1.0,0.9992560869254936,test,logistic_regression,lr-oulad-c105-s42-v4
Precision-Recall,0.04885057471264368,1.0,0.9992860519450206,test,logistic_regression,lr-oulad-c105-s42-v4
Precision-Recall,0.048132183908045974,1.0,0.9992955296851032,test,logistic_regression,lr-oulad-c105-s42-v4
Precision-Recall,0.04741379310344827,1.0,0.9993031550760816,test,logistic_regression,lr-oulad-c105-s42-v4
Precision-Recall,0.04669540229885057,1.0,0.9993390952546579,test,logistic_regression,lr-oulad-c105-s42-v4
Precision-Recall,0.04597701149425287,1.0,0.9993708602645142,test,logistic_regression,lr-oulad-c105-s42-v4
Precision-Recall,0.04525862068965517,1.0,0.9993724870580472,test,logistic_regression,lr-oulad-c105-s42-v4
Precision-Recall,0.04454022988505747,1.0,0.9993836850601718,test,logistic_regression,lr-oulad-c105-s42-v4
Precision-Recall,0.04382183908045977,1.0,0.9993838460227678,test,logistic_regression,lr-oulad-c105-s42-v4
Precision-Recall,0.04310344827586207,1.0,0.9994014093611302,test,logistic_regression,lr-oulad-c105-s42-v4
Precision-Recall,0.042385057471264365,1.0,0.9994062383442605,test,logistic_regression,lr-oulad-c105-s42-v4
Precision-Recall,0.041666666666666664,1.0,0.9994163713731729,test,logistic_regression,lr-oulad-c105-s42-v4
Precision-Recall,0.040948275862068964,1.0,0.9994186357571833,test,logistic_regression,lr-oulad-c105-s42-v4
Precision-Recall,0.040229885057471264,1.0,0.9994263395963233,test,logistic_regression,lr-oulad-c105-s42-v4
Precision-Recall,0.039511494252873564,1.0,0.9994352042299304,test,logistic_regression,lr-oulad-c105-s42-v4
Precision-Recall,0.03879310344827586,1.0,0.9994426943879329,test,logistic_regression,lr-oulad-c105-s42-v4
Precision-Recall,0.03807471264367816,1.0,0.9994762478355489,test,logistic_regression,lr-oulad-c105-s42-v4
Precision-Recall,0.03735632183908046,1.0,0.9994857961109785,test,logistic_regression,lr-oulad-c105-s42-v4
Precision-Recall,0.036637931034482756,1.0,0.9994918826911947,test,logistic_regression,lr-oulad-c105-s42-v4
Precision-Recall,0.035919540229885055,1.0,0.9994976599855292,test,logistic_regression,lr-oulad-c105-s42-v4
Precision-Recall,0.035201149425287355,1.0,0.9995072964726611,test,logistic_regression,lr-oulad-c105-s42-v4
Precision-Recall,0.034482758620689655,1.0,0.9995113883556583,test,logistic_regression,lr-oulad-c105-s42-v4
Precision-Recall,0.033764367816091954,1.0,0.9995243275038247,test,logistic_regression,lr-oulad-c105-s42-v4
Precision-Recall,0.033045977011494254,1.0,0.9995312979661173,test,logistic_regression,lr-oulad-c105-s42-v4
Precision-Recall,0.032327586206896554,1.0,0.9995358759133273,test,logistic_regression,lr-oulad-c105-s42-v4
Precision-Recall,0.031609195402298854,1.0,0.9995487909978896,test,logistic_regression,lr-oulad-c105-s42-v4
Precision-Recall,0.03089080459770115,1.0,0.999549363095206,test,logistic_regression,lr-oulad-c105-s42-v4
Precision-Recall,0.03017241379310345,1.0,0.9995538127502884,test,logistic_regression,lr-oulad-c105-s42-v4
Precision-Recall,0.029454022988505746,1.0,0.9995819404665598,test,logistic_regression,lr-oulad-c105-s42-v4
Precision-Recall,0.028735632183908046,1.0,0.9995884977341672,test,logistic_regression,lr-oulad-c105-s42-v4
Precision-Recall,0.028017241379310345,1.0,0.9995980541503121,test,logistic_regression,lr-oulad-c105-s42-v4
Precision-Recall,0.027298850574712645,1.0,0.9996282389897511,test,logistic_regression,lr-oulad-c105-s42-v4
Precision-Recall,0.02658045977011494,1.0,0.9996315710491633,test,logistic_regression,lr-oulad-c105-s42-v4
Precision-Recall,0.02586206896551724,1.0,0.9996517868998289,test,logistic_regression,lr-oulad-c105-s42-v4
Precision-Recall,0.02514367816091954,1.0,0.9996571620662812,test,logistic_regression,lr-oulad-c105-s42-v4
Precision-Recall,0.02442528735632184,1.0,0.9996605262907856,test,logistic_regression,lr-oulad-c105-s42-v4
Precision-Recall,0.023706896551724137,1.0,0.9996701228611337,test,logistic_regression,lr-oulad-c105-s42-v4
Precision-Recall,0.022988505747126436,1.0,0.9996789774232375,test,logistic_regression,lr-oulad-c105-s42-v4
Precision-Recall,0.022270114942528736,1.0,0.9996827037204133,test,logistic_regression,lr-oulad-c105-s42-v4
Precision-Recall,0.021551724137931036,1.0,0.9996854535857813,test,logistic_regression,lr-oulad-c105-s42-v4
Precision-Recall,0.020833333333333332,1.0,0.9996901699182061,test,logistic_regression,lr-oulad-c105-s42-v4
Precision-Recall,0.020114942528735632,1.0,0.9997105392853738,test,logistic_regression,lr-oulad-c105-s42-v4
Precision-Recall,0.01939655172413793,1.0,0.9997126232043179,test,logistic_regression,lr-oulad-c105-s42-v4
Precision-Recall,0.01867816091954023,1.0,0.999740773778993,test,logistic_regression,lr-oulad-c105-s42-v4
Precision-Recall,0.017959770114942528,1.0,0.9997448563750622,test,logistic_regression,lr-oulad-c105-s42-v4
Precision-Recall,0.017241379310344827,1.0,0.9997527619657226,test,logistic_regression,lr-oulad-c105-s42-v4
Precision-Recall,0.016522988505747127,1.0,0.9997832315168977,test,logistic_regression,lr-oulad-c105-s42-v4
Precision-Recall,0.015804597701149427,1.0,0.9997932096873002,test,logistic_regression,lr-oulad-c105-s42-v4
Precision-Recall,0.015086206896551725,1.0,0.9997946997556408,test,logistic_regression,lr-oulad-c105-s42-v4
Precision-Recall,0.014367816091954023,1.0,0.9998029805236864,test,logistic_regression,lr-oulad-c105-s42-v4
Precision-Recall,0.013649425287356323,1.0,0.9998085349845762,test,logistic_regression,lr-oulad-c105-s42-v4
Precision-Recall,0.01293103448275862,1.0,0.9998121665798526,test,logistic_regression,lr-oulad-c105-s42-v4
Precision-Recall,0.01221264367816092,1.0,0.999825940144654,test,logistic_regression,lr-oulad-c105-s42-v4
Precision-Recall,0.011494252873563218,1.0,0.9998342474865637,test,logistic_regression,lr-oulad-c105-s42-v4
Precision-Recall,0.010775862068965518,1.0,0.9998420083656608,test,logistic_regression,lr-oulad-c105-s42-v4
Precision-Recall,0.010057471264367816,1.0,0.9998530984815583,test,logistic_regression,lr-oulad-c105-s42-v4
Precision-Recall,0.009339080459770116,1.0,0.9998543591615846,test,logistic_regression,lr-oulad-c105-s42-v4
Precision-Recall,0.008620689655172414,1.0,0.9998720722472828,test,logistic_regression,lr-oulad-c105-s42-v4
Precision-Recall,0.007902298850574713,1.0,0.999877214935956,test,logistic_regression,lr-oulad-c105-s42-v4
Precision-Recall,0.007183908045977011,1.0,0.9998785609122438,test,logistic_regression,lr-oulad-c105-s42-v4
Precision-Recall,0.00646551724137931,1.0,0.9998799128854561,test,logistic_regression,lr-oulad-c105-s42-v4
Precision-Recall,0.005747126436781609,1.0,0.9998799944411657,test,logistic_regression,lr-oulad-c105-s42-v4
Precision-Recall,0.005028735632183908,1.0,0.9998841291334853,test,logistic_regression,lr-oulad-c105-s42-v4
Precision-Recall,0.004310344827586207,1.0,0.9999149959364639,test,logistic_regression,lr-oulad-c105-s42-v4
Precision-Recall,0.0035919540229885057,1.0,0.9999187906839466,test,logistic_regression,lr-oulad-c105-s42-v4
Precision-Recall,0.0028735632183908046,1.0,0.9999455077673911,test,logistic_regression,lr-oulad-c105-s42-v4
Precision-Recall,0.0021551724137931034,1.0,0.99997154528082,test,logistic_regression,lr-oulad-c105-s42-v4
Precision-Recall,0.0014367816091954023,1.0,0.9999872298587479,test,logistic_regression,lr-oulad-c105-s42-v4
Precision-Recall,0.0007183908045977011,1.0,0.9999908770579083,test,logistic_regression,lr-oulad-c105-s42-v4
Precision-Recall,0.0,1.0,,test,logistic_regression,lr-oulad-c105-s42-v4
