threshold,accuracy,balanced_accuracy,precision,recall,f1,meets_minimum_recall,selected
0.05,0.4727019498607242,0.568327528683338,0.4233710614866932,0.9942528735632183,0.5938639776871916,True,False
0.051000000000000004,0.4768802228412256,0.5714762898350643,0.42523076923076925,0.992816091954023,0.5954330030159414,True,False
0.052000000000000005,0.479108635097493,0.5730326942988925,0.42618900555898703,0.9913793103448276,0.5961123110151187,True,False
0.053000000000000005,0.4821727019498607,0.5754032532187046,0.4275968992248062,0.9906609195402298,0.5973575915096383,True,False
0.054,0.48384401114206127,0.5766364145043038,0.4283493938451974,0.9899425287356322,0.5979605120416577,True,False
0.055,0.4860724233983287,0.5783245348435883,0.4293732460243218,0.9892241379310345,0.598825831702544,True,False
0.056,0.48802228412256266,0.5796534597805738,0.4302252816020025,0.9877873563218391,0.5993897122929381,True,False
0.057,0.48997214484679663,0.5811141005930156,0.4311264512080326,0.9870689655172413,0.6001310329766325,True,False
0.058,0.4947075208913649,0.5849812525493395,0.4334384858044164,0.9870689655172413,0.6023673827268742,True,False
0.059,0.4963788300835655,0.586346129710395,0.43426042983565105,0.9870689655172413,0.6031606672519754,True,False
0.06,0.4991643454038997,0.5886209249788208,0.43563728598604945,0.9870689655172413,0.6044874615046194,True,False
0.061,0.5025069637883008,0.5913506793009319,0.43730108211330365,0.9870689655172413,0.6060873400970446,True,False
0.062,0.5050139275766017,0.5933979950425151,0.43855729332907756,0.9870689655172413,0.607292817679558,True,False
0.063,0.5064066852367688,0.5945353926767281,0.43925831202046034,0.9870689655172413,0.6079646017699115,True,False
0.064,0.507242339832869,0.5950861153817996,0.43964137047710533,0.9863505747126436,0.6081949058693245,True,False
0.065,0.5105849582172702,0.5976841538284543,0.441299453200386,0.985632183908046,0.609642301710731,True,False
0.066,0.5114206128133705,0.598366592408982,0.44172569220862845,0.985632183908046,0.6100489106269453,True,False
0.067,0.5122562674094707,0.5989173151140536,0.4421154466301193,0.9849137931034483,0.61028266191854,True,False
0.068,0.5161559888579387,0.6019703126143935,0.44408427876823336,0.9841954022988506,0.6120169756533392,True,False
0.069,0.5186629526462395,0.6038859124805205,0.44534808067664283,0.9834770114942529,0.6130765785938199,True,False
0.07,0.5222841225626741,0.6067114304540178,0.4472049689440994,0.9827586206896551,0.6146933273421703,True,False
0.071,0.5245125348189416,0.6085312666687585,0.44837758112094395,0.9827586206896551,0.6158001350438893,True,False
0.072,0.5267409470752089,0.6103511028834991,0.4495563588563917,0.9827586206896551,0.6169109357384442,True,False
0.073,0.5292479108635098,0.6122667027496261,0.4508575197889182,0.9820402298850575,0.6179927667269439,True,False
0.074,0.532033426183844,0.6145414980180519,0.45234943745863665,0.9820402298850575,0.61939284096058,True,False
0.075,0.5342618384401114,0.6162296183573364,0.4535192563081009,0.9813218390804598,0.620345140781108,True,False
0.076,0.5350974930362117,0.6169120569378641,0.453971419076105,0.9813218390804598,0.6207680072710747,True,False
0.077,0.5381615598885794,0.6194143317331325,0.45563709139426284,0.9813218390804598,0.6223234624145786,True,False
0.078,0.5423398328690808,0.6228265246357713,0.45792826014079785,0.9813218390804598,0.6244571428571428,True,False
0.079,0.5454038997214484,0.6251970835555835,0.4595959595959596,0.9806034482758621,0.6258596973865199,True,False
0.08,0.5484679665738161,0.6276993583508519,0.46130449476174384,0.9806034482758621,0.6274419673638244,True,False
0.08099999999999999,0.5506963788300836,0.6293874786901363,0.46252967107494064,0.9798850574712644,0.6284266298087998,True,False
0.08199999999999999,0.5540389972144847,0.631985517136791,0.46439522998296423,0.9791666666666666,0.6299976889299745,True,False
0.08299999999999999,0.5571030640668524,0.6344877919320594,0.46614227086183313,0.9791666666666666,0.6316033364226136,True,False
0.08399999999999999,0.5601671309192201,0.6369900667273278,0.46790250600755234,0.9791666666666666,0.6332171893147502,True,False
0.08499999999999999,0.5607242339832869,0.637445025781013,0.46822397801442805,0.9791666666666666,0.633511503602138,True,False
0.086,0.5626740947075209,0.6389056665934548,0.4693314955203308,0.978448275862069,0.6343735444806707,True,False
0.087,0.5649025069637883,0.6405937869327393,0.4706085753803596,0.9777298850574713,0.6353874883286648,True,False
0.088,0.5651810584958217,0.640426118833213,0.4707105719237435,0.9755747126436781,0.6350245499181669,True,False
0.089,0.5685236768802229,0.6431558731553241,0.472676644622346,0.9755747126436781,0.6368112543962485,True,False
0.09,0.56991643454039,0.644293270789537,0.4735006973500697,0.9755747126436781,0.6375586854460094,True,False
0.091,0.5724233983286908,0.6463405865311203,0.4749912556838055,0.9755747126436781,0.6389084921195013,True,False
0.092,0.5749303621169917,0.6482561863972472,0.4764747191011236,0.9748563218390804,0.6400943396226415,True,False
0.093,0.5754874651810585,0.6485794295754761,0.4767932489451477,0.9741379310344828,0.6402266288951841,True,False
0.094,0.5796657381615599,0.6519916224781149,0.47932131495228,0.9741379310344828,0.642501776830135,True,False
0.095,0.5807799442896936,0.6529015405854852,0.48,0.9741379310344828,0.6431112165046241,True,False
0.096,0.5835654596100278,0.6551763358539111,0.4817051509769094,0.9741379310344828,0.644639885904445,True,False
0.097,0.5857938718662953,0.6569961720686518,0.4830780192376202,0.9741379310344828,0.6458680638247202,True,False
0.09799999999999999,0.5863509749303621,0.6573194152468806,0.4834106314662861,0.9734195402298851,0.6460071513706794,True,False
0.09899999999999999,0.5883008356545961,0.6587800560593224,0.4846098783106657,0.9727011494252874,0.6469182990922121,True,False
0.09999999999999999,0.5902506963788301,0.6603724127472206,0.485827054180122,0.9727011494252874,0.6480019143335726,True,False
0.10099999999999999,0.594150417827298,0.6632936943721042,0.48826291079812206,0.9712643678160919,0.6498437875510694,True,False
0.102,0.5952646239554318,0.6640718966040182,0.4889612739775606,0.9705459770114943,0.6503008423586041,True,False
0.103,0.5963788300835655,0.6649818147113886,0.4896701703515767,0.9705459770114943,0.6509274873524452,True,False
0.104,0.5991643454038997,0.6672566099798145,0.4914514368861404,0.9705459770114943,0.6524993962810915,True,False
0.10499999999999998,0.6013927576601671,0.6690764461945551,0.4928858080992339,0.9705459770114943,0.653762400193564,True,False
0.10599999999999998,0.6025069637883008,0.6698546484264692,0.4936014625228519,0.9698275862068966,0.6542282529682578,True,False
0.10699999999999998,0.6036211699164346,0.6707645665338395,0.49432442328817283,0.9698275862068966,0.6548629638612661,True,False
0.10799999999999998,0.6050139275766017,0.6716385324171399,0.4952240999265246,0.9683908045977011,0.6553232863393291,True,False
0.10899999999999999,0.6080779944289694,0.6740090913369521,0.49723145071982283,0.9676724137931034,0.6569129480614484,True,False
0.10999999999999999,0.6108635097493036,0.6761521707299216,0.4990730441230997,0.9669540229885057,0.6583516752262166,True,False
0.11099999999999999,0.6136490250696379,0.6784269659983475,0.5009304056568664,0.9669540229885057,0.6599656778622212,True,False
0.11199999999999999,0.6153203342618384,0.679791843159403,0.5020514733308467,0.9669540229885057,0.6609378836238645,True,False
0.11299999999999999,0.616991643454039,0.6810250044450022,0.5031799476243921,0.9662356321839081,0.6617466174661747,True,False
0.11399999999999999,0.6178272980501393,0.6815757271500738,0.5037481259370314,0.9655172413793104,0.6620689655172414,True,False
0.11499999999999999,0.6192200557103064,0.6825814089088303,0.5046974821495678,0.9647988505747126,0.6627189735998026,True,False
0.11599999999999999,0.6217270194986072,0.6844970087749573,0.5064150943396226,0.9640804597701149,0.6640277090549233,True,False
0.11699999999999999,0.6231197771587744,0.685502690533714,0.5073779795686719,0.9633620689655172,0.6646840148698885,True,False
0.118,0.6233983286908078,0.6854667383096441,0.5075815011372252,0.9619252873563219,0.6645161290322581,True,False
0.119,0.6253481894150418,0.6870590949975421,0.5089319650323071,0.9619252873563219,0.6656723837931892,True,False
0.12,0.6267409470752089,0.6881964926317551,0.5099009900990099,0.9619252873563219,0.6665007466401195,True,False
0.12099999999999998,0.6278551532033426,0.6887112631127567,0.5107033639143731,0.9597701149425287,0.6666666666666666,True,False
0.12199999999999998,0.6284122562674095,0.6889027904155293,0.5111111111111111,0.9583333333333334,0.6666666666666666,True,False
0.12299999999999998,0.6289693593314764,0.6892260335937581,0.5115118956254797,0.9576149425287356,0.6668334167083542,True,False
0.12399999999999999,0.6306406685236768,0.6905909107548136,0.5126923076923077,0.9576149425287356,0.6678356713426854,True,False
0.12499999999999999,0.6320334261838441,0.6917283083890265,0.5136801541425818,0.9576149425287356,0.6686731878605467,True,False
0.126,0.633983286908078,0.6931889492014685,0.5150812064965197,0.9568965517241379,0.669683257918552,True,False
0.127,0.6353760445682451,0.6943263468356813,0.5160790391321194,0.9568965517241379,0.6705260508431915,True,False
0.128,0.6364902506963789,0.6952362649430517,0.5168800931315483,0.9568965517241379,0.671201814058957,True,False
0.129,0.6387186629526462,0.6969243852823361,0.518504090377873,0.9561781609195402,0.6723920181864107,True,False
0.13,0.6401114206128133,0.6979300670410927,0.51953125,0.9554597701149425,0.6730769230769231,True,False
0.131,0.6415041782729805,0.6988040329243931,0.5205801646413172,0.9540229885057471,0.6735987826528025,True,False
0.132,0.6437325905292479,0.7003604373882213,0.5222528554549035,0.9525862068965517,0.6746374968201475,True,False
0.133,0.6459610027855153,0.7020485577275057,0.523922499011467,0.951867816091954,0.6758479979597042,True,False
0.13399999999999998,0.6473537604456825,0.7031859553617186,0.5249603803486529,0.951867816091954,0.6767109295199183,True,False
0.13499999999999998,0.649025069637883,0.7042874007718616,0.5262529832935561,0.9504310344827587,0.6774193548387096,True,False
0.13599999999999998,0.6506963788300836,0.7055205620574607,0.5275339185953711,0.9497126436781609,0.6782965623396614,True,False
0.13699999999999998,0.6526462395543176,0.7071129187453589,0.5290116046418567,0.9497126436781609,0.6795168337188383,True,False
0.13799999999999998,0.6540389972144847,0.7081186005041156,0.5300963081861958,0.9489942528735632,0.680226570545829,True,False
0.13899999999999998,0.6557103064066853,0.7094834776651711,0.5313757039420757,0.9489942528735632,0.6812790097988654,True,False
0.13999999999999999,0.6554317548746518,0.7087291346365034,0.5312626058894716,0.9461206896551724,0.6804443296305864,True,False
0.141,0.6573816155988857,0.7103214913244015,0.5327669902912622,0.9461206896551724,0.6816770186335404,True,False
0.142,0.6590529247910863,0.7114229367345445,0.5341186027619821,0.944683908045977,0.6824078879086664,True,False
0.143,0.6618384401114206,0.7136977320029703,0.5362969004893964,0.944683908045977,0.6841831425598335,True,False
0.144,0.6637883008356545,0.7150266569399559,0.5378943056124539,0.9432471264367817,0.6851030524393426,True,False
0.145,0.666016713091922,0.7164513455283277,0.5397610218376596,0.9410919540229885,0.6860434668761456,True,False
0.14599999999999996,0.6668523676880223,0.7167386364824867,0.5405293631100083,0.9389367816091954,0.6860892388451444,True,False
0.14699999999999996,0.6693593314763231,0.7187859522240699,0.5425487754254877,0.9389367816091954,0.687713759536964,True,False
0.14799999999999996,0.6707520891364902,0.7199233498582829,0.5436772046589018,0.9389367816091954,0.6886195995785037,True,False
0.14899999999999997,0.6721448467966574,0.7209290316170396,0.5448477263245723,0.9382183908045977,0.6893639482713116,True,False
0.14999999999999997,0.6740947075208914,0.7225213883049376,0.5464435146443515,0.9382183908045977,0.6906398730830249,True,False
0.15099999999999997,0.6746518105849583,0.7229763473586228,0.5469011725293133,0.9382183908045977,0.691005291005291,True,False
0.15199999999999997,0.6763231197771588,0.724209508644222,0.5483193277310925,0.9375,0.6919406150583245,True,False
0.15299999999999997,0.677158774373259,0.7243650837229247,0.5491768678767412,0.9346264367816092,0.6918372773198618,True,False
0.15399999999999997,0.6782729805013927,0.725275001830295,0.5501057082452431,0.9346264367816092,0.6925738621240352,True,False
0.15499999999999997,0.6791086350974931,0.7256940086599103,0.5508905852417303,0.9331896551724138,0.6928,True,False
0.15599999999999997,0.6813370473537604,0.727513844874651,0.5527659574468086,0.9331896551724138,0.6942811330839124,True,False
0.15699999999999997,0.6821727019498607,0.7281962834551787,0.5534725181082233,0.9331896551724138,0.6948381920299546,True,False
0.15799999999999997,0.6838440111420613,0.7295611606162342,0.5548910721913712,0.9331896551724138,0.6959549959817841,True,False
0.15899999999999997,0.6852367688022284,0.730698558250447,0.5560787671232876,0.9331896551724138,0.6968884120171673,True,False
0.15999999999999998,0.6863509749303621,0.7316084763578174,0.557032590051458,0.9331896551724138,0.6976369495166488,True,False
0.16099999999999998,0.686908077994429,0.7320634354115026,0.5575107296137339,0.9331896551724138,0.6980118216012896,True,False
0.16199999999999998,0.6894150417827298,0.7341107511530859,0.5596725549332184,0.9331896551724138,0.699703743603555,True,False
0.16299999999999998,0.6919220055710307,0.7361580668946692,0.5618512110726643,0.9331896551724138,0.7014038876889849,True,False
0.16399999999999998,0.6927576601671309,0.7367087895997406,0.5626354573038578,0.9324712643678161,0.7018113003514463,True,False
0.16499999999999998,0.6927576601671309,0.7365770737242843,0.5626898047722343,0.9317528735632183,0.7016499864755207,True,False
0.16599999999999998,0.6935933147632312,0.7371277964293559,0.5634782608695652,0.9310344827586207,0.7020585048754063,True,False
0.16699999999999998,0.6969359331476324,0.7395941190005544,0.5665499124343257,0.9295977011494253,0.7040261153427638,True,False
0.16799999999999998,0.6969359331476324,0.7395941190005544,0.5665499124343257,0.9295977011494253,0.7040261153427638,True,False
0.16899999999999998,0.6994428969359332,0.7412462871157688,0.5689731159100926,0.9274425287356322,0.7052717836656651,True,False
0.16999999999999998,0.7,0.7414378144185414,0.5695978789217853,0.9260057471264368,0.7053351573187414,True,False
0.17099999999999999,0.7019498607242339,0.7428984552309832,0.5714285714285714,0.9252873563218391,0.7065277015907844,True,False
0.172,0.7022284122562674,0.742730787131457,0.5718736092567869,0.923132183908046,0.7062379774663369,True,False
0.173,0.7030640668523677,0.7431497939610723,0.5727678571428572,0.9216954022988506,0.7064977973568282,True,False
0.174,0.7047353760445683,0.7445146711221278,0.5743061772605192,0.9216954022988506,0.7076668505239934,True,False
0.175,0.7055710306406685,0.7451971097026555,0.5750784401613627,0.9216954022988506,0.7082528291471156,True,False
0.176,0.7075208913649025,0.7466577505150973,0.576957695769577,0.9209770114942529,0.7094631986718317,True,False
0.177,0.7083565459610028,0.747340189095625,0.5777377196935557,0.9209770114942529,0.7100526170036001,True,False
0.178,0.7100278551532033,0.7487050662566805,0.57930411206507,0.9209770114942529,0.7112343966712898,True,False
0.179,0.7108635097493036,0.7491240730862958,0.5802357207615594,0.9195402298850575,0.7115063924402446,True,False
0.18,0.7122562674094708,0.7502614707205086,0.5815538391640164,0.9195402298850575,0.712496521013081,True,False
0.181,0.7133704735376044,0.7505128094505977,0.5829903978052127,0.915948275862069,0.7124895222129086,True,False
0.182,0.7144846796657381,0.7511592958070555,0.5842129417163837,0.9145114942528736,0.712965555866704,True,False
0.183,0.7158774373259053,0.7522966934412685,0.5855565777368905,0.9145114942528736,0.7139652271452608,True,False
0.184,0.7167130919220056,0.7529791320217962,0.586365730078305,0.9145114942528736,0.7145663766488913,True,False
0.185,0.7172701949860725,0.7533023752000252,0.5869866174434702,0.9137931034482759,0.7148075302051138,True,False
0.186,0.7186629526462396,0.754439772834238,0.5883441258094357,0.9137931034482759,0.7158131682611142,True,False
0.187,0.7197771587743732,0.7553496909416084,0.5894346617238183,0.9137931034482759,0.7166197183098592,True,False
0.188,0.7206128133704736,0.7559004136466798,0.5903390617742684,0.9130747126436781,0.7170662905500705,True,False
0.189,0.722284122562674,0.7571335749322791,0.5920745920745921,0.9123563218390804,0.7181227028555273,True,False
0.19,0.7225626740947075,0.7572293385836655,0.592436974789916,0.9116379310344828,0.7181663837011885,True,False
0.19099999999999995,0.7236768802228413,0.7581392566910357,0.5935453695042096,0.9116379310344828,0.7189801699716714,True,False
0.19199999999999995,0.7236768802228413,0.7578758249401232,0.5937207122774133,0.9102011494252874,0.7186613726602382,True,False
0.19299999999999995,0.7245125348189415,0.7584265476451947,0.5946453734147487,0.9094827586206896,0.7191138880999716,True,False
0.19399999999999995,0.7250696378830084,0.758486359072511,0.5954738330975955,0.9073275862068966,0.7190435525192144,True,False
0.19499999999999995,0.7261838440111421,0.7592645613044251,0.5966903073286052,0.9066091954022989,0.7197034502423724,True,False
0.19599999999999995,0.7259052924791086,0.7586419341512137,0.5966824644549763,0.9044540229885057,0.7190177041690463,True,False
0.19699999999999995,0.7261838440111421,0.7586059819271438,0.5971496437054632,0.9030172413793104,0.7189019159279383,True,False
0.19799999999999995,0.7272980501392757,0.7593841841590578,0.5983801810385898,0.9022988505747126,0.7195645946720137,True,False
0.19899999999999995,0.7278551532033426,0.759839143212743,0.5989508822126848,0.9022988505747126,0.7199770707939238,True,False
0.19999999999999996,0.7284122562674095,0.7600306705155156,0.599713055954089,0.9008620689655172,0.7200689061154177,True,False
0.20099999999999996,0.7292479108635097,0.7605813932205872,0.6006711409395973,0.9001436781609196,0.7205290396779759,True,False
0.20199999999999996,0.7300835654596101,0.7611321159256587,0.6016338298894762,0.8994252873563219,0.7209904981284192,True,False
0.20299999999999996,0.7303621169916434,0.761227879577045,0.6020211742059672,0.8987068965517241,0.7210374639769452,True,False
0.20399999999999996,0.7325905292479109,0.7629159999163293,0.6044487427466151,0.8979885057471264,0.7225433526011561,True,False
0.20499999999999996,0.7345403899721449,0.7643766407287712,0.6066051481301603,0.8972701149425287,0.7238481599536366,True,False
0.20599999999999996,0.7345403899721449,0.764244924853315,0.6067087992221682,0.896551724137931,0.723688025514642,True,False
0.20699999999999996,0.7362116991643454,0.7654780861389141,0.6085895558809176,0.8958333333333334,0.7247893054344667,True,False
0.20799999999999996,0.737883008356546,0.7668429632999697,0.6103768967205091,0.8958333333333334,0.7260553129548762,True,False
0.20899999999999996,0.7387186629526462,0.7673936860050412,0.6113837095191365,0.8951149425287356,0.726530612244898,True,False
0.20999999999999996,0.7392757660167131,0.7678486450587263,0.611984282907662,0.8951149425287356,0.7269544924154026,True,False
0.21099999999999997,0.7398328690807799,0.7683036041124114,0.6125860373647984,0.8951149425287356,0.7273788674839463,True,False
0.21199999999999997,0.7409470752089137,0.7690818063443255,0.613905325443787,0.8943965517241379,0.7280701754385965,True,False
0.21299999999999997,0.7415041782729805,0.7695367653980107,0.6145113524185587,0.8943965517241379,0.7284961966062025,True,False
0.21399999999999997,0.7417827298050139,0.769632529049397,0.6149283242708848,0.8936781609195402,0.7285505124450952,True,False
0.21499999999999997,0.7420612813370474,0.7698600085762397,0.6152324431256182,0.8936781609195402,0.7287639132981839,True,False
0.21599999999999997,0.7428969359331477,0.7705424471567675,0.6161466072313027,0.8936781609195402,0.7294048666080328,True,False
0.21699999999999997,0.7428969359331477,0.7702790154058549,0.6163771712158809,0.8922413793103449,0.7290871734663927,True,False
0.21799999999999997,0.7440111420612814,0.7709255017623127,0.6178375685102142,0.8908045977011494,0.7296263606943219,True,False
0.21899999999999997,0.7445682451253481,0.7713804608159978,0.6184538653366584,0.8908045977011494,0.730055931704445,True,False
0.21999999999999997,0.7448467966573816,0.7716079403428404,0.6187624750499002,0.8908045977011494,0.7302709069493521,True,False
0.22099999999999997,0.745125348189415,0.771835419869683,0.6190713929106341,0.8908045977011494,0.7304860088365243,True,False
0.22199999999999998,0.7462395543175487,0.7727453379770532,0.6203101550775387,0.8908045977011494,0.7313476850486582,True,False
0.22299999999999998,0.7476323119777158,0.7738827356112663,0.6218655967903711,0.8908045977011494,0.7324276432368576,True,False
0.22399999999999998,0.7484679665738162,0.7743017424408815,0.6230498238550579,0.889367816091954,0.7327611719443622,True,False
0.22499999999999998,0.7487465181058496,0.7742657902168115,0.6236125126135217,0.8879310344827587,0.7326615293420272,True,False
0.22599999999999998,0.7493036211699164,0.7745890333950405,0.6243680485338726,0.8872126436781609,0.7329376854599406,True,False
0.22699999999999998,0.7504178272980502,0.7754989515024107,0.6256332320162108,0.8872126436781609,0.7338086749851456,True,False
0.22799999999999998,0.7512534818941504,0.7760496742074823,0.6267140680548502,0.8864942528735632,0.7343052662897948,True,False
0.22899999999999998,0.7526462395543175,0.7771870718416951,0.6283095723014257,0.8864942528735632,0.735399284862932,True,False
0.22999999999999998,0.7523676880222842,0.7764327288130275,0.628513030148186,0.8836206896551724,0.7345476261570618,True,False
0.23099999999999998,0.752924791086351,0.7768876878667126,0.629156010230179,0.8836206896551724,0.7349865551239916,True,False
0.23199999999999998,0.7545961002785515,0.7781208491523119,0.6312275295326143,0.8829022988505747,0.7361485474693021,True,False
0.23299999999999998,0.7545961002785515,0.7779891332768556,0.6313624678663239,0.882183908045977,0.7359904105483968,True,False
0.23399999999999999,0.754874651810585,0.778084896928242,0.6318228630278064,0.8814655172413793,0.7360527894421116,True,False
0.235,0.7554317548746519,0.7784081401064709,0.6326109391124871,0.8807471264367817,0.7363363363363363,True,False
0.236,0.7573816155988858,0.780000496794369,0.6349041947177628,0.8807471264367817,0.737887451098405,True,False
0.237,0.7590529247910863,0.7812336580799681,0.6370254810192407,0.8800287356321839,0.7390648567119156,True,False
0.238,0.7590529247910863,0.781101942204512,0.6371681415929203,0.8793103448275862,0.7389073347419257,True,False
0.239,0.7590529247910863,0.7809702263290557,0.6373110995310057,0.8785919540229885,0.7387496224705528,True,False
0.24,0.7601671309192201,0.7817484285609697,0.6387872451646628,0.8778735632183908,0.7394856278366112,True,False
0.241,0.7604456824512534,0.7819759080878124,0.6391213389121339,0.8778735632183908,0.7397094430992736,True,False
0.24199999999999994,0.7610027855153203,0.7824308671414975,0.6397905759162303,0.8778735632183908,0.7401574803149606,True,False
0.24299999999999994,0.7618384401114207,0.7831133057220252,0.6407970634504457,0.8778735632183908,0.7408305547135495,True,False
0.24399999999999994,0.7626740947075209,0.7835323125516405,0.6421052631578947,0.8764367816091954,0.741190765492102,True,False
0.24499999999999994,0.7629526462395543,0.7834963603275705,0.6427440633245383,0.875,0.7411013081837542,True,False
0.24599999999999994,0.7635097493036211,0.7838196035057994,0.6435748281332628,0.8742816091954023,0.7413950654888821,True,False
0.24699999999999994,0.7643454038997215,0.7845020420863271,0.6445974576271186,0.8742816091954023,0.7420731707317073,True,False
0.24799999999999994,0.7654596100278551,0.7854119601936975,0.6459660297239915,0.8742816091954023,0.742979242979243,True,False
0.24899999999999994,0.7668523676880222,0.7862859260769979,0.648,0.8728448275862069,0.743801652892562,True,False
0.24999999999999994,0.7668523676880222,0.7861542102015416,0.6481580352375867,0.8721264367816092,0.7436447166921899,True,False
0.25099999999999995,0.7682451253481895,0.7872916078357546,0.6498929336188437,0.8721264367816092,0.7447852760736197,True,False
0.25199999999999995,0.7682451253481895,0.7871598919602982,0.65005359056806,0.8714080459770115,0.7446286065070595,True,False
0.25299999999999995,0.7685236768802228,0.7873873714871409,0.650402144772118,0.8714080459770115,0.7448572305802886,True,False
0.25399999999999995,0.7699164345403899,0.7885247691213537,0.6521505376344086,0.8714080459770115,0.7460024600246002,True,False
0.25499999999999995,0.7701949860724234,0.7886205327727401,0.6526655896607432,0.8706896551724138,0.7460757156048015,True,False
0.25599999999999995,0.7707520891364903,0.7888120600755127,0.6537007023230686,0.8692528735632183,0.7462226333641689,True,False
0.25699999999999995,0.771309192200557,0.7888718715028291,0.6549104720564297,0.8670977011494253,0.7462132921174652,True,False
0.25799999999999995,0.7715877437325905,0.7890993510296718,0.6552660152008686,0.8670977011494253,0.7464440321583179,True,False
0.25899999999999995,0.7718662952646239,0.7893268305565143,0.6556219445953286,0.8670977011494253,0.7466749149396845,True,False
0.25999999999999995,0.7718662952646239,0.7887999670546892,0.6563011456628478,0.8642241379310345,0.746046511627907,True,False
0.26099999999999995,0.7732590529247911,0.7896739329379896,0.6584429824561403,0.8627873563218391,0.7468905472636815,True,False
0.26199999999999996,0.7738161559888579,0.7899971761162186,0.6593406593406593,0.8620689655172413,0.7471980074719801,True,False
0.26299999999999996,0.7740947075208914,0.790224655643061,0.6597031335898845,0.8620689655172413,0.747430706944877,True,False
0.26399999999999996,0.7740947075208914,0.7900929397676049,0.6598789212988443,0.8613505747126436,0.7472732938610159,True,False
0.26499999999999996,0.7743732590529248,0.7900569875435348,0.6605960264900662,0.8599137931034483,0.7471910112359551,True,False
0.26599999999999996,0.7746518105849582,0.7902844670703775,0.6609607951408062,0.8599137931034483,0.7474242897283796,True,False
0.26699999999999996,0.7746518105849582,0.7898893194440086,0.6614958448753463,0.8577586206896551,0.7469502658742572,True,False
0.26799999999999996,0.7749303621169916,0.789985083095395,0.6620421753607103,0.8570402298850575,0.7470256731371321,True,False
0.26899999999999996,0.775766016713092,0.7905358058004665,0.6633277685030606,0.8563218390804598,0.7475697710881154,True,False
0.26999999999999996,0.7766016713091922,0.791086528505538,0.6646205357142857,0.8556034482758621,0.7481155778894473,True,False
0.27099999999999996,0.7774373259052925,0.7915055353351532,0.6661064425770308,0.8541666666666666,0.7485048788164935,True,False
0.27199999999999996,0.7774373259052925,0.7909786718333282,0.666854248733821,0.8512931034482759,0.7478699905332913,True,False
0.27299999999999996,0.7782729805013927,0.7915293945383995,0.6681715575620768,0.8505747126436781,0.7484197218710493,True,False
0.27399999999999997,0.7796657381615599,0.7926667921726125,0.6700622524052066,0.8505747126436781,0.7496043051598608,True,False
0.27499999999999997,0.7802228412256268,0.7929900353508414,0.6710153148043109,0.8498563218390804,0.7499207606973058,True,False
0.27599999999999997,0.781058495821727,0.7935407580559128,0.6723549488054608,0.8491379310344828,0.7504761904761905,True,False
0.27699999999999997,0.7816155988857939,0.793995717109598,0.673120728929385,0.8491379310344828,0.7509529860228716,True,False
0.27799999999999997,0.7816155988857939,0.7938640012341418,0.6733181299885975,0.8484195402298851,0.7507946598855689,True,False
0.27899999999999997,0.7824512534818941,0.7945464398146695,0.6744717304397487,0.8484195402298851,0.751511294941139,True,False
0.27999999999999997,0.783008356545961,0.7950013988683547,0.675242995997713,0.8484195402298851,0.7519898121617319,True,False
0.28099999999999997,0.7832869080779944,0.7949654466442848,0.6760321100917431,0.8469827586206896,0.7519132653061225,True,False
0.282,0.7841225626740947,0.7956478852248126,0.6771970132107984,0.8469827586206896,0.7526332588573252,True,False
0.283,0.7852367688022284,0.7965578033321828,0.6787564766839378,0.8469827586206896,0.7535953978907,True,False
0.284,0.7860724233983287,0.7971085260372544,0.6801385681293303,0.8462643678160919,0.7541613316261203,True,False
0.285,0.7857938718662952,0.7966176147594992,0.680161943319838,0.8448275862068966,0.7536046139057995,True,False
0.286,0.7863509749303621,0.7970725738131844,0.6809496236247828,0.8448275862068966,0.7540878486694453,True,False
0.287,0.7866295264623956,0.7971683374645707,0.681554524361949,0.8441091954022989,0.7541720154043645,True,False
0.288,0.7871866295264623,0.7974915806427996,0.6825581395348838,0.8433908045977011,0.7544987146529563,True,False
0.289,0.7871866295264623,0.7974915806427996,0.6825581395348838,0.8433908045977011,0.7544987146529563,True,False
0.29,0.7874651810584958,0.7975873442941859,0.6831683168316832,0.8426724137931034,0.7545834673528465,True,False
0.291,0.7885793871866296,0.7983655465261,0.684979544126242,0.8419540229885057,0.7553980019336126,True,False
0.292,0.7894150417827298,0.7990479851066278,0.6861826697892272,0.8419540229885057,0.7561290322580645,True,False
0.293,0.79025069637883,0.7997304236871555,0.6873900293255132,0.8419540229885057,0.7568614788505005,True,False
0.29399999999999993,0.7899721448467967,0.7992395124094005,0.6874265569917744,0.8405172413793104,0.7563025210084033,True,False
0.29499999999999993,0.7899721448467967,0.7991077965339441,0.6876470588235294,0.8397988505747126,0.7561448900388098,True,False
0.29599999999999993,0.7899721448467967,0.7989760806584878,0.6878680800942285,0.8390804597701149,0.7559870550161812,True,False
0.29699999999999993,0.7899721448467967,0.7987126489075753,0.6883116883116883,0.8376436781609196,0.7556707712248866,True,False
0.29799999999999993,0.7908077994428969,0.7993950874881031,0.6895328208160851,0.8376436781609196,0.7564060979565358,True,False
0.29899999999999993,0.792200557103064,0.800532485122316,0.6915776986951364,0.8376436781609196,0.7576348278102664,True,False
0.29999999999999993,0.7935933147632313,0.801669882756529,0.693634741225461,0.8376436781609196,0.758867556134071,True,False
0.30099999999999993,0.794150417827298,0.8019931259347579,0.6946929039952295,0.8369252873563219,0.7592049527533399,True,False
0.30199999999999994,0.794150417827298,0.8018614100593016,0.6949253731343283,0.8362068965517241,0.7590479295728725,True,False
0.30299999999999994,0.796100278551532,0.8034537667471997,0.697841726618705,0.8362068965517241,0.7607843137254902,True,False
0.30399999999999994,0.7969359331476323,0.8041362053277274,0.6990990990990991,0.8362068965517241,0.76153091265947,True,False
0.30499999999999994,0.7980501392757661,0.8050461234350977,0.7007826610475617,0.8362068965517241,0.7625286603340976,True,False
0.30599999999999994,0.7988857938718663,0.8053334143892568,0.7027845036319612,0.834051724137931,0.7628120893561103,True,False
0.30699999999999994,0.7991643454038997,0.8054291780406431,0.7034566403881141,0.8333333333333334,0.76290693850707,True,False
0.30799999999999994,0.7991643454038997,0.8052974621651867,0.7037037037037037,0.8326149425287356,0.7627509049029286,True,False
0.30899999999999994,0.7991643454038997,0.8050340304142742,0.704199634814364,0.8311781609195402,0.7624382207578254,True,False
0.30999999999999994,0.7991643454038997,0.8047705986633618,0.7046979865771812,0.8297413793103449,0.7621247113163973,True,False
0.31099999999999994,0.7994428969359332,0.804866362314748,0.7053789731051344,0.8290229885057471,0.76221928665786,True,False
0.31199999999999994,0.7997214484679666,0.8050938418415905,0.7058103975535168,0.8290229885057471,0.7624710934919062,True,False
0.31299999999999994,0.8002785515320334,0.8054170850198195,0.7069282648681791,0.8283045977011494,0.7628183923255044,True,False
0.31399999999999995,0.8002785515320334,0.805153653268907,0.7074370006146281,0.826867816091954,0.7625041404438556,True,False
0.31499999999999995,0.8008356545961003,0.8056086123225921,0.7083076923076923,0.826867816091954,0.7630096121975473,True,False
0.31599999999999995,0.8013927576601672,0.805931855500821,0.7094386181369525,0.8261494252873564,0.7633587786259542,True,False
0.31699999999999995,0.8022284122562674,0.8064825782058925,0.7110148514851485,0.8254310344827587,0.7639627659574468,True,False
0.31799999999999995,0.8022284122562674,0.8063508623304363,0.711276332094176,0.8247126436781609,0.7638057218895542,True,False
0.31899999999999995,0.8027855153203343,0.8068058213841214,0.7121588089330024,0.8247126436781609,0.7643142476697736,True,False
0.31999999999999995,0.8022284122562674,0.8060874305795237,0.7118012422360248,0.8232758620689655,0.7634910059960026,True,False
0.32099999999999995,0.8027855153203343,0.8062789578822964,0.713216957605985,0.8218390804597702,0.7636849132176236,True,False
0.32199999999999995,0.8030640668523676,0.8063747215336826,0.7139287945034354,0.8211206896551724,0.7637821583695289,True,False
0.32299999999999995,0.8036211699164345,0.8068296805873678,0.7148217636022514,0.8211206896551724,0.7642928786359077,True,False
0.32399999999999995,0.8036211699164345,0.8066979647119116,0.715090795241077,0.8204022988505747,0.7641351622616259,True,False
0.32499999999999996,0.8044568245125349,0.8072486874169831,0.7167085427135679,0.819683908045977,0.764745308310992,True,False
0.32599999999999996,0.8052924791086351,0.8079311259975108,0.7180616740088106,0.819683908045977,0.7655149278765515,True,False
0.32699999999999996,0.8052924791086351,0.8079311259975108,0.7180616740088106,0.819683908045977,0.7655149278765515,True,False
0.32799999999999996,0.8052924791086351,0.8077994101220545,0.718336483931947,0.8189655172413793,0.7653575025176234,True,False
0.32899999999999996,0.8050139275766016,0.8071767829688432,0.7187104930467763,0.8168103448275862,0.7646267652992602,True,False
0.32999999999999996,0.8064066852367688,0.808314180603056,0.7209892200380469,0.8168103448275862,0.7659144493095318,True,False
0.33099999999999996,0.8072423398328691,0.8089966191835838,0.7223634053367217,0.8168103448275862,0.7666891436277815,True,False
0.3319999999999999,0.8072423398328691,0.8087331874326713,0.7229299363057324,0.8153735632183908,0.7663740715732613,True,False
0.3329999999999999,0.8080779944289693,0.809415626013199,0.7243139757498405,0.8153735632183908,0.7671510645488341,True,False
0.3339999999999999,0.8080779944289693,0.809415626013199,0.7243139757498405,0.8153735632183908,0.7671510645488341,True,False
0.3349999999999999,0.8080779944289693,0.8091521942622865,0.7248880358285349,0.8139367816091954,0.7668358714043993,True,False
0.3359999999999999,0.8083565459610028,0.809379673789129,0.7253521126760564,0.8139367816091954,0.7670954637779283,True,False
0.3369999999999999,0.8086350974930362,0.8094754374405154,0.7261064785118666,0.8132183908045977,0.767197560149102,True,False
0.3379999999999999,0.8086350974930362,0.8094754374405154,0.7261064785118666,0.8132183908045977,0.767197560149102,True,False
0.3389999999999999,0.8097493036211699,0.8103853555478857,0.7279742765273312,0.8132183908045977,0.7682388870037327,True,False
0.3399999999999999,0.8097493036211699,0.8102536396724295,0.7282678686413393,0.8125,0.768081494057725,True,False
0.3409999999999999,0.8105849582172702,0.8109360782529572,0.7296774193548388,0.8125,0.7688647178789939,True,False
0.3419999999999999,0.8105849582172702,0.8106726465020447,0.7302716688227684,0.8110632183908046,0.7685500340367597,True,False
0.3429999999999999,0.8108635097493037,0.8109001260288873,0.7307443365695793,0.8110632183908046,0.7688117126319374,True,False
0.3439999999999999,0.8100278551532033,0.8095591080710782,0.7308192457737321,0.8074712643678161,0.7672354948805461,True,False
0.3449999999999999,0.8103064066852368,0.8097865875979209,0.7312947299934938,0.8074712643678161,0.7674974393991123,True,False
0.3459999999999999,0.8105849582172702,0.8098823512493071,0.7320730117340287,0.8067528735632183,0.7676008202323992,True,False
0.3469999999999999,0.8105849582172702,0.8097506353738508,0.7323759791122716,0.8060344827586207,0.7674418604651163,True,False
0.3479999999999999,0.8105849582172702,0.8094872036229384,0.7329842931937173,0.8045977011494253,0.7671232876712328,True,False
0.3489999999999999,0.811142061281337,0.8099421626766234,0.7339449541284404,0.8045977011494253,0.7676490747087046,True,False
0.3499999999999999,0.8108635097493037,0.8094512513988683,0.7340774786605384,0.8031609195402298,0.7670668953687821,True,False
0.3509999999999999,0.811142061281337,0.809678730925711,0.7345597897503285,0.8031609195402298,0.7673301304049417,True,False
0.3519999999999999,0.8119777158774373,0.8103611695062387,0.7360105332455563,0.8031609195402298,0.7681209206458262,True,False
0.3529999999999999,0.8122562674094708,0.810456933157625,0.7368073878627969,0.8024425287356322,0.7682255845942229,True,False
0.3539999999999999,0.8122562674094708,0.8101935014067125,0.7374338624338624,0.8010057471264368,0.7679063360881543,True,False
0.3549999999999999,0.8116991643454039,0.8094751106021147,0.7370860927152317,0.7995689655172413,0.7670572019297036,True,False
0.3559999999999999,0.8119777158774373,0.8097025901289574,0.7375745526838966,0.7995689655172413,0.7673216132368149,True,False
0.35699999999999993,0.8136490250696379,0.8108040355391004,0.7411607738492328,0.798132183908046,0.7685921826357661,True,False
0.35799999999999993,0.8133704735376045,0.8104448401368015,0.7409879839786382,0.7974137931034483,0.7681660899653979,True,False
0.35899999999999993,0.813091922005571,0.8100856447345026,0.7408149632598531,0.7966954022988506,0.7677397023191416,True,False
0.35999999999999993,0.8133704735376045,0.8101814083858889,0.7416331994645248,0.7959770114942529,0.7678447678447679,True,False
0.36099999999999993,0.815041782729805,0.8115462855469444,0.7446236559139785,0.7959770114942529,0.7694444444444445,True,False
0.36199999999999993,0.815041782729805,0.8112828537960319,0.7452830188679245,0.7945402298850575,0.7691237830319889,True,False
0.36299999999999993,0.8155988857938719,0.811737812849717,0.7462887989203779,0.7945402298850575,0.7696590118302018,True,False
0.36399999999999993,0.8164345403899721,0.8122885355547886,0.7481381178063643,0.7938218390804598,0.7703032415475776,True,False
0.36499999999999994,0.816991643454039,0.8127434946084737,0.7491525423728813,0.7938218390804598,0.7708405999302407,True,False
0.36599999999999994,0.8167130919220056,0.8123842992061749,0.7489823609226595,0.7931034482758621,0.7704117236566643,True,False
0.36699999999999994,0.8167130919220056,0.8121208674552624,0.7496598639455783,0.7916666666666666,0.7700908455625437,True,False
0.36799999999999994,0.8164345403899721,0.8117616720529635,0.7494894486044928,0.790948275862069,0.7696609577070954,True,False
0.36899999999999994,0.8164345403899721,0.811498240302051,0.7501706484641638,0.7895114942528736,0.7693384669233462,True,False
0.36999999999999994,0.8175487465181058,0.8124081584094214,0.7522245037645449,0.7895114942528736,0.7704171048019628,True,False
0.37099999999999994,0.8178272980501393,0.8126356379362639,0.7527397260273972,0.7895114942528736,0.770687237026648,True,False
0.37199999999999994,0.8181058495821727,0.8128631174631065,0.7532556545579164,0.7895114942528736,0.7709575587513153,True,False
0.37299999999999994,0.8175487465181058,0.8120130107830525,0.7532646048109966,0.7873563218390804,0.769933263083948,True,False
0.37399999999999994,0.8167130919220056,0.8108037087006996,0.7531034482758621,0.7844827586206896,0.7684729064039408,True,False
0.37499999999999994,0.8167130919220056,0.8106719928252435,0.7534530386740331,0.7837643678160919,0.7683098591549296,True,False
0.37599999999999995,0.8175487465181058,0.8112227155303149,0.7553707553707554,0.7830459770114943,0.7689594356261023,True,False
0.37699999999999995,0.8178272980501393,0.8114501950571575,0.7558945908460472,0.7830459770114943,0.7692307692307693,True,False
0.37799999999999995,0.8175487465181058,0.8109592837794024,0.7560806115357888,0.7816091954022989,0.7686329918756624,True,False
0.37899999999999995,0.8172701949860725,0.8104683725016473,0.7562674094707521,0.7801724137931034,0.768033946251768,True,False
0.37999999999999995,0.8183844011142062,0.8113782906090177,0.7583798882681564,0.7801724137931034,0.7691218130311614,True,False
0.38099999999999995,0.8183844011142062,0.8113782906090177,0.7583798882681564,0.7801724137931034,0.7691218130311614,True,False
0.38199999999999995,0.8183844011142062,0.8111148588581051,0.7591036414565826,0.7787356321839081,0.7687943262411348,True,False
0.3829999999999999,0.8172701949860725,0.8096780772489096,0.7584269662921348,0.7758620689655172,0.7670454545454546,True,False
0.3839999999999999,0.8172701949860725,0.8092829296225408,0.7595204513399154,0.7737068965517241,0.7665480427046263,True,False
0.3849999999999999,0.8172701949860725,0.8092829296225408,0.7595204513399154,0.7737068965517241,0.7665480427046263,True,False
0.3859999999999999,0.8181058495821727,0.8098336523276124,0.7615003538570417,0.7729885057471264,0.7672014260249554,True,False
0.3869999999999999,0.8178272980501393,0.8093427410498573,0.7617021276595745,0.771551724137931,0.7665952890792291,True,False
0.3879999999999999,0.8178272980501393,0.8093427410498573,0.7617021276595745,0.771551724137931,0.7665952890792291,True,False
0.3889999999999999,0.8175487465181058,0.8088518297721021,0.7619047619047619,0.7701149425287356,0.765987852804573,True,False
0.3899999999999999,0.8183844011142062,0.8095342683526299,0.7635327635327636,0.7701149425287356,0.7668097281831188,True,False
0.3909999999999999,0.8181058495821727,0.8090433570748747,0.7637401855817273,0.7686781609195402,0.7662012173290369,True,False
0.3919999999999999,0.8175487465181058,0.8083249662702771,0.7634024303073624,0.7672413793103449,0.765317090648513,True,False
0.3929999999999999,0.8186629526462396,0.8092348843776473,0.7655913978494624,0.7672413793103449,0.7664155005382132,True,False
0.3939999999999999,0.8183844011142062,0.8088756889753486,0.7654232424677188,0.7665229885057471,0.7659727207465901,True,False
0.3949999999999999,0.8175487465181058,0.807798102768452,0.7649173256649893,0.764367816091954,0.7646424721523536,True,False
0.3959999999999999,0.8183844011142062,0.8084805413489797,0.7665706051873199,0.764367816091954,0.7654676258992805,True,False
0.3969999999999999,0.8189415041782729,0.8089355004026649,0.7676767676767676,0.764367816091954,0.7660187185025198,True,False
0.3979999999999999,0.8186629526462396,0.808576305000366,0.7675090252707581,0.7636494252873564,0.7655743608210299,True,False
0.3989999999999999,0.8186629526462396,0.8084445891249098,0.7678958785249458,0.7629310344827587,0.7654054054054054,True,False
0.3999999999999999,0.8186629526462396,0.8083128732494536,0.7682838522809559,0.7622126436781609,0.7652362062747926,True,False
0.4009999999999999,0.8186629526462396,0.8081811573739972,0.7686729514140682,0.7614942528735632,0.7650667629014796,True,False
0.4019999999999999,0.8181058495821727,0.8073310506939433,0.7687272727272727,0.7593390804597702,0.7640043368268883,True,False
0.4029999999999999,0.8183844011142062,0.8072950984698734,0.7700729927007299,0.7579022988505747,0.7639391745112237,True,False
0.4039999999999999,0.8189415041782729,0.8077500575235586,0.7711988304093568,0.7579022988505747,0.7644927536231884,True,False
0.4049999999999999,0.8200557103064067,0.8086599756309288,0.7734604105571847,0.7579022988505747,0.7656023222060958,True,False
0.4059999999999999,0.8206128133704735,0.8089832188091577,0.775,0.757183908045977,0.7659883720930233,True,False
0.4069999999999999,0.8203342618384402,0.8086240234068589,0.7748344370860927,0.7564655172413793,0.7655398037077427,True,False
0.4079999999999999,0.8214484679665738,0.8095339415142293,0.7771217712177122,0.7564655172413793,0.766654532216964,True,False
0.4089999999999999,0.8217270194986073,0.8097614210410718,0.7776957163958641,0.7564655172413793,0.7669337217771304,True,False
0.4099999999999999,0.8220055710306406,0.8098571846924582,0.7786824574389342,0.7557471264367817,0.7670433831571273,True,False
0.4109999999999999,0.8225626740947075,0.8103121437461434,0.7798369162342476,0.7557471264367817,0.7676030645749726,True,False
0.4119999999999999,0.8236768802228412,0.8112220618535136,0.7821561338289963,0.7557471264367817,0.7687248812568506,True,False
0.4129999999999999,0.8239554317548746,0.8113178255049,0.7831594634873323,0.7550287356321839,0.7688368690563278,True,False
0.4139999999999999,0.8236768802228412,0.8106951983516886,0.7838444278234854,0.7528735632183908,0.7680469036277024,True,False
0.4149999999999999,0.8245125348189415,0.8112459210567601,0.786036036036036,0.7521551724137931,0.7687224669603524,True,True
0.4159999999999999,0.8242339832869081,0.8106232939035487,0.7867370007535796,0.75,0.7679293858036043,True,False
0.4169999999999999,0.8236768802228412,0.8097731872234947,0.7868480725623582,0.7478448275862069,0.7668508287292818,False,False
0.4179999999999999,0.8239554317548746,0.8098689508748811,0.7878787878787878,0.7471264367816092,0.7669616519174042,False,False
0.41899999999999993,0.8245125348189415,0.8101921940531099,0.7895136778115501,0.7464080459770115,0.7673559822747416,False,False
0.41999999999999993,0.8245125348189415,0.8101921940531099,0.7895136778115501,0.7464080459770115,0.7673559822747416,False,False
0.42099999999999993,0.8250696378830084,0.8103837213558827,0.7916030534351145,0.7449712643678161,0.767579570688379,False,False
0.42199999999999993,0.8253481894150417,0.8106112008827251,0.7922077922077922,0.7449712643678161,0.767863754165124,False,False
0.42299999999999993,0.8256267409470752,0.8108386804095677,0.7928134556574924,0.7449712643678161,0.7681481481481481,False,False
0.42399999999999993,0.8259052924791086,0.810934444060954,0.7938697318007663,0.7442528735632183,0.7682610307749351,False,False
0.42499999999999993,0.8256267409470752,0.8105752486586553,0.7937116564417178,0.7435344827586207,0.7678041543026706,False,False
0.42599999999999993,0.8250696378830084,0.8098568578540575,0.793394777265745,0.7420977011494253,0.7668893838158871,False,False
0.42699999999999994,0.8250696378830084,0.8097251419786012,0.7938461538461539,0.7413793103448276,0.7667161961367014,False,False
0.42799999999999994,0.8250696378830084,0.809593426103145,0.7942989214175655,0.7406609195402298,0.7665427509293681,False,False
0.42899999999999994,0.8256267409470752,0.8100483851568301,0.7955246913580247,0.7406609195402298,0.7671130952380952,False,False
0.42999999999999994,0.8253481894150417,0.8096891897545313,0.7953667953667953,0.7399425287356322,0.7666542612579085,False,False
0.43099999999999994,0.8259052924791086,0.8101441488082164,0.7965970610982211,0.7399425287356322,0.7672253258845437,False,False
0.43199999999999994,0.8259052924791086,0.8101441488082164,0.7965970610982211,0.7399425287356322,0.7672253258845437,False,False
0.43299999999999994,0.8259052924791086,0.8101441488082164,0.7965970610982211,0.7399425287356322,0.7672253258845437,False,False
0.4339999999999999,0.8270194986072423,0.8109223510401304,0.7995337995337995,0.7392241379310345,0.7681970884658454,False,False
0.4349999999999999,0.8272980501392758,0.8111498305669731,0.8001555209953344,0.7392241379310345,0.7684839432412248,False,False
0.4359999999999999,0.8272980501392758,0.8110181146915169,0.8006230529595015,0.7385057471264368,0.7683109118086696,False,False
0.4369999999999999,0.8264623955431755,0.8099405284846203,0.8001561280249805,0.7363505747126436,0.7669285447063224,False,False
0.4379999999999999,0.826740947075209,0.8101680080114628,0.80078125,0.7363505747126436,0.7672155688622755,False,False
0.4389999999999999,0.826740947075209,0.8100362921360066,0.8012519561815337,0.735632183908046,0.7670411985018727,False,False
0.4399999999999999,0.8264623955431755,0.8096770967337077,0.8010963194988254,0.7349137931034483,0.766579243162233,False,False
0.4409999999999999,0.8264623955431755,0.8095453808582516,0.8015686274509803,0.7341954022988506,0.7664041994750657,False,False
0.4419999999999999,0.8256267409470752,0.808467794651355,0.8011006289308176,0.7320402298850575,0.765015015015015,False,False
0.4429999999999999,0.8253481894150417,0.8079768833735999,0.8014184397163121,0.7306034482758621,0.7643742953776775,False,False
0.4439999999999999,0.8259052924791086,0.8084318424272849,0.8026835043409629,0.7306034482758621,0.7649492290334712,False,False
0.4449999999999999,0.826740947075209,0.8091142810078127,0.8045886075949367,0.7306034482758621,0.7658132530120482,False,False
0.4459999999999999,0.826740947075209,0.8088508492569002,0.8055555555555556,0.7291666666666666,0.7654600301659125,False,False
0.4469999999999999,0.826740947075209,0.8087191333814439,0.8060413354531002,0.728448275862069,0.7652830188679245,False,False
0.4479999999999999,0.826740947075209,0.8085874175059877,0.8065286624203821,0.7277298850574713,0.7651057401812689,False,False
0.4489999999999999,0.826740947075209,0.8085874175059877,0.8065286624203821,0.7277298850574713,0.7651057401812689,False,False
0.4499999999999999,0.8264623955431755,0.8080965062282326,0.8068635275339185,0.7262931034482759,0.764461247637051,False,False
0.4509999999999999,0.8261838440111421,0.8077373108259337,0.8067092651757188,0.7255747126436781,0.7639939485627837,False,False
0.4519999999999999,0.8261838440111421,0.8076055949504775,0.8072,0.7248563218390804,0.7638152914458743,False,False
0.4529999999999999,0.8259052924791086,0.8069829677972661,0.8080321285140563,0.7227011494252874,0.7629882442169131,False,False
0.4539999999999999,0.8259052924791086,0.8069829677972661,0.8080321285140563,0.7227011494252874,0.7629882442169131,False,False
0.4549999999999999,0.8259052924791086,0.8068512519218098,0.8085277554304103,0.7219827586206896,0.7628083491461101,False,False
0.4559999999999999,0.826740947075209,0.8075336905023376,0.8104838709677419,0.7219827586206896,0.763677811550152,False,False
0.4569999999999999,0.826740947075209,0.8074019746268812,0.8109854604200323,0.7212643678160919,0.7634980988593156,False,False
0.4579999999999999,0.8264623955431755,0.8070427792245825,0.8108326596604689,0.7205459770114943,0.7630277672118676,False,False
0.4589999999999999,0.8261838440111421,0.8065518679468273,0.8111831442463533,0.7191091954022989,0.7623762376237624,False,False
0.4599999999999999,0.8261838440111421,0.806420152071371,0.8116883116883117,0.7183908045977011,0.7621951219512195,False,False
0.4609999999999999,0.8259052924791086,0.8060609566690722,0.8115353371242892,0.7176724137931034,0.7617232176896683,False,False
0.4619999999999999,0.8261838440111421,0.8062884361959148,0.8121951219512196,0.7176724137931034,0.7620137299771167,False,False
0.4629999999999999,0.8261838440111421,0.8061567203204585,0.8127035830618893,0.7169540229885057,0.7618320610687023,False,False
0.4639999999999999,0.8264623955431755,0.8062524839718448,0.8138775510204082,0.7162356321839081,0.7619411539931219,False,False
0.4649999999999999,0.826740947075209,0.8064799634986874,0.8145424836601307,0.7162356321839081,0.7622324159021406,False,False
0.4659999999999999,0.8272980501392758,0.8065397749260037,0.8174342105263158,0.7140804597701149,0.7622699386503068,False,False
0.4669999999999999,0.8264623955431755,0.8054621887191072,0.8169826875515251,0.7119252873563219,0.7608445297504799,False,False
0.4679999999999999,0.826740947075209,0.8056896682459498,0.8176567656765676,0.7119252873563219,0.761136712749616,False,False
0.4689999999999999,0.8272980501392758,0.806144627299635,0.8190082644628099,0.7119252873563219,0.7617217524980784,False,False
0.4699999999999999,0.8281337047353761,0.8068270658801628,0.8210439105219552,0.7119252873563219,0.7626010003847634,False,False
0.4709999999999999,0.8281337047353761,0.8068270658801628,0.8210439105219552,0.7119252873563219,0.7626010003847634,False,False
0.4719999999999999,0.8281337047353761,0.8068270658801628,0.8210439105219552,0.7119252873563219,0.7626010003847634,False,False
0.4729999999999999,0.8275766016713092,0.8059769592001087,0.8212801330008312,0.7097701149425287,0.7614643545279384,False,False
0.4739999999999999,0.8278551532033426,0.8060727228514951,0.8225,0.709051724137931,0.7615740740740741,False,False
0.4749999999999999,0.8278551532033426,0.8059410069760389,0.8230383973288815,0.7083333333333334,0.7613899613899614,False,False
0.4759999999999999,0.8278551532033426,0.8056775752251263,0.8241206030150754,0.7068965517241379,0.7610208816705336,False,False
0.4769999999999999,0.8284122562674094,0.8061325342788115,0.825503355704698,0.7068965517241379,0.7616099071207431,False,False
0.4779999999999999,0.8284122562674094,0.8061325342788115,0.825503355704698,0.7068965517241379,0.7616099071207431,False,False
0.4789999999999999,0.8281337047353761,0.8057733388765126,0.8253568429890848,0.7061781609195402,0.7611304684475416,False,False
0.4799999999999999,0.8281337047353761,0.8057733388765126,0.8253568429890848,0.7061781609195402,0.7611304684475416,False,False
0.4809999999999999,0.8275766016713092,0.8050549480719149,0.8250630782169891,0.7047413793103449,0.7601704765594731,False,False
0.48199999999999993,0.8281337047353761,0.8055099071256001,0.8264532434709352,0.7047413793103449,0.7607599844901124,False,False
0.48299999999999993,0.8275766016713092,0.8047915163210024,0.8261603375527427,0.7033045977011494,0.7597982149786574,False,False
0.48399999999999993,0.8275766016713092,0.8047915163210024,0.8261603375527427,0.7033045977011494,0.7597982149786574,False,False
0.48499999999999993,0.8275766016713092,0.8046598004455461,0.8267117497886729,0.7025862068965517,0.7596116504854369,False,False
0.4859999999999999,0.8275766016713092,0.8045280845700898,0.8272650296359018,0.701867816091954,0.7594247959580257,False,False
0.4869999999999999,0.8275766016713092,0.8042646528191774,0.8283772302463891,0.7004310344827587,0.759050214091086,False,False
0.4879999999999999,0.8278551532033426,0.8042287005951074,0.8302047781569966,0.6989942528735632,0.7589703588143526,False,False
0.4889999999999999,0.8272980501392758,0.8035103097905096,0.82991452991453,0.6975574712643678,0.7580015612802498,False,False
0.4899999999999999,0.8281337047353761,0.8041927483710374,0.8320479862896315,0.6975574712643678,0.7588901914810473,False,False
0.4909999999999999,0.8278551532033426,0.8037018370932822,0.8324742268041238,0.6961206896551724,0.7582159624413145,False,False
0.4919999999999999,0.8278551532033426,0.8037018370932822,0.8324742268041238,0.6961206896551724,0.7582159624413145,False,False
0.4929999999999999,0.8278551532033426,0.8037018370932822,0.8324742268041238,0.6961206896551724,0.7582159624413145,False,False
0.4939999999999999,0.8278551532033426,0.8037018370932822,0.8324742268041238,0.6961206896551724,0.7582159624413145,False,False
0.4949999999999999,0.8278551532033426,0.803570121217826,0.8330464716006885,0.6954022988505747,0.7580266249021144,False,False
0.4959999999999999,0.8284122562674094,0.8040250802715112,0.8344827586206897,0.6954022988505747,0.7586206896551724,False,False
0.4969999999999999,0.8281337047353761,0.8036658848692124,0.8343399482312338,0.694683908045977,0.7581340650725206,False,False
0.4979999999999999,0.8281337047353761,0.8035341689937561,0.8349178910976663,0.6939655172413793,0.7579442918791683,False,False
0.4989999999999999,0.8286908077994429,0.8039891280474413,0.8363636363636363,0.6939655172413793,0.7585394581861012,False,False
0.4999999999999999,0.8292479108635098,0.8044440871011265,0.8378143972246314,0.6939655172413793,0.7591355599214146,False,False
0.5009999999999999,0.8286908077994429,0.8035939804210724,0.8381201044386423,0.6918103448275862,0.7579693034238488,False,False
0.5019999999999999,0.8284122562674094,0.8032347850187735,0.837979094076655,0.6910919540229885,0.75748031496063,False,False
0.5029999999999999,0.8284122562674094,0.8031030691433174,0.8385689354275742,0.6903735632183908,0.7572892040977147,False,False
0.5039999999999999,0.8284122562674094,0.8031030691433174,0.8385689354275742,0.6903735632183908,0.7572892040977147,False,False
0.5049999999999999,0.8284122562674094,0.8031030691433174,0.8385689354275742,0.6903735632183908,0.7572892040977147,False,False
0.5059999999999999,0.8286908077994429,0.8033305486701598,0.8393013100436681,0.6903735632183908,0.7575877020102483,False,False
0.5069999999999999,0.8286908077994429,0.8033305486701598,0.8393013100436681,0.6903735632183908,0.7575877020102483,False,False
0.5079999999999999,0.8281337047353761,0.8026121578655622,0.8390201224846894,0.6889367816091954,0.7566074950690336,False,False
0.5089999999999999,0.8281337047353761,0.8026121578655622,0.8390201224846894,0.6889367816091954,0.7566074950690336,False,False
0.5099999999999999,0.8281337047353761,0.8026121578655622,0.8390201224846894,0.6889367816091954,0.7566074950690336,False,False
0.5109999999999999,0.8284122562674094,0.8027079215169486,0.8403508771929824,0.6882183908045977,0.7567140600315956,False,False
0.5119999999999999,0.8278551532033426,0.8019895307123508,0.8400702987697716,0.6867816091954023,0.7557312252964427,False,False
0.5129999999999999,0.8275766016713092,0.8014986194345957,0.8405286343612335,0.6853448275862069,0.7550455085081124,False,False
0.5139999999999999,0.826740947075209,0.8004210332276992,0.8401060070671378,0.6831896551724138,0.7535657686212361,False,False
0.5149999999999999,0.8264623955431755,0.799930121949944,0.8405668733392383,0.6817528735632183,0.7528758429194764,False,False
0.5159999999999999,0.8270194986072423,0.8003850810036293,0.842058562555457,0.6817528735632183,0.7534736006351727,False,False
0.5169999999999999,0.8275766016713092,0.8008400400573144,0.8435555555555555,0.6817528735632183,0.754072308303536,False,False
0.5179999999999999,0.8272980501392758,0.8004808446550156,0.8434163701067615,0.6810344827586207,0.753577106518283,False,False
0.5189999999999999,0.826740947075209,0.7996307379749616,0.84375,0.6788793103448276,0.7523885350318471,False,False
0.5199999999999999,0.826740947075209,0.7994990220995053,0.8443649373881932,0.6781609195402298,0.7521912350597609,False,False
0.5209999999999999,0.8270194986072423,0.7995947857508916,0.8457399103139014,0.6774425287356322,0.7522935779816514,False,False
0.5219999999999999,0.8272980501392758,0.7995588335268217,0.8477477477477477,0.6760057471264368,0.7521982414068745,False,False
0.5229999999999999,0.8272980501392758,0.7994271176513654,0.8483754512635379,0.6752873563218391,0.752,False,False
0.5239999999999999,0.826740947075209,0.7985770109713115,0.8487318840579711,0.673132183908046,0.750801282051282,False,False
0.5249999999999999,0.8264623955431755,0.7982178155690126,0.8485947416137806,0.6724137931034483,0.7503006012024048,False,False
0.5259999999999999,0.8261838440111421,0.7977269042912575,0.8490909090909091,0.6709770114942529,0.7495987158908507,False,False
0.5269999999999999,0.8259052924791086,0.7973677088889586,0.8489535941765242,0.6702586206896551,0.7490967482938579,False,False
0.5279999999999999,0.8261838440111421,0.7975951884158012,0.8497267759562842,0.6702586206896551,0.7493975903614458,False,False
0.5289999999999999,0.8256267409470752,0.7967450817357473,0.850091407678245,0.6681034482758621,0.7481898632341111,False,False
0.5299999999999999,0.8250696378830084,0.7960266909311495,0.8498168498168498,0.6666666666666666,0.7471819645732689,False,False
0.5309999999999999,0.8250696378830084,0.7958949750556932,0.8504587155963302,0.665948275862069,0.7469782433521354,False,False
0.5319999999999999,0.824791086350975,0.7955357796533944,0.8503213957759412,0.6652298850574713,0.7464731962918179,False,False
0.5329999999999999,0.824791086350975,0.7954040637779382,0.8509659613615456,0.6645114942528736,0.746268656716418,False,False
0.5339999999999999,0.8239554317548746,0.7943264775710416,0.8505535055350554,0.6623563218390804,0.7447495961227787,False,False
0.5349999999999999,0.822841225626741,0.7928896959618461,0.85,0.6594827586206896,0.7427184466019418,False,False
0.5359999999999999,0.8233983286908078,0.7932129391400751,0.8522304832713755,0.6587643678160919,0.7431118314424635,False,False
0.5369999999999999,0.8236768802228412,0.7934404186669177,0.8530232558139534,0.6587643678160919,0.743413052290231,False,False
0.5379999999999999,0.8233983286908078,0.7929495073891626,0.8535447761194029,0.6573275862068966,0.7426948051948052,False,False
0.5389999999999999,0.8233983286908078,0.7928177915137062,0.8542056074766355,0.6566091954022989,0.7424857839155159,False,False
0.5399999999999999,0.8233983286908078,0.7928177915137062,0.8542056074766355,0.6566091954022989,0.7424857839155159,False,False
0.5409999999999999,0.8233983286908078,0.79268607563825,0.8548689138576779,0.6558908045977011,0.7422764227642277,False,False
0.5419999999999999,0.8236768802228412,0.7927818392896364,0.856338028169014,0.6551724137931034,0.7423687423687424,False,False
0.5429999999999999,0.8233983286908078,0.7922909280118813,0.8568738229755178,0.6537356321839081,0.7416462917685411,False,False
0.5439999999999999,0.8233983286908078,0.7921592121364249,0.8575471698113207,0.6530172413793104,0.7414355628058727,False,False
0.5449999999999999,0.8233983286908078,0.7921592121364249,0.8575471698113207,0.6530172413793104,0.7414355628058727,False,False
0.5459999999999999,0.822841225626741,0.7914408213318272,0.8572778827977315,0.6515804597701149,0.7404081632653061,False,False
0.5469999999999999,0.822841225626741,0.7914408213318272,0.8572778827977315,0.6515804597701149,0.7404081632653061,False,False
0.5479999999999999,0.8233983286908078,0.7917640645100561,0.8595825426944972,0.6508620689655172,0.740801308258381,False,False
0.5489999999999999,0.8231197771587744,0.7914048691077573,0.8594491927825261,0.6501436781609196,0.7402862985685071,False,False
0.5499999999999999,0.822841225626741,0.7910456737054585,0.8593155893536122,0.6494252873563219,0.7397708674304418,False,False
0.5509999999999999,0.8222841225626741,0.7903272829008607,0.8590476190476191,0.6479885057471264,0.7387387387387387,False,False
0.5519999999999999,0.8220055710306406,0.789968087498562,0.8589132507149666,0.6472701149425287,0.7382220401474805,False,False
0.5529999999999999,0.8211699164345404,0.788758785416209,0.8591954022988506,0.6443965517241379,0.7364532019704434,False,False
0.5539999999999999,0.8222841225626741,0.7895369876481231,0.8631984585741811,0.6436781609195402,0.7374485596707819,False,False
0.5549999999999999,0.8233983286908078,0.7904469057554935,0.8665377176015474,0.6436781609195402,0.7386644682605111,False,False
0.5559999999999999,0.8231197771587744,0.7899559944777383,0.8671193016488846,0.6422413793103449,0.7379281881964507,False,False
0.5569999999999999,0.8233983286908078,0.790183474004581,0.8679611650485437,0.6422413793103449,0.7382328654004955,False,False
0.5579999999999999,0.8236768802228412,0.7904109535314235,0.8688046647230321,0.6422413793103449,0.7385377942998761,False,False
0.5589999999999999,0.8236768802228412,0.7904109535314235,0.8688046647230321,0.6422413793103449,0.7385377942998761,False,False
0.5599999999999999,0.8236768802228412,0.7902792376559673,0.8695228821811101,0.6415229885057471,0.7383216205043407,False,False
0.5609999999999999,0.8236768802228412,0.7902792376559673,0.8695228821811101,0.6415229885057471,0.7383216205043407,False,False
0.5619999999999999,0.8236768802228412,0.7902792376559673,0.8695228821811101,0.6415229885057471,0.7383216205043407,False,False
0.563,0.8233983286908078,0.7899200422536684,0.8693957115009746,0.6408045977011494,0.7377998345740281,False,False
0.564,0.8236768802228412,0.790147521780511,0.8702439024390244,0.6408045977011494,0.7381050889532478,False,False
0.565,0.8236768802228412,0.7900158059050548,0.8709677419354839,0.6400862068965517,0.737888198757764,False,False
0.566,0.8236768802228412,0.7898840900295985,0.871694417238002,0.639367816091954,0.7376709490261085,False,False
0.567,0.8233983286908078,0.7893931787518433,0.8722986247544204,0.6379310344827587,0.7369294605809129,False,False
0.568,0.8225626740947075,0.7883155925449468,0.8719211822660099,0.6357758620689655,0.7353552139592854,False,False
0.569,0.8220055710306406,0.7875972017403492,0.8716683119447186,0.6343390804597702,0.7343035343035343,False,False
0.57,0.8220055710306406,0.7873337699894365,0.8731417244796829,0.6329022988505747,0.7338608912952936,False,False
0.571,0.8222841225626741,0.7875612495162791,0.8740079365079365,0.6329022988505747,0.7341666666666666,False,False
0.572,0.8225626740947075,0.7876570131676655,0.8756218905472637,0.632183908045977,0.7342511472674176,False,False
0.573,0.8231197771587744,0.7881119722213507,0.8773678963110668,0.632183908045977,0.7348643006263048,False,False
0.574,0.8231197771587744,0.7879802563458944,0.8781218781218781,0.6314655172413793,0.734642707898036,False,False
0.575,0.8233983286908078,0.788207735872737,0.879,0.6314655172413793,0.7349498327759197,False,False
0.576,0.822841225626741,0.7874893450681393,0.8787575150300602,0.6300287356321839,0.7338912133891213,False,False
0.577,0.8231197771587744,0.7877168245949818,0.8796389167502507,0.6300287356321839,0.7341984093763081,False,False
0.578,0.822841225626741,0.7870941974417704,0.8810483870967742,0.6278735632183908,0.7332214765100671,False,False
0.579,0.8231197771587744,0.7871899610931568,0.8827098078867543,0.6271551724137931,0.7333053338933221,False,False
0.58,0.8231197771587744,0.7869265293422443,0.884263959390863,0.6257183908045977,0.7328565418594868,False,False
0.581,0.8231197771587744,0.7869265293422443,0.884263959390863,0.6257183908045977,0.7328565418594868,False,False
0.582,0.8231197771587744,0.7867948134667879,0.8850457782299085,0.625,0.7326315789473684,False,False
0.583,0.8233983286908078,0.7870222929936306,0.8859470468431772,0.625,0.7329401853411963,False,False
0.584,0.8236768802228412,0.7872497725204732,0.8868501529051988,0.625,0.7332490518331226,False,False
0.585,0.8239554317548746,0.7874772520473157,0.8877551020408163,0.625,0.7335581787521079,False,False
0.586,0.8239554317548746,0.7874772520473157,0.8877551020408163,0.625,0.7335581787521079,False,False
0.587,0.8250696378830084,0.7883871701546861,0.8913934426229508,0.625,0.7347972972972973,False,False
0.588,0.8250696378830084,0.7882554542792298,0.8921971252566735,0.6242816091954023,0.7345731191885038,False,False
0.589,0.824791086350975,0.7877645430014747,0.8928939237899073,0.6228448275862069,0.7338129496402878,False,False
0.59,0.8245125348189415,0.7874053475991758,0.8927835051546392,0.6221264367816092,0.7332768839966131,False,False
0.591,0.824791086350975,0.7876328271260185,0.8937048503611971,0.6221264367816092,0.7335874629394324,False,False
0.592,0.8250696378830084,0.787860306652861,0.8946280991735537,0.6221264367816092,0.7338983050847457,False,False
0.593,0.8245125348189415,0.7871419158482633,0.8944099378881988,0.6206896551724138,0.732824427480916,False,False
0.594,0.8242339832869081,0.7867827204459645,0.894300518134715,0.6199712643678161,0.7322868052609249,False,False
0.595,0.8242339832869081,0.7867827204459645,0.894300518134715,0.6199712643678161,0.7322868052609249,False,False
0.596,0.8236768802228412,0.7860643296413667,0.8940809968847352,0.6185344827586207,0.7312101910828025,False,False
0.597,0.8231197771587744,0.7853459388367691,0.8938605619146722,0.6170977011494253,0.7301317467063323,False,False
0.598,0.822841225626741,0.7849867434344702,0.89375,0.6163793103448276,0.7295918367346939,False,False
0.599,0.8222841225626741,0.7842683526298725,0.8935281837160751,0.6149425287356322,0.7285106382978723,False,False
0.6,0.8222841225626741,0.7842683526298725,0.8935281837160751,0.6149425287356322,0.7285106382978723,False,False
0.601,0.8222841225626741,0.7841366367544162,0.8943514644351465,0.6142241379310345,0.7282793867120954,False,False
0.602,0.8217270194986073,0.7834182459498186,0.8941299790356394,0.6127873563218391,0.7271952259164536,False,False
0.603,0.8222841225626741,0.7838732050035038,0.8960084033613446,0.6127873563218391,0.7278156996587031,False,False
0.604,0.8222841225626741,0.7838732050035038,0.8960084033613446,0.6127873563218391,0.7278156996587031,False,False
0.605,0.8211699164345404,0.7824364233943083,0.8955696202531646,0.6099137931034483,0.7256410256410256,False,False
0.606,0.8214484679665738,0.7826639029211508,0.8965153115100317,0.6099137931034483,0.7259512612227448,False,False
0.607,0.8217270194986073,0.7828913824479935,0.8974630021141649,0.6099137931034483,0.7262617621899059,False,False
0.608,0.8214484679665738,0.7824004711702384,0.8981972428419936,0.6084770114942529,0.7254817987152035,False,False
0.609,0.8214484679665738,0.7824004711702384,0.8981972428419936,0.6084770114942529,0.7254817987152035,False,False
0.61,0.8214484679665738,0.782268755294782,0.8990435706695006,0.6077586206896551,0.72524646378054,False,False
0.611,0.8211699164345404,0.7819095598924832,0.898936170212766,0.6070402298850575,0.7246998284734134,False,False
0.612,0.8214484679665738,0.7821370394193259,0.8998935037273695,0.6070402298850575,0.725010725010725,False,False
0.613,0.8214484679665738,0.7820053235438695,0.9007470651013874,0.6063218390804598,0.7247745813653929,False,False
0.6139999999999999,0.8217270194986073,0.7822328030707122,0.9017094017094017,0.6063218390804598,0.7250859106529209,False,False
0.6149999999999999,0.8217270194986073,0.7822328030707122,0.9017094017094017,0.6063218390804598,0.7250859106529209,False,False
0.6159999999999999,0.8217270194986073,0.7821010871952558,0.9025695931477516,0.6056034482758621,0.7248495270851246,False,False
0.6169999999999999,0.8211699164345404,0.7813826963906582,0.9023605150214592,0.6041666666666666,0.7237521514629949,False,False
0.6179999999999999,0.8208913649025069,0.7808917851129031,0.9031216361679225,0.6027298850574713,0.7229642395519172,False,False
0.6189999999999999,0.8197771587743733,0.7793232876282514,0.9035752979414952,0.5991379310344828,0.7205183585313175,False,False
0.6199999999999999,0.8197771587743733,0.7791915717527951,0.9044516829533116,0.5984195402298851,0.7202766969303934,False,False
0.6209999999999999,0.8203342618384402,0.7796465308064803,0.9064200217627857,0.5984195402298851,0.7209000432713111,False,False
0.6219999999999999,0.8206128133704735,0.7798740103333228,0.9074074074074074,0.5984195402298851,0.7212121212121212,False,False
0.6229999999999999,0.8203342618384402,0.779514814931024,0.9073064340239912,0.5977011494252874,0.7206582936336077,False,False
0.6239999999999999,0.8197771587743733,0.7787964241264262,0.907103825136612,0.5962643678160919,0.7195491980927612,False,False
0.6249999999999999,0.8194986072423398,0.7784372287241275,0.9070021881838074,0.5955459770114943,0.7189939288811795,False,False
0.6259999999999999,0.8197771587743733,0.7786647082509701,0.9079956188389924,0.5955459770114943,0.7193058568329718,False,False
0.6269999999999999,0.8197771587743733,0.7786647082509701,0.9079956188389924,0.5955459770114943,0.7193058568329718,False,False
0.6279999999999999,0.8194986072423398,0.7783055128486712,0.9078947368421053,0.5948275862068966,0.71875,False,False
0.6289999999999999,0.8192200557103064,0.7779463174463723,0.9077936333699231,0.5941091954022989,0.7181936604429006,False,False
0.6299999999999999,0.8189415041782729,0.7775871220440735,0.9076923076923077,0.5933908045977011,0.7176368375325803,False,False
0.6309999999999999,0.8181058495821727,0.776509535837177,0.9073869900771775,0.5912356321839081,0.7159634623749457,False,False
0.6319999999999999,0.8172701949860725,0.7753002337548242,0.9079822616407982,0.5883620689655172,0.7140366172624237,False,False
0.6329999999999999,0.8164345403899721,0.7742226475479276,0.9076751946607341,0.5862068965517241,0.712352684417285,False,False
0.6339999999999999,0.816991643454039,0.7745458907261564,0.9106145251396648,0.5854885057471264,0.7127240926978574,False,False
0.6349999999999999,0.816991643454039,0.7745458907261564,0.9106145251396648,0.5854885057471264,0.7127240926978574,False,False
0.6359999999999999,0.8167130919220056,0.7741866953238576,0.9105145413870246,0.5847701149425287,0.7121609798775154,False,False
0.6369999999999999,0.8167130919220056,0.7741866953238576,0.9105145413870246,0.5847701149425287,0.7121609798775154,False,False
0.6379999999999999,0.8164345403899721,0.7738274999215589,0.910414333706607,0.584051724137931,0.711597374179431,False,False
0.6389999999999999,0.8161559888579387,0.7733365886438036,0.9112359550561798,0.5826149425287356,0.7107800175284837,False,False
0.6399999999999999,0.8164345403899721,0.7735640681706462,0.9122609673790776,0.5826149425287356,0.7110916264796142,False,False
0.6409999999999999,0.8164345403899721,0.7735640681706462,0.9122609673790776,0.5826149425287356,0.7110916264796142,False,False
0.6419999999999999,0.8167130919220056,0.7737915476974888,0.9132882882882883,0.5826149425287356,0.7114035087719298,False,False
0.6429999999999999,0.816991643454039,0.7740190272243315,0.9143179255918827,0.5826149425287356,0.711715664765248,False,False
0.6439999999999999,0.816991643454039,0.7738873113488751,0.9152542372881356,0.5818965517241379,0.7114624505928854,False,False
0.6449999999999999,0.816991643454039,0.7738873113488751,0.9152542372881356,0.5818965517241379,0.7114624505928854,False,False
0.6459999999999999,0.8167130919220056,0.7735281159465763,0.915158371040724,0.5811781609195402,0.710896309314587,False,False
0.6469999999999999,0.816991643454039,0.7737555954734189,0.9161947904869762,0.5811781609195402,0.7112087912087912,False,False
0.6479999999999999,0.8167130919220056,0.77339640007112,0.9160997732426304,0.5804597701149425,0.7106420404573439,False,False
0.6489999999999999,0.8164345403899721,0.7730372046688212,0.9160045402951191,0.5797413793103449,0.710074791025077,False,False
0.6499999999999999,0.816991643454039,0.77336044784705,0.9190421892816419,0.5790229885057471,0.7104451300132217,False,False
0.6509999999999999,0.8167130919220056,0.772869536569295,0.919908466819222,0.5775862068965517,0.7096204766107679,False,False
0.6519999999999999,0.8164345403899721,0.7723786252915399,0.9207807118254879,0.5761494252873564,0.7087936367653557,False,False
0.6529999999999999,0.8158774373259053,0.7716602344869421,0.9205983889528193,0.5747126436781609,0.7076514816452897,False,False
0.6539999999999999,0.8158774373259053,0.7716602344869421,0.9205983889528193,0.5747126436781609,0.7076514816452897,False,False
0.6549999999999999,0.8158774373259053,0.7716602344869421,0.9205983889528193,0.5747126436781609,0.7076514816452897,False,False
0.6559999999999999,0.8155988857938719,0.7713010390846433,0.9205069124423964,0.5739942528735632,0.7070796460176991,False,False
0.6569999999999999,0.8155988857938719,0.7713010390846433,0.9205069124423964,0.5739942528735632,0.7070796460176991,False,False
0.6579999999999999,0.8161559888579387,0.7716242822628723,0.9236111111111112,0.5732758620689655,0.7074468085106383,False,False
0.6589999999999999,0.8161559888579387,0.7716242822628723,0.9236111111111112,0.5732758620689655,0.7074468085106383,False,False
0.6599999999999999,0.8161559888579387,0.7716242822628723,0.9236111111111112,0.5732758620689655,0.7074468085106383,False,False
0.6609999999999999,0.8161559888579387,0.7716242822628723,0.9236111111111112,0.5732758620689655,0.7074468085106383,False,False
0.6619999999999999,0.8161559888579387,0.7716242822628723,0.9236111111111112,0.5732758620689655,0.7074468085106383,False,False
0.6629999999999999,0.8161559888579387,0.7716242822628723,0.9236111111111112,0.5732758620689655,0.7074468085106383,False,False
0.6639999999999999,0.8155988857938719,0.7709058914582745,0.9234338747099768,0.5718390804597702,0.7062999112688554,False,False
0.6649999999999999,0.8153203342618385,0.7705466960559757,0.9233449477351916,0.5711206896551724,0.7057256990679095,False,False
0.6659999999999999,0.8144846796657381,0.7694691098490791,0.9230769230769231,0.5689655172413793,0.704,False,False
0.6669999999999999,0.8142061281337047,0.7691099144467803,0.9229871645274212,0.5682471264367817,0.7034237438861717,False,False
0.6679999999999999,0.8142061281337047,0.7691099144467803,0.9229871645274212,0.5682471264367817,0.7034237438861717,False,False
0.6689999999999999,0.8144846796657381,0.7692056780981665,0.9250585480093677,0.5675287356321839,0.703472840605521,False,False
0.6699999999999999,0.8144846796657381,0.7690739622227103,0.926056338028169,0.5668103448275862,0.7032085561497327,False,False
0.6709999999999999,0.8142061281337047,0.7687147668204115,0.9259694477085781,0.5660919540229885,0.7026304057066429,False,False
0.6719999999999999,0.8139275766016713,0.7683555714181126,0.9258823529411765,0.5653735632183908,0.7020517395182873,False,False
0.6729999999999999,0.8142061281337047,0.7684513350694989,0.9279811097992916,0.5646551724137931,0.7020991514068781,False,False
0.6739999999999999,0.8142061281337047,0.7681879033185863,0.930011862396204,0.5632183908045977,0.7015659955257271,False,False
0.6749999999999999,0.8142061281337047,0.7681879033185863,0.930011862396204,0.5632183908045977,0.7015659955257271,False,False
0.6759999999999999,0.8144846796657381,0.768415382845429,0.9311163895486936,0.5632183908045977,0.7018800358102059,False,False
0.6769999999999999,0.8147632311977716,0.7685111464968153,0.933253873659118,0.5625,0.7019273868220529,False,False
0.6779999999999999,0.8139275766016713,0.7674335602899187,0.9330143540669856,0.5603448275862069,0.7001795332136446,False,False
0.6789999999999999,0.8139275766016713,0.7674335602899187,0.9330143540669856,0.5603448275862069,0.7001795332136446,False,False
0.6799999999999999,0.8136490250696379,0.7670743648876199,0.932934131736527,0.5596264367816092,0.699595868881904,False,False
0.6809999999999999,0.813091922005571,0.7663559740830221,0.9327731092436975,0.5581896551724138,0.6984269662921349,False,False
0.6819999999999999,0.8128133704735376,0.765865062805267,0.9337349397590361,0.5567528735632183,0.6975697569756976,False,False
0.6829999999999999,0.8128133704735376,0.765865062805267,0.9337349397590361,0.5567528735632183,0.6975697569756976,False,False
0.6839999999999999,0.8122562674094708,0.7651466720006694,0.9335748792270532,0.555316091954023,0.6963963963963964,False,False
0.6849999999999999,0.8125348189415041,0.7653741515275119,0.9347037484885127,0.555316091954023,0.6967102298332583,False,False
0.6859999999999999,0.8128133704735376,0.7656016310543545,0.9358353510895884,0.555316091954023,0.69702434625789,False,False
0.6869999999999999,0.8125348189415041,0.7652424356520557,0.9357575757575758,0.5545977011494253,0.6964366260712674,False,False
0.688,0.8125348189415041,0.7651107197765994,0.93681652490887,0.5538793103448276,0.6961625282167043,False,False
0.689,0.8122562674094708,0.7647515243743006,0.9367396593673966,0.5531609195402298,0.6955736224028907,False,False
0.69,0.8122562674094708,0.7647515243743006,0.9367396593673966,0.5531609195402298,0.6955736224028907,False,False
0.691,0.8122562674094708,0.7647515243743006,0.9367396593673966,0.5531609195402298,0.6955736224028907,False,False
0.692,0.8122562674094708,0.7647515243743006,0.9367396593673966,0.5531609195402298,0.6955736224028907,False,False
0.693,0.8122562674094708,0.7647515243743006,0.9367396593673966,0.5531609195402298,0.6955736224028907,False,False
0.694,0.8119777158774373,0.7643923289720017,0.9366626065773447,0.5524425287356322,0.6949841843651152,False,False
0.695,0.8119777158774373,0.7642606130965455,0.9377289377289377,0.5517241379310345,0.694708276797829,False,False
0.696,0.8125348189415041,0.7647155721502306,0.9400244798041616,0.5517241379310345,0.6953372566772296,False,False
0.697,0.8125348189415041,0.7645838562747744,0.9411042944785276,0.5510057471264368,0.6950611690077028,False,False
0.698,0.8122562674094708,0.7642246608724755,0.941031941031941,0.5502873563218391,0.6944696282864914,False,False
0.699,0.8122562674094708,0.7642246608724755,0.941031941031941,0.5502873563218391,0.6944696282864914,False,False
0.7,0.8122562674094708,0.7642246608724755,0.941031941031941,0.5502873563218391,0.6944696282864914,False,False
0.701,0.8119777158774373,0.7638654654701766,0.940959409594096,0.5495689655172413,0.6938775510204082,False,False
0.702,0.8122562674094708,0.7640929449970192,0.9421182266009852,0.5495689655172413,0.6941923774954628,False,False
0.703,0.8119777158774373,0.7637337495947203,0.9420468557336621,0.5488505747126436,0.6935996368588289,False,False
0.704,0.8114206128133705,0.7630153587901227,0.9419035846724351,0.5474137931034483,0.692412539754657,False,False
0.705,0.811142061281337,0.7626561633878238,0.9418316831683168,0.5466954022988506,0.6918181818181818,False,False
0.706,0.8105849582172702,0.7619377725832261,0.9416873449131513,0.5452586206896551,0.6906278434940856,False,False
0.707,0.8108635097493037,0.7621652521100687,0.9428571428571428,0.5452586206896551,0.6909421939007738,False,False
0.708,0.8105849582172702,0.7618060567077698,0.9427860696517413,0.5445402298850575,0.6903460837887068,False,False
0.709,0.8103064066852368,0.761446861305471,0.9427148194271482,0.5438218390804598,0.689749430523918,False,False
0.71,0.8100278551532033,0.7610876659031722,0.942643391521197,0.5431034482758621,0.6891522333637192,False,False
0.711,0.8094707520891364,0.7603692750985744,0.9425,0.5416666666666666,0.6879562043795621,False,False
0.712,0.8091922005571031,0.7600100796962757,0.9424280350438048,0.540948275862069,0.6873573710634413,False,False
0.713,0.8089136490250697,0.7596508842939768,0.9423558897243107,0.5402298850574713,0.6867579908675799,False,False
0.714,0.8086350974930362,0.7592916888916779,0.9422835633626098,0.5395114942528736,0.6861580630424852,False,False
0.715,0.8083565459610028,0.7589324934893791,0.9422110552763819,0.5387931034482759,0.6855575868372943,False,False
0.7159999999999999,0.8075208913649025,0.7578549072824825,0.9419924337957125,0.5366379310344828,0.6837528604118993,False,False
0.7169999999999999,0.807799442896936,0.7580823868093252,0.9431818181818182,0.5366379310344828,0.6840659340659341,False,False
0.7179999999999999,0.807799442896936,0.7580823868093252,0.9431818181818182,0.5366379310344828,0.6840659340659341,False,False
0.7189999999999999,0.8075208913649025,0.7577231914070263,0.943109987357775,0.5359195402298851,0.6834631241410902,False,False
0.7199999999999999,0.8075208913649025,0.7577231914070263,0.943109987357775,0.5359195402298851,0.6834631241410902,False,False
0.7209999999999999,0.8066852367688022,0.7566456052001297,0.9428934010152284,0.5337643678160919,0.681651376146789,False,False
0.7219999999999999,0.8069637883008357,0.7568730847269722,0.9440914866581956,0.5337643678160919,0.6819642037631941,False,False
0.7229999999999999,0.8069637883008357,0.7568730847269722,0.9440914866581956,0.5337643678160919,0.6819642037631941,False,False
0.7239999999999999,0.8069637883008357,0.7568730847269722,0.9440914866581956,0.5337643678160919,0.6819642037631941,False,False
0.7249999999999999,0.8066852367688022,0.7565138893246734,0.9440203562340967,0.5330459770114943,0.6813590449954087,False,False
0.7259999999999999,0.8072423398328691,0.7569688483783585,0.9464285714285714,0.5330459770114943,0.6819852941176471,False,False
0.7269999999999999,0.8069637883008357,0.7566096529760598,0.946360153256705,0.5323275862068966,0.6813793103448276,False,False
0.7279999999999999,0.8069637883008357,0.7566096529760598,0.946360153256705,0.5323275862068966,0.6813793103448276,False,False
0.7289999999999999,0.8066852367688022,0.756250457573761,0.9462915601023018,0.5316091954022989,0.6807727690892365,False,False
0.7299999999999999,0.8069637883008357,0.7564779371006035,0.9475032010243278,0.5316091954022989,0.6810860561435803,False,False
0.7309999999999999,0.8072423398328691,0.7565737007519897,0.9498714652956298,0.5308908045977011,0.6811059907834102,False,False
0.7319999999999999,0.8072423398328691,0.7565737007519897,0.9498714652956298,0.5308908045977011,0.6811059907834102,False,False
0.7329999999999999,0.8069637883008357,0.7562145053496909,0.9498069498069498,0.5301724137931034,0.6804979253112033,False,False
0.7339999999999999,0.805849582172702,0.7547777237404956,0.9495472186287193,0.5272988505747126,0.6780600461893764,False,False
0.7349999999999999,0.805849582172702,0.7547777237404956,0.9495472186287193,0.5272988505747126,0.6780600461893764,False,False
0.7359999999999999,0.8055710306406685,0.7544185283381967,0.9494818652849741,0.5265804597701149,0.677449168207024,False,False
0.7369999999999999,0.805849582172702,0.7546460078650392,0.9507133592736705,0.5265804597701149,0.6777623670827554,False,False
0.7379999999999999,0.805849582172702,0.7546460078650392,0.9507133592736705,0.5265804597701149,0.6777623670827554,False,False
0.7389999999999999,0.8055710306406685,0.7542868124627404,0.9506493506493506,0.5258620689655172,0.6771507863089732,False,False
0.7399999999999999,0.8055710306406685,0.7541550965872842,0.9518229166666666,0.5251436781609196,0.6768518518518518,False,False
0.7409999999999999,0.8055710306406685,0.7541550965872842,0.9518229166666666,0.5251436781609196,0.6768518518518518,False,False
0.7419999999999999,0.8055710306406685,0.754023380711828,0.9530026109660574,0.5244252873563219,0.6765523632993512,False,False
0.7429999999999999,0.8055710306406685,0.754023380711828,0.9530026109660574,0.5244252873563219,0.6765523632993512,False,False
0.7439999999999999,0.8050139275766016,0.7531732740317739,0.9540682414698163,0.5222701149425287,0.6750232126276694,False,False
0.7449999999999999,0.8047353760445682,0.752814078629475,0.9540078843626807,0.521551724137931,0.67440780306549,False,False
0.7459999999999999,0.8047353760445682,0.752814078629475,0.9540078843626807,0.521551724137931,0.67440780306549,False,False
0.7469999999999999,0.8044568245125349,0.7524548832271762,0.9539473684210527,0.5208333333333334,0.6737918215613383,False,False
0.7479999999999999,0.8044568245125349,0.7524548832271762,0.9539473684210527,0.5208333333333334,0.6737918215613383,False,False
0.7489999999999999,0.8044568245125349,0.7524548832271762,0.9539473684210527,0.5208333333333334,0.6737918215613383,False,False
0.7499999999999999,0.8044568245125349,0.7524548832271762,0.9539473684210527,0.5208333333333334,0.6737918215613383,False,False
0.7509999999999999,0.8047353760445682,0.7525506468785625,0.9564068692206077,0.5201149425287356,0.6738017682643089,False,False
0.7519999999999999,0.8047353760445682,0.7525506468785625,0.9564068692206077,0.5201149425287356,0.6738017682643089,False,False
0.7529999999999999,0.8044568245125349,0.7521914514762637,0.9563492063492064,0.5193965517241379,0.6731843575418994,False,False
0.7539999999999999,0.803899721448468,0.751473060671666,0.9562334217506632,0.5179597701149425,0.6719478098788444,False,False
0.7549999999999999,0.803899721448468,0.751473060671666,0.9562334217506632,0.5179597701149425,0.6719478098788444,False,False
0.7559999999999999,0.803899721448468,0.751473060671666,0.9562334217506632,0.5179597701149425,0.6719478098788444,False,False
0.7569999999999999,0.803899721448468,0.7513413447962097,0.9574468085106383,0.5172413793103449,0.6716417910447762,False,False
0.7579999999999999,0.8033426183844011,0.750622953991612,0.9573333333333334,0.5158045977011494,0.6704014939309056,False,False
0.7589999999999999,0.8033426183844011,0.750622953991612,0.9573333333333334,0.5158045977011494,0.6704014939309056,False,False
0.7599999999999999,0.8033426183844011,0.750622953991612,0.9573333333333334,0.5158045977011494,0.6704014939309056,False,False
0.7609999999999999,0.8025069637883009,0.7495453677847155,0.9571619812583668,0.5136494252873564,0.6685366993922394,False,False
0.7619999999999999,0.8025069637883009,0.7495453677847155,0.9571619812583668,0.5136494252873564,0.6685366993922394,False,False
0.7629999999999999,0.801949860724234,0.7488269769801177,0.9570469798657718,0.5122126436781609,0.6672905942910622,False,False
0.7639999999999999,0.8016713091922005,0.7484677815778189,0.956989247311828,0.5114942528735632,0.6666666666666666,False,False
0.7649999999999999,0.8013927576601672,0.7481085861755201,0.9569313593539704,0.5107758620689655,0.6660421545667448,False,False
0.7659999999999999,0.8013927576601672,0.7481085861755201,0.9569313593539704,0.5107758620689655,0.6660421545667448,False,False
0.7669999999999999,0.8005571030640668,0.7470309999686235,0.9567567567567568,0.5086206896551724,0.6641651031894934,False,False
0.7679999999999999,0.8005571030640668,0.7470309999686235,0.9567567567567568,0.5086206896551724,0.6641651031894934,False,False
0.7689999999999999,0.8005571030640668,0.7470309999686235,0.9567567567567568,0.5086206896551724,0.6641651031894934,False,False
0.7699999999999999,0.8002785515320334,0.7466718045663246,0.9566982408660352,0.5079022988505747,0.66353824495542,False,False
0.7709999999999999,0.7997214484679666,0.745953413761727,0.9565807327001357,0.5064655172413793,0.6622827618600282,False,False
0.7719999999999999,0.7997214484679666,0.7458216978862707,0.9578231292517007,0.5057471264367817,0.6619652092148566,False,False
0.7729999999999999,0.7991643454038997,0.745103307081673,0.9577080491132333,0.5043103448275862,0.6607058823529411,False,False
0.7739999999999999,0.7988857938718663,0.7447441116793742,0.9576502732240437,0.5035919540229885,0.660075329566855,False,False
0.7749999999999999,0.7983286908077994,0.7440257208747765,0.9575342465753425,0.5021551724137931,0.6588124410933082,False,False
0.7759999999999999,0.7983286908077994,0.7440257208747765,0.9575342465753425,0.5021551724137931,0.6588124410933082,False,False
0.7769999999999999,0.7977715877437326,0.7433073300701787,0.9574175824175825,0.5007183908045977,0.6575471698113208,False,False
0.7779999999999999,0.7980501392757661,0.7435348095970213,0.9587345254470426,0.5007183908045977,0.6578574799433695,False,False
0.7789999999999999,0.7977715877437326,0.7431756141947226,0.9586776859504132,0.5,0.6572237960339944,False,False
0.7799999999999999,0.7974930362116992,0.7426847029169673,0.9598893499308437,0.4985632183908046,0.6562647754137115,False,False
0.7809999999999999,0.7974930362116992,0.7425529870415111,0.9611650485436893,0.4978448275862069,0.6559394226218647,False,False
0.7819999999999999,0.7974930362116992,0.7425529870415111,0.9611650485436893,0.4978448275862069,0.6559394226218647,False,False
0.7829999999999999,0.7969359331476323,0.7418345962369134,0.96105702364395,0.4964080459770115,0.6546660350544765,False,False
0.7839999999999999,0.7972144846796657,0.7420620757637559,0.9623955431754875,0.4964080459770115,0.6549763033175355,False,False
0.7849999999999999,0.7969359331476323,0.7417028803614572,0.9623430962343096,0.4956896551724138,0.6543385490753911,False,False
0.7859999999999999,0.7966573816155988,0.7413436849591583,0.9622905027932961,0.4949712643678161,0.6537001897533207,False,False
0.7869999999999999,0.7963788300835655,0.7409844895568595,0.9622377622377623,0.4942528735632184,0.6530612244897959,False,False
0.7879999999999999,0.796100278551532,0.7406252941545606,0.9621848739495799,0.49353448275862066,0.6524216524216524,False,False
0.7889999999999999,0.796100278551532,0.7406252941545606,0.9621848739495799,0.49353448275862066,0.6524216524216524,False,False
0.7899999999999999,0.7958217270194986,0.7402660987522618,0.9621318373071529,0.492816091954023,0.6517814726840855,False,False
0.7909999999999999,0.7955431754874652,0.7399069033499629,0.9620786516853933,0.4920977011494253,0.6511406844106464,False,False
0.7919999999999999,0.7955431754874652,0.7399069033499629,0.9620786516853933,0.4920977011494253,0.6511406844106464,False,False
0.7929999999999999,0.7952646239554317,0.739547707947664,0.9620253164556962,0.49137931034482757,0.6504992867332382,False,False
0.7939999999999999,0.7949860724233984,0.7390567966699089,0.963276836158192,0.4899425287356322,0.6495238095238095,False,False
0.7949999999999999,0.7944289693593315,0.7383384058653112,0.9631728045325779,0.4885057471264368,0.6482364156339371,False,False
0.7959999999999999,0.7944289693593315,0.7383384058653112,0.9631728045325779,0.4885057471264368,0.6482364156339371,False,False
0.7969999999999999,0.7944289693593315,0.7383384058653112,0.9631728045325779,0.4885057471264368,0.6482364156339371,False,False
0.7979999999999999,0.7947075208913649,0.7385658853921537,0.9645390070921985,0.4885057471264368,0.6485455412494039,False,False
0.7989999999999999,0.7947075208913649,0.7385658853921537,0.9645390070921985,0.4885057471264368,0.6485455412494039,False,False
0.7999999999999999,0.7947075208913649,0.7385658853921537,0.9645390070921985,0.4885057471264368,0.6485455412494039,False,False
0.8009999999999999,0.7944289693593315,0.738206689989855,0.9644886363636364,0.48778735632183906,0.6479007633587787,False,False
0.8019999999999999,0.7949860724233984,0.7386616490435401,0.9672364672364673,0.48778735632183906,0.6485195797516714,False,False
0.8029999999999999,0.7949860724233984,0.7385299331680838,0.9685714285714285,0.4870689655172414,0.6481835564053537,False,False
0.8039999999999999,0.7949860724233984,0.7385299331680838,0.9685714285714285,0.4870689655172414,0.6481835564053537,False,False
0.8049999999999999,0.7949860724233984,0.7385299331680838,0.9685714285714285,0.4870689655172414,0.6481835564053537,False,False
0.8059999999999999,0.7947075208913649,0.738170737765785,0.9685264663805436,0.4863505747126437,0.6475370636059302,False,False
0.8069999999999999,0.7947075208913649,0.738170737765785,0.9685264663805436,0.4863505747126437,0.6475370636059302,False,False
0.8079999999999999,0.7944289693593315,0.7376798264880299,0.9698275862068966,0.4849137931034483,0.646551724137931,False,False
0.8089999999999999,0.794150417827298,0.737320631085731,0.9697841726618706,0.48419540229885055,0.6459032103497844,False,False
0.8099999999999999,0.7935933147632313,0.7366022402811333,0.9696969696969697,0.4827586206896552,0.6446043165467625,False,False
0.8109999999999999,0.7935933147632313,0.7366022402811333,0.9696969696969697,0.4827586206896552,0.6446043165467625,False,False
0.8119999999999999,0.7927576601671309,0.7355246540742367,0.9695652173913043,0.48060344827586204,0.6426512968299711,False,False
0.813,0.7927576601671309,0.7353929381987805,0.9709302325581395,0.47988505747126436,0.6423076923076924,False,False
0.814,0.7924791086350975,0.7350337427964817,0.9708879184861717,0.4791666666666667,0.6416546416546417,False,False
0.815,0.7919220055710307,0.7343153519918839,0.9708029197080292,0.47772988505747127,0.640346653827636,False,False
0.816,0.7916434540389972,0.7338244407141288,0.9721407624633431,0.47629310344827586,0.639344262295082,False,False
0.817,0.7916434540389972,0.7338244407141288,0.9721407624633431,0.47629310344827586,0.639344262295082,False,False
0.8179999999999998,0.7913649025069638,0.73346524531183,0.9720998531571219,0.4755747126436782,0.6386878919440424,False,False
0.8189999999999998,0.7910863509749304,0.7331060499095311,0.9720588235294118,0.47485632183908044,0.638030888030888,False,False
0.8199999999999998,0.7905292479108635,0.7323876591049334,0.971976401179941,0.4734195402298851,0.6367149758454106,False,False
0.8209999999999998,0.79025069637883,0.7320284637026345,0.9719350073855244,0.47270114942528735,0.6360560657322378,False,False
0.8219999999999998,0.7891364902506964,0.7305916820934392,0.9717682020802377,0.4698275862068966,0.6334140435835351,False,False
0.8229999999999998,0.7891364902506964,0.7305916820934392,0.9717682020802377,0.4698275862068966,0.6334140435835351,False,False
0.8239999999999998,0.7888579387186629,0.7302324866911403,0.9717261904761905,0.46910919540229884,0.6327519379844961,False,False
0.8249999999999998,0.7888579387186629,0.7302324866911403,0.9717261904761905,0.46910919540229884,0.6327519379844961,False,False
0.8259999999999998,0.7888579387186629,0.7302324866911403,0.9717261904761905,0.46910919540229884,0.6327519379844961,False,False
0.8269999999999998,0.7880222841225627,0.7291549004842437,0.9715994020926756,0.46695402298850575,0.6307617661329452,False,False
0.8279999999999998,0.7880222841225627,0.7291549004842437,0.9715994020926756,0.46695402298850575,0.6307617661329452,False,False
0.8289999999999998,0.7877437325905292,0.7287957050819449,0.9715568862275449,0.46623563218390807,0.6300970873786408,False,False
0.8299999999999998,0.7871866295264623,0.7280773142773472,0.9714714714714715,0.46479885057471265,0.6287657920310982,False,False
0.8309999999999998,0.7871866295264623,0.7280773142773472,0.9714714714714715,0.46479885057471265,0.6287657920310982,False,False
0.8319999999999999,0.786908077994429,0.7277181188750483,0.9714285714285714,0.4640804597701149,0.628099173553719,False,False
0.8329999999999999,0.7863509749303621,0.7269997280704507,0.971342383107089,0.46264367816091956,0.6267639902676398,False,False
0.8339999999999999,0.7857938718662952,0.726281337265853,0.9712556732223904,0.46120689655172414,0.6254262055528494,False,False
0.8349999999999999,0.7857938718662952,0.7261496213903967,0.9726858877086495,0.46048850574712646,0.6250609458800586,False,False
0.8359999999999999,0.7855153203342619,0.7257904259880978,0.9726443768996961,0.45977011494252873,0.624390243902439,False,False
0.8369999999999999,0.7855153203342619,0.7257904259880978,0.9726443768996961,0.45977011494252873,0.624390243902439,False,False
0.8379999999999999,0.7857938718662952,0.7260179055149405,0.974124809741248,0.45977011494252873,0.6246949731576379,False,False
0.8389999999999999,0.7852367688022284,0.7252995147103427,0.9740458015267176,0.4583333333333333,0.6233512457254519,False,False
0.8399999999999999,0.784958217270195,0.7249403193080439,0.9740061162079511,0.45761494252873564,0.6226783968719453,False,False
0.8409999999999999,0.784958217270195,0.7249403193080439,0.9740061162079511,0.45761494252873564,0.6226783968719453,False,False
0.8419999999999999,0.784958217270195,0.7249403193080439,0.9740061162079511,0.45761494252873564,0.6226783968719453,False,False
0.8429999999999999,0.784958217270195,0.7248086034325877,0.9754601226993865,0.45689655172413796,0.6223091976516634,False,False
0.8439999999999999,0.7846796657381616,0.7244494080302888,0.9754224270353302,0.4561781609195402,0.6216348507097406,False,False
0.8449999999999999,0.7846796657381616,0.7244494080302888,0.9754224270353302,0.4561781609195402,0.6216348507097406,False,False
0.8459999999999999,0.7846796657381616,0.7244494080302888,0.9754224270353302,0.4561781609195402,0.6216348507097406,False,False
0.8469999999999999,0.784958217270195,0.7246768875571313,0.9769230769230769,0.4561781609195402,0.6219392752203722,False,False
0.8479999999999999,0.784958217270195,0.7246768875571313,0.9769230769230769,0.4561781609195402,0.6219392752203722,False,False
0.8489999999999999,0.7852367688022284,0.7249043670839739,0.9784283513097073,0.4561781609195402,0.6222439980401764,False,False
0.8499999999999999,0.7846796657381616,0.7241859762793762,0.9783616692426584,0.4547413793103448,0.620892594409024,False,False
0.8509999999999999,0.7844011142061281,0.7238267808770774,0.978328173374613,0.4540229885057471,0.620215897939156,False,False
0.8519999999999999,0.7844011142061281,0.7238267808770774,0.978328173374613,0.4540229885057471,0.620215897939156,False,False
0.8529999999999999,0.7841225626740947,0.7234675854747785,0.9782945736434109,0.45330459770114945,0.6195385370643103,False,False
0.8539999999999999,0.7841225626740947,0.7234675854747785,0.9782945736434109,0.45330459770114945,0.6195385370643103,False,False
0.8549999999999999,0.7841225626740947,0.7234675854747785,0.9782945736434109,0.45330459770114945,0.6195385370643103,False,False
0.8559999999999999,0.7832869080779944,0.7223899992678819,0.9781931464174455,0.4511494252873563,0.6175024582104228,False,False
0.8569999999999999,0.7821727019498608,0.7209532176586866,0.9780564263322884,0.4482758620689655,0.6147783251231527,False,False
0.8579999999999999,0.7818941504178273,0.7205940222563877,0.978021978021978,0.4475574712643678,0.61409561360276,False,False
0.8589999999999999,0.7818941504178273,0.7205940222563877,0.978021978021978,0.4475574712643678,0.61409561360276,False,False
0.8599999999999999,0.7818941504178273,0.7205940222563877,0.978021978021978,0.4475574712643678,0.61409561360276,False,False
0.8609999999999999,0.7821727019498608,0.7208215017832303,0.9795597484276729,0.4475574712643678,0.6143984220907298,False,False
0.8619999999999999,0.7821727019498608,0.7208215017832303,0.9795597484276729,0.4475574712643678,0.6143984220907298,False,False
0.8629999999999999,0.7816155988857939,0.7201031109786327,0.9794952681388013,0.44612068965517243,0.6130306021717671,False,False
0.8639999999999999,0.7813370473537604,0.7197439155763338,0.9794628751974723,0.4454022988505747,0.6123456790123457,False,False
0.8649999999999999,0.7813370473537604,0.7197439155763338,0.9794628751974723,0.4454022988505747,0.6123456790123457,False,False
0.8659999999999999,0.7813370473537604,0.7197439155763338,0.9794628751974723,0.4454022988505747,0.6123456790123457,False,False
0.8669999999999999,0.7807799442896936,0.7190255247717361,0.9793977812995246,0.44396551724137934,0.6109738012852199,False,False
0.8679999999999999,0.7807799442896936,0.7190255247717361,0.9793977812995246,0.44396551724137934,0.6109738012852199,False,False
0.8689999999999999,0.7807799442896936,0.7190255247717361,0.9793977812995246,0.44396551724137934,0.6109738012852199,False,False
0.8699999999999999,0.7805013927576602,0.7186663293694372,0.9793650793650793,0.4432471264367816,0.6102868447082097,False,False
0.8709999999999999,0.7802228412256268,0.7183071339671384,0.9793322734499205,0.4425287356321839,0.6095992083127165,False,False
0.8719999999999999,0.7796657381615599,0.7175887431625407,0.9792663476874003,0.4410919540229885,0.6082218920257553,False,False
0.8729999999999999,0.7796657381615599,0.7175887431625407,0.9792663476874003,0.4410919540229885,0.6082218920257553,False,False
0.8739999999999999,0.7791086350974931,0.7167386364824867,0.9807383627608347,0.4389367816091954,0.6064516129032258,False,False
0.8749999999999999,0.7788300835654596,0.7163794410801878,0.9807073954983923,0.4382183908045977,0.605759682224429,False,False
0.8759999999999999,0.7785515320334262,0.716020245677889,0.9806763285024155,0.4375,0.6050670640834576,False,False
0.8769999999999999,0.7785515320334262,0.716020245677889,0.9806763285024155,0.4375,0.6050670640834576,False,False
0.8779999999999999,0.7779944289693593,0.7153018548732912,0.9806138933764136,0.4360632183908046,0.6036797613127797,False,False
0.8789999999999999,0.7774373259052925,0.7145834640686936,0.9805510534846029,0.43462643678160917,0.6022896963663514,False,False
0.8799999999999999,0.7763231197771587,0.7131466824594982,0.9804241435562806,0.4317528735632184,0.599501246882793,False,False
0.8809999999999999,0.775766016713092,0.7124282916549005,0.9803600654664485,0.430316091954023,0.5981028457314029,False,False
0.8819999999999999,0.7754874651810585,0.7119373803771454,0.9819078947368421,0.42887931034482757,0.597,False,False
0.8829999999999999,0.7754874651810585,0.7118056645016891,0.9834983498349835,0.4281609195402299,0.5965965965965966,False,False
0.8839999999999999,0.7752089136490251,0.7114464690993902,0.9834710743801653,0.4274425287356322,0.5958938407611417,False,False
0.8849999999999999,0.7746518105849582,0.7107280782947926,0.9834162520729685,0.4260057471264368,0.5944862155388471,False,False
0.8859999999999999,0.7735376044568245,0.7092912966855971,0.9833055091819699,0.42313218390804597,0.5916624811652436,False,False
0.8869999999999999,0.7729805013927576,0.7085729058809994,0.983249581239531,0.42169540229885055,0.5902463549522373,False,False
0.8879999999999999,0.7721448467966574,0.707495319674103,0.9831649831649831,0.41954022988505746,0.5881168177240684,False,False
0.8889999999999999,0.7715877437325905,0.7067769288695052,0.9831081081081081,0.41810344827586204,0.5866935483870968,False,False
0.8899999999999999,0.7715877437325905,0.7067769288695052,0.9831081081081081,0.41810344827586204,0.5866935483870968,False,False
0.8909999999999999,0.771309192200557,0.7064177334672064,0.9830795262267343,0.41738505747126436,0.5859808371154815,False,False
0.8919999999999999,0.7710306406685237,0.7060585380649075,0.9830508474576272,0.4166666666666667,0.5852674066599395,False,False
0.8929999999999999,0.7701949860724234,0.7049809518580109,0.9829642248722317,0.41451149425287354,0.5831227892875189,False,False
0.8939999999999999,0.7701949860724234,0.7048492359825547,0.9846153846153847,0.41379310344827586,0.582701062215478,False,False
0.8949999999999999,0.7696378830083566,0.704130845177957,0.9845626072041166,0.41235632183908044,0.5812658227848101,False,False
0.8959999999999999,0.7693593314763231,0.7037716497756581,0.9845360824742269,0.41163793103448276,0.5805471124620061,False,False
0.8969999999999999,0.7690807799442897,0.7034124543733593,0.9845094664371773,0.4109195402298851,0.5798276735935124,False,False
0.8979999999999999,0.767966573816156,0.701975672764164,0.9844020797227037,0.40804597701149425,0.5769426104621636,False,False
0.8989999999999999,0.767966573816156,0.701975672764164,0.9844020797227037,0.40804597701149425,0.5769426104621636,False,False
0.8999999999999999,0.7676880222841226,0.701616477361865,0.984375,0.4073275862068966,0.5762195121951219,False,False
0.9009999999999999,0.7676880222841226,0.7014847614864087,0.9860627177700348,0.40660919540229884,0.5757884028484231,False,False
0.9019999999999999,0.7674094707520891,0.7011255660841099,0.9860383944153578,0.40589080459770116,0.5750636132315522,False,False
0.9029999999999999,0.7674094707520891,0.7011255660841099,0.9860383944153578,0.40589080459770116,0.5750636132315522,False,False
0.9039999999999999,0.7668523676880222,0.7004071752795122,0.9859894921190894,0.40445402298850575,0.5736118186449313,False,False
0.9049999999999999,0.7654596100278551,0.6986111982680179,0.9858657243816255,0.40086206896551724,0.5699693564862104,False,False
0.9059999999999999,0.7651810584958217,0.6982520028657191,0.9858407079646018,0.40014367816091956,0.569238630556975,False,False
0.9069999999999999,0.7646239554317549,0.6975336120611214,0.9857904085257548,0.39870689655172414,0.5677749360613811,False,False
0.9079999999999999,0.764066852367688,0.6968152212565237,0.9857397504456328,0.39727011494252873,0.5663082437275986,False,False
0.9089999999999999,0.7637883008356546,0.6964560258542248,0.9857142857142858,0.39655172413793105,0.5655737704918032,False,False
0.9099999999999999,0.7632311977715878,0.6957376350496272,0.985663082437276,0.39511494252873564,0.5641025641025641,False,False
0.9109999999999999,0.7626740947075209,0.6950192442450294,0.9856115107913669,0.3936781609195402,0.5626283367556468,False,False
0.9119999999999999,0.762116991643454,0.6943008534404317,0.9855595667870036,0.3922413793103448,0.5611510791366906,False,False
0.9129999999999999,0.7618384401114207,0.6939416580381329,0.9855334538878843,0.3915229885057471,0.5604113110539846,False,False
0.9139999999999999,0.7618384401114207,0.6938099421626767,0.9872958257713249,0.39080459770114945,0.5599588265568708,False,False
0.9149999999999999,0.7610027855153203,0.6927323559557801,0.9872262773722628,0.3886494252873563,0.5577319587628866,False,False
0.9159999999999999,0.7601671309192201,0.6916547697488835,0.9871559633027523,0.3864942528735632,0.5554981930820857,False,False
0.9169999999999999,0.7596100278551532,0.6909363789442858,0.9871086556169429,0.3850574712643678,0.5540051679586563,False,False
0.9179999999999999,0.758774373259053,0.6898587927373893,0.987037037037037,0.3829022988505747,0.55175983436853,False,False
0.9189999999999999,0.7576601671309192,0.6884220111281939,0.9869402985074627,0.3800287356321839,0.5487551867219918,False,False
0.9199999999999999,0.756824512534819,0.6873444249212973,0.9868667917448405,0.37787356321839083,0.5464935064935065,False,False
0.9209999999999998,0.7559888579387186,0.6862668387144008,0.9867924528301887,0.3757183908045977,0.5442247658688866,False,False
0.9219999999999998,0.7551532033426184,0.6851892525075042,0.9867172675521821,0.3735632183908046,0.5419489317352788,False,False
0.9229999999999998,0.7545961002785515,0.6844708617029065,0.9866666666666667,0.37212643678160917,0.5404277516953573,False,False
0.9239999999999998,0.7534818941504178,0.6830340800937111,0.9865642994241842,0.3692528735632184,0.5373758494511239,False,False
0.9249999999999998,0.752924791086351,0.6823156892891133,0.9865125240847784,0.367816091954023,0.5358451072736787,False,False
0.9259999999999998,0.7520891364902507,0.6812381030822169,0.9864341085271318,0.3656609195402299,0.5335429769392034,False,False
0.9269999999999998,0.7515320334261838,0.6805197122776192,0.9863813229571985,0.3642241379310345,0.5320041972717734,False,False
0.9279999999999998,0.750974930362117,0.6798013214730214,0.986328125,0.36278735632183906,0.5304621848739496,False,False
0.9289999999999998,0.7501392757660167,0.6787237352661248,0.9862475442043221,0.36063218390804597,0.5281430825881115,False,False
0.9299999999999998,0.7493036211699164,0.6776461490592284,0.9861660079051383,0.3584770114942529,0.5258166491043204,False,False
0.9309999999999998,0.749025069637883,0.6772869536569295,0.9861386138613861,0.3577586206896552,0.5250395361096468,False,False
0.9319999999999998,0.7487465181058496,0.6769277582546307,0.9861111111111112,0.35704022988505746,0.5242616033755274,False,False
0.9329999999999998,0.7484679665738162,0.6765685628523318,0.9860834990059643,0.3563218390804598,0.5234828496042216,False,False
0.9339999999999998,0.7481894150417827,0.6762093674500329,0.9860557768924303,0.35560344827586204,0.5227032734952481,False,False
0.9349999999999998,0.747075208913649,0.6747725858408375,0.9859437751004017,0.35272988505747127,0.5195767195767196,False,False
0.9359999999999998,0.7456824512534819,0.6729766088293433,0.9858012170385395,0.34913793103448276,0.5156498673740053,False,False
0.9369999999999998,0.7448467966573816,0.6718990226224467,0.9857142857142858,0.34698275862068967,0.5132837407013815,False,False
0.9379999999999998,0.7442896935933148,0.671180631817849,0.985655737704918,0.34554597701149425,0.5117021276595745,False,False
0.9389999999999998,0.7437325905292479,0.6704622410132514,0.98559670781893,0.34410919540229884,0.5101171458998935,False,False
0.9399999999999998,0.743175487465181,0.6697438502086537,0.9855371900826446,0.3426724137931034,0.5085287846481876,False,False
0.9409999999999998,0.7426183844011142,0.6690254594040559,0.9854771784232366,0.34123563218390807,0.5069370330843116,False,False
0.9419999999999998,0.7417827298050139,0.6679478731971593,0.9853862212943633,0.3390804597701149,0.5045430251202565,False,False
0.9429999999999998,0.7420612813370474,0.668175352724002,0.9874476987447699,0.3390804597701149,0.5048128342245989,False,False
0.9439999999999998,0.7417827298050139,0.6678161573217032,0.9874213836477987,0.33836206896551724,0.5040128410914928,False,False
0.9449999999999998,0.741225626740947,0.6670977665171054,0.9873684210526316,0.3369252873563218,0.502410283877879,False,False
0.9459999999999998,0.741225626740947,0.6670977665171054,0.9873684210526316,0.3369252873563218,0.502410283877879,False,False
0.9469999999999998,0.7395543175487466,0.6649425941033124,0.9872068230277186,0.33261494252873564,0.49758194519075766,False,False
0.9479999999999998,0.7395543175487466,0.6649425941033124,0.9872068230277186,0.33261494252873564,0.49758194519075766,False,False
0.9489999999999998,0.7389972144846797,0.6642242032987147,0.987152034261242,0.3311781609195402,0.4959655728886498,False,False
0.95,0.7387186629526462,0.6636015761455032,0.9913419913419913,0.3290229885057471,0.49406688241639696,False,False
